"Step","Group: text1-vision0 - evaluation/blimp/anaphor_agreement","Group: text1-vision0 - evaluation/blimp/anaphor_agreement__MIN","Group: text1-vision0 - evaluation/blimp/anaphor_agreement__MAX","Group: text1-vision100 - evaluation/blimp/anaphor_agreement","Group: text1-vision100 - evaluation/blimp/anaphor_agreement__MIN","Group: text1-vision100 - evaluation/blimp/anaphor_agreement__MAX","Group: text1-vision10 - evaluation/blimp/anaphor_agreement","Group: text1-vision10 - evaluation/blimp/anaphor_agreement__MIN","Group: text1-vision10 - evaluation/blimp/anaphor_agreement__MAX","Group: text1-vision1 - evaluation/blimp/anaphor_agreement","Group: text1-vision1 - evaluation/blimp/anaphor_agreement__MIN","Group: text1-vision1 - evaluation/blimp/anaphor_agreement__MAX","Group: text10-vision1 - evaluation/blimp/anaphor_agreement","Group: text10-vision1 - evaluation/blimp/anaphor_agreement__MIN","Group: text10-vision1 - evaluation/blimp/anaphor_agreement__MAX","Group: text10-vision100 - evaluation/blimp/anaphor_agreement","Group: text10-vision100 - evaluation/blimp/anaphor_agreement__MIN","Group: text10-vision100 - evaluation/blimp/anaphor_agreement__MAX","Group: text10-vision10 - evaluation/blimp/anaphor_agreement","Group: text10-vision10 - evaluation/blimp/anaphor_agreement__MIN","Group: text10-vision10 - evaluation/blimp/anaphor_agreement__MAX","Group: text10-vision0 - evaluation/blimp/anaphor_agreement","Group: text10-vision0 - evaluation/blimp/anaphor_agreement__MIN","Group: text10-vision0 - evaluation/blimp/anaphor_agreement__MAX"
"130","36.579999923706055","30.110000610351562","43.04999923706055","33.59000015258789","33.59000015258789","33.59000015258789","44.16999816894531","44.16999816894531","44.16999816894531","54.810001373291016","54.810001373291016","54.810001373291016","41.5099983215332","41.5099983215332","41.5099983215332","","","","","","","","",""
"131","","","","","","","","","","","","","","","","33.279998779296875","33.279998779296875","33.279998779296875","33.380001068115234","33.380001068115234","33.380001068115234","32.11000061035156","32.11000061035156","32.11000061035156"
"327","29.425000190734863","29.399999618530273","29.450000762939453","","","","","","","","","","","","","","","","","","","","",""
"328","","","","","","","","","","","","","","","","","","","","","","29.450000762939453","29.450000762939453","29.450000762939453"
"332","","","","29.399999618530273","29.399999618530273","29.399999618530273","30.31999969482422","30.31999969482422","30.31999969482422","33.900001525878906","33.900001525878906","33.900001525878906","39.779998779296875","39.779998779296875","39.779998779296875","","","","","","","","",""
"333","","","","","","","","","","","","","","","","31.34000015258789","31.34000015258789","31.34000015258789","28.68000030517578","28.68000030517578","28.68000030517578","","",""
"459","31.34000015258789","27.610000610351562","35.06999969482422","","","","","","","","","","","","","","","","","","","","",""
"460","","","","","","","","","","","","","","","","","","","","","","35.58000183105469","35.58000183105469","35.58000183105469"
"469","","","","29.139999389648438","29.139999389648438","29.139999389648438","37.06999969482422","37.06999969482422","37.06999969482422","38.290000915527344","38.290000915527344","38.290000915527344","36.810001373291016","36.810001373291016","36.810001373291016","","","","","","","","",""
"470","","","","","","","","","","","","","","","","36.54999923706055","36.54999923706055","36.54999923706055","34.40999984741211","34.40999984741211","34.40999984741211","","",""
"656","32.260000228881836","29.139999389648438","35.380001068115234","","","","","","","","","","","","","","","","","","","","",""
"657","","","","","","","","","","","","","","","","","","","","","","35.33000183105469","35.33000183105469","35.33000183105469"
"671","","","","32.81999969482422","32.81999969482422","32.81999969482422","37.06999969482422","37.06999969482422","37.06999969482422","41.40999984741211","41.40999984741211","41.40999984741211","43.709999084472656","43.709999084472656","43.709999084472656","","","","","","","","",""
"672","","","","","","","","","","","","","","","","38.79999923706055","38.79999923706055","38.79999923706055","37.470001220703125","37.470001220703125","37.470001220703125","","",""
"788","40.23500061035156","32.310001373291016","48.15999984741211","","","","","","","","","","","","","","","","","","","","",""
"789","","","","","","","","","","","","","","","","","","","","","","45.959999084472656","45.959999084472656","45.959999084472656"
"808","","","","39.720001220703125","39.720001220703125","39.720001220703125","47.189998626708984","47.189998626708984","47.189998626708984","51.22999954223633","51.22999954223633","51.22999954223633","53.72999954223633","53.72999954223633","53.72999954223633","","","","","","","","",""
"809","","","","","","","","","","","","","","","","46.52000045776367","46.52000045776367","46.52000045776367","44.84000015258789","44.84000015258789","44.84000015258789","","",""
"985","42.510000228881836","37.779998779296875","47.2400016784668","","","","","","","","","","","","","","","","","","","","",""
"986","","","","","","","","","","","","","","","","","","","","","","46.779998779296875","46.779998779296875","46.779998779296875"
"1010","","","","51.279998779296875","51.279998779296875","51.279998779296875","48.2599983215332","48.2599983215332","48.2599983215332","51.18000030517578","51.18000030517578","51.18000030517578","60.88999938964844","60.88999938964844","60.88999938964844","","","","","","","","",""
"1011","","","","","","","","","","","","","","","","41.459999084472656","41.459999084472656","41.459999084472656","40.130001068115234","40.130001068115234","40.130001068115234","","",""
"1117","45.32499885559082","42.689998626708984","47.959999084472656","","","","","","","","","","","","","","","","","","","","",""
"1118","","","","","","","","","","","","","","","","","","","","","","47.959999084472656","47.959999084472656","47.959999084472656"
"1147","","","","45.54999923706055","45.54999923706055","45.54999923706055","62.119998931884766","62.119998931884766","62.119998931884766","55.27000045776367","55.27000045776367","55.27000045776367","70.44999694824219","70.44999694824219","70.44999694824219","","","","","","","","",""
"1148","","","","","","","","","","","","","","","","47.09000015258789","47.09000015258789","47.09000015258789","53.27000045776367","53.27000045776367","53.27000045776367","","",""
"1314","43.76500129699707","43.560001373291016","43.970001220703125","","","","","","","","","","","","","","","","","","","","",""
"1315","","","","","","","","","","","","","","","","","","","","","","47.959999084472656","47.959999084472656","47.959999084472656"
"1349","","","","55.31999969482422","55.31999969482422","55.31999969482422","56.2400016784668","56.2400016784668","56.2400016784668","62.31999969482422","62.31999969482422","62.31999969482422","61.810001373291016","61.810001373291016","61.810001373291016","","","","","","","","",""
"1350","","","","","","","","","","","","","","","","47.849998474121094","47.849998474121094","47.849998474121094","49.22999954223633","49.22999954223633","49.22999954223633","","",""
"1446","47.67499923706055","46.68000030517578","48.66999816894531","","","","","","","","","","","","","","","","","","","","",""
"1447","","","","","","","","","","","","","","","","","","","","","","44.9900016784668","44.9900016784668","44.9900016784668"
"1486","","","","49.22999954223633","49.22999954223633","49.22999954223633","52.400001525878906","52.400001525878906","52.400001525878906","64.56999969482422","64.56999969482422","64.56999969482422","56.650001525878906","56.650001525878906","56.650001525878906","","","","","","","","",""
"1487","","","","","","","","","","","","","","","","56.439998626708984","56.439998626708984","56.439998626708984","43.349998474121094","43.349998474121094","43.349998474121094","","",""
"1643","50.48500061035156","50.20000076293945","50.77000045776367","","","","","","","","","","","","","","","","","","","","",""
"1644","","","","","","","","","","","","","","","","","","","","","","47.34000015258789","47.34000015258789","47.34000015258789"
"1688","","","","43.400001525878906","43.400001525878906","43.400001525878906","51.22999954223633","51.22999954223633","51.22999954223633","51.43000030517578","51.43000030517578","51.43000030517578","66.41000366210938","66.41000366210938","66.41000366210938","","","","","","","","",""
"1689","","","","","","","","","","","","","","","","46.630001068115234","46.630001068115234","46.630001068115234","50.970001220703125","50.970001220703125","50.970001220703125","","",""
"1775","49.310001373291016","48.470001220703125","50.150001525878906","","","","","","","","","","","","","","","","","","","","",""
"1776","","","","","","","","","","","","","","","","","","","","","","50.65999984741211","50.65999984741211","50.65999984741211"
"1825","","","","51.119998931884766","51.119998931884766","51.119998931884766","54.400001525878906","54.400001525878906","54.400001525878906","55.93000030517578","55.93000030517578","55.93000030517578","58.790000915527344","58.790000915527344","58.790000915527344","","","","","","","","",""
"1826","","","","","","","","","","","","","","","","39.720001220703125","39.720001220703125","39.720001220703125","42.59000015258789","42.59000015258789","42.59000015258789","","",""
"1972","52.55999946594238","51.22999954223633","53.88999938964844","","","","","","","","","","","","","","","","","","","","",""
"1973","","","","","","","","","","","","","","","","","","","","","","59","59","59"
"2027","","","","56.900001525878906","56.900001525878906","56.900001525878906","58.18000030517578","58.18000030517578","58.18000030517578","63.09000015258789","63.09000015258789","63.09000015258789","66.97000122070312","66.97000122070312","66.97000122070312","","","","","","","","",""
"2028","","","","","","","","","","","","","","","","50.65999984741211","50.65999984741211","50.65999984741211","47.34000015258789","47.34000015258789","47.34000015258789","","",""
"2104","56.619998931884766","55.369998931884766","57.869998931884766","","","","","","","","","","","","","","","","","","","","",""
"2105","","","","","","","","","","","","","","","","","","","","","","61.810001373291016","61.810001373291016","61.810001373291016"
"2164","","","","58.63999938964844","58.63999938964844","58.63999938964844","63.09000015258789","63.09000015258789","63.09000015258789","59.5099983215332","59.5099983215332","59.5099983215332","71.7300033569336","71.7300033569336","71.7300033569336","","","","","","","","",""
"2165","","","","","","","","","","","","","","","","51.22999954223633","51.22999954223633","51.22999954223633","51.7400016784668","51.7400016784668","51.7400016784668","","",""
"2301","58.459999084472656","55.209999084472656","61.709999084472656","","","","","","","","","","","","","","","","","","","","",""
"2302","","","","","","","","","","","","","","","","","","","","","","63.90999984741211","63.90999984741211","63.90999984741211"
"2366","","","","58.689998626708984","58.689998626708984","58.689998626708984","66.51000213623047","66.51000213623047","66.51000213623047","62.31999969482422","62.31999969482422","62.31999969482422","76.43000030517578","76.43000030517578","76.43000030517578","","","","","","","","",""
"2367","","","","","","","","","","","","","","","","59.150001525878906","59.150001525878906","59.150001525878906","59.869998931884766","59.869998931884766","59.869998931884766","","",""
"2433","61.09499931335449","60.529998779296875","61.65999984741211","","","","","","","","","","","","","","","","","","","","",""
"2434","","","","","","","","","","","","","","","","","","","","","","64.30999755859375","64.30999755859375","64.30999755859375"
"2503","","","","65.75","65.75","65.75","67.94000244140625","67.94000244140625","67.94000244140625","62.41999816894531","62.41999816894531","62.41999816894531","76.12000274658203","76.12000274658203","76.12000274658203","","","","","","","","",""
"2504","","","","","","","","","","","","","","","","54.13999938964844","54.13999938964844","54.13999938964844","52.65999984741211","52.65999984741211","52.65999984741211","","",""
"2630","67.05000305175781","64.9800033569336","69.12000274658203","","","","","","","","","","","","","","","","","","","","",""
"2631","","","","","","","","","","","","","","","","","","","","","","69.22000122070312","69.22000122070312","69.22000122070312"
"2705","","","","63.45000076293945","63.45000076293945","63.45000076293945","74.58999633789062","74.58999633789062","74.58999633789062","62.31999969482422","62.31999969482422","62.31999969482422","83.79000091552734","83.79000091552734","83.79000091552734","","","","","","","","",""
"2706","","","","","","","","","","","","","","","","59.970001220703125","59.970001220703125","59.970001220703125","64.30999755859375","64.30999755859375","64.30999755859375","","",""
"2762","71.06000137329102","69.7300033569336","72.38999938964844","","","","","","","","","","","","","","","","","","","","",""
"2763","","","","","","","","","","","","","","","","","","","","","","72.75","72.75","72.75"
"2842","","","","64.20999908447266","64.20999908447266","64.20999908447266","74.9000015258789","74.9000015258789","74.9000015258789","71.05999755859375","71.05999755859375","71.05999755859375","85.94000244140625","85.94000244140625","85.94000244140625","","","","","","","","",""
"2843","","","","","","","","","","","","","","","","62.72999954223633","62.72999954223633","62.72999954223633","59.709999084472656","59.709999084472656","59.709999084472656","","",""
"2959","70.3499984741211","69.06999969482422","71.62999725341797","","","","","","","","","","","","","","","","","","","","",""
"2960","","","","","","","","","","","","","","","","","","","","","","77.1500015258789","77.1500015258789","77.1500015258789"
"3044","","","","69.58000183105469","69.58000183105469","69.58000183105469","76.69000244140625","76.69000244140625","76.69000244140625","72.55000305175781","72.55000305175781","72.55000305175781","86.25","86.25","86.25","","","","","","","","",""
"3045","","","","","","","","","","","","","","","","62.93000030517578","62.93000030517578","62.93000030517578","66.62000274658203","66.62000274658203","66.62000274658203","","",""
"3091","74.4900016784668","73.62000274658203","75.36000061035156","","","","","","","","","","","","","","","","","","","","",""
"3092","","","","","","","","","","","","","","","","","","","","","","79.6500015258789","79.6500015258789","79.6500015258789"
"3181","","","","67.37999725341797","67.37999725341797","67.37999725341797","79.13999938964844","79.13999938964844","79.13999938964844","77.51000213623047","77.51000213623047","77.51000213623047","83.48999786376953","83.48999786376953","83.48999786376953","","","","","","","","",""
"3182","","","","","","","","","","","","","","","","68.3499984741211","68.3499984741211","68.3499984741211","70.6500015258789","70.6500015258789","70.6500015258789","","",""
"3288","76.58499908447266","74.73999786376953","78.43000030517578","","","","","","","","","","","","","","","","","","","","",""
"3289","","","","","","","","","","","","","","","","","","","","","","79.6500015258789","79.6500015258789","79.6500015258789"
"3383","","","","73.66999816894531","73.66999816894531","73.66999816894531","83.94999694824219","83.94999694824219","83.94999694824219","68.19999694824219","68.19999694824219","68.19999694824219","89.87999725341797","89.87999725341797","89.87999725341797","","","","","","","","",""
"3384","","","","","","","","","","","","","","","","67.2300033569336","67.2300033569336","67.2300033569336","73.56999969482422","73.56999969482422","73.56999969482422","","",""
"3420","80.1150016784668","77.25","82.9800033569336","","","","","","","","","","","","","","","","","","","","",""
"3421","","","","","","","","","","","","","","","","","","","","","","79.5","79.5","79.5"
"3520","","","","71.7300033569336","71.7300033569336","71.7300033569336","78.98999786376953","78.98999786376953","78.98999786376953","81.80000305175781","81.80000305175781","81.80000305175781","92.73999786376953","92.73999786376953","92.73999786376953","","","","","","","","",""
"3521","","","","","","","","","","","","","","","","70.25","70.25","70.25","66.20999908447266","66.20999908447266","66.20999908447266","","",""
"3617","76.20499801635742","72.13999938964844","80.2699966430664","","","","","","","","","","","","","","","","","","","","",""
"3618","","","","","","","","","","","","","","","","","","","","","","83.73999786376953","83.73999786376953","83.73999786376953"
"3722","","","","78.4800033569336","78.4800033569336","78.4800033569336","84.05000305175781","84.05000305175781","84.05000305175781","76.12000274658203","76.12000274658203","76.12000274658203","91.7699966430664","91.7699966430664","91.7699966430664","","","","","","","","",""
"3723","","","","","","","","","","","","","","","","75.72000122070312","75.72000122070312","75.72000122070312","72.5999984741211","72.5999984741211","72.5999984741211","","",""
"3749","78.5","76.0199966430664","80.9800033569336","","","","","","","","","","","","","","","","","","","","",""
"3750","","","","","","","","","","","","","","","","","","","","","","87.58000183105469","87.58000183105469","87.58000183105469"
"3859","","","","76.98999786376953","76.98999786376953","76.98999786376953","80.87999725341797","80.87999725341797","80.87999725341797","81.69999694824219","81.69999694824219","81.69999694824219","92.83999633789062","92.83999633789062","92.83999633789062","","","","","","","","",""
"3860","","","","","","","","","","","","","","","","69.58000183105469","69.58000183105469","69.58000183105469","71.68000030517578","71.68000030517578","71.68000030517578","","",""
"3946","81.08500289916992","80.01000213623047","82.16000366210938","","","","","","","","","","","","","","","","","","","","",""
"3947","","","","","","","","","","","","","","","","","","","","","","90.63999938964844","90.63999938964844","90.63999938964844"
"4061","","","","78.16999816894531","78.16999816894531","78.16999816894531","81.33999633789062","81.33999633789062","81.33999633789062","78.88999938964844","78.88999938964844","78.88999938964844","90.48999786376953","90.48999786376953","90.48999786376953","","","","","","","","",""
"4062","","","","","","","","","","","","","","","","72.08999633789062","72.08999633789062","72.08999633789062","71.7300033569336","71.7300033569336","71.7300033569336","","",""
"4078","77.47500228881836","75.66000366210938","79.29000091552734","","","","","","","","","","","","","","","","","","","","",""
"4079","","","","","","","","","","","","","","","","","","","","","","90.29000091552734","90.29000091552734","90.29000091552734"
"4198","","","","78.43000030517578","78.43000030517578","78.43000030517578","82.20999908447266","82.20999908447266","82.20999908447266","79.3499984741211","79.3499984741211","79.3499984741211","89.83000183105469","89.83000183105469","89.83000183105469","","","","","","","","",""
"4199","","","","","","","","","","","","","","","","83.37999725341797","83.37999725341797","83.37999725341797","81.48999786376953","81.48999786376953","81.48999786376953","","",""
"4275","78.09500122070312","76.69000244140625","79.5","","","","","","","","","","","","","","","","","","","","",""
"4276","","","","","","","","","","","","","","","","","","","","","","91.05000305175781","91.05000305175781","91.05000305175781"
"4400","","","","77.4000015258789","77.4000015258789","77.4000015258789","81.08000183105469","81.08000183105469","81.08000183105469","76.52999877929688","76.52999877929688","76.52999877929688","90.38999938964844","90.38999938964844","90.38999938964844","","","","","","","","",""
"4401","","","","","","","","","","","","","","","","76.4800033569336","76.4800033569336","76.4800033569336","71.41999816894531","71.41999816894531","71.41999816894531","","",""
"4407","78.93500137329102","75.05000305175781","82.81999969482422","","","","","","","","","","","","","","","","","","","","",""
"4408","","","","","","","","","","","","","","","","","","","","","","86.61000061035156","86.61000061035156","86.61000061035156"
"4537","","","","81.48999786376953","81.48999786376953","81.48999786376953","84","84","84","","","","90.8499984741211","90.8499984741211","90.8499984741211","","","","","","","","",""
"4538","","","","","","","","","","","","","","","","76.33000183105469","76.33000183105469","76.33000183105469","78.83000183105469","78.83000183105469","78.83000183105469","","",""
"4604","76.27999877929688","75.72000122070312","76.83999633789062","","","","","","","","","","","","","","","","","","","","",""
"4605","","","","","","","","","","","","","","","","","","","","","","92.27999877929688","92.27999877929688","92.27999877929688"
"4668","","","","","","","","","","80.31999969482422","80.31999969482422","80.31999969482422","","","","","","","","","","","",""
"4736","74.84500122070312","74.63999938964844","75.05000305175781","","","","","","","","","","","","","","","","","","","","",""
"4737","","","","","","","","","","","","","","","","","","","","","","92.54000091552734","92.54000091552734","92.54000091552734"
"4739","","","","80.05999755859375","80.05999755859375","80.05999755859375","86.44999694824219","86.44999694824219","86.44999694824219","","","","92.27999877929688","92.27999877929688","92.27999877929688","","","","","","","","",""
"4740","","","","","","","","","","","","","","","","78.88999938964844","78.88999938964844","78.88999938964844","82.45999908447266","82.45999908447266","82.45999908447266","","",""
"4870","","","","","","","","","","81.48999786376953","81.48999786376953","81.48999786376953","","","","","","","","","","","",""
"4876","","","","78.37000274658203","78.37000274658203","78.37000274658203","82.05999755859375","82.05999755859375","82.05999755859375","","","","94.12000274658203","94.12000274658203","94.12000274658203","","","","","","","","",""
"4877","","","","","","","","","","","","","","","","79.19000244140625","79.19000244140625","79.19000244140625","85.79000091552734","85.79000091552734","85.79000091552734","","",""
"4933","77.40499877929688","76.73999786376953","78.06999969482422","","","","","","","","","","","","","","","","","","","","",""
"4934","","","","","","","","","","","","","","","","","","","","","","92.73999786376953","92.73999786376953","92.73999786376953"
"5007","","","","","","","","","","79.95999908447266","79.95999908447266","79.95999908447266","","","","","","","","","","","",""
"5065","75.04999923706055","70.3499984741211","79.75","","","","","","","","","","","","","","","","","","","","",""
"5066","","","","","","","","","","","","","","","","","","","","","","94.52999877929688","94.52999877929688","94.52999877929688"
"5078","","","","76.88999938964844","76.88999938964844","76.88999938964844","71.16999816894531","71.16999816894531","71.16999816894531","","","","91.26000213623047","91.26000213623047","91.26000213623047","","","","","","","","",""
"5079","","","","","","","","","","","","","","","","81.12999725341797","81.12999725341797","81.12999725341797","85.58000183105469","85.58000183105469","85.58000183105469","","",""
"5209","","","","","","","","","","82.81999969482422","82.81999969482422","82.81999969482422","","","","","","","","","","","",""
"5215","","","","81.6500015258789","81.6500015258789","81.6500015258789","77.1500015258789","77.1500015258789","77.1500015258789","","","","91.20999908447266","91.20999908447266","91.20999908447266","","","","","","","","",""
"5216","","","","","","","","","","","","","","","","84.91999816894531","84.91999816894531","84.91999816894531","80.01000213623047","80.01000213623047","80.01000213623047","","",""
"5262","71.09000015258789","66.36000061035156","75.81999969482422","","","","","","","","","","","","","","","","","","","","",""
"5263","","","","","","","","","","","","","","","","","","","","","","92.83999633789062","92.83999633789062","92.83999633789062"
"5264","66.36000061035156","66.36000061035156","66.36000061035156","","","","","","","","","","","","","","","","","","","","",""
"5346","","","","","","","","","","80.16000366210938","80.16000366210938","80.16000366210938","","","","","","","","","","","",""
"5394","78.22000122070312","78.22000122070312","78.22000122070312","","","","","","","","","","","","","","","","","","","","",""
"5395","","","","","","","","","","","","","","","","","","","","","","93","93","93"
"5417","","","","83.83999633789062","83.83999633789062","83.83999633789062","80.37000274658203","80.37000274658203","80.37000274658203","","","","93.97000122070312","93.97000122070312","93.97000122070312","","","","","","","","",""
"5418","","","","","","","","","","","","","","","","86.3499984741211","86.3499984741211","86.3499984741211","84","84","84","","",""
"5548","","","","","","","","","","83.37999725341797","83.37999725341797","83.37999725341797","","","","","","","","","","","",""
"5554","","","","81.33999633789062","81.33999633789062","81.33999633789062","82.20999908447266","82.20999908447266","82.20999908447266","","","","94.83999633789062","94.83999633789062","94.83999633789062","","","","","","","","",""
"5555","","","","","","","","","","","","","","","","88.5","88.5","88.5","83.73999786376953","83.73999786376953","83.73999786376953","","",""
"5592","","","","","","","","","","","","","","","","","","","","","","94.7300033569336","94.7300033569336","94.7300033569336"
"5685","","","","","","","","","","79.95999908447266","79.95999908447266","79.95999908447266","","","","","","","","","","","",""
"5724","","","","","","","","","","","","","","","","","","","","","","92.63999938964844","92.63999938964844","92.63999938964844"
"5756","","","","76.37999725341797","76.37999725341797","76.37999725341797","82.62000274658203","82.62000274658203","82.62000274658203","","","","93.76000213623047","93.76000213623047","93.76000213623047","","","","","","","","",""
"5757","","","","","","","","","","","","","","","","84.55999755859375","84.55999755859375","84.55999755859375","81.6500015258789","81.6500015258789","81.6500015258789","","",""
"5887","","","","","","","","","","79.95999908447266","79.95999908447266","79.95999908447266","","","","","","","","","","","",""
"5893","","","","79.80999755859375","79.80999755859375","79.80999755859375","83.18000030517578","83.18000030517578","83.18000030517578","","","","94.43000030517578","94.43000030517578","94.43000030517578","","","","","","","","",""
"5894","","","","","","","","","","","","","","","","87.37000274658203","87.37000274658203","87.37000274658203","87.2699966430664","87.2699966430664","87.2699966430664","","",""
"5921","","","","","","","","","","","","","","","","","","","","","","92.2300033569336","92.2300033569336","92.2300033569336"
"6024","","","","","","","","","","78.58000183105469","78.58000183105469","78.58000183105469","","","","","","","","","","","",""
"6053","","","","","","","","","","","","","","","","","","","","","","94.52999877929688","94.52999877929688","94.52999877929688"
"6095","","","","82.11000061035156","82.11000061035156","82.11000061035156","82.41000366210938","82.41000366210938","82.41000366210938","","","","93.97000122070312","93.97000122070312","93.97000122070312","","","","","","","","",""
"6096","","","","","","","","","","","","","","","","84.05000305175781","84.05000305175781","84.05000305175781","87.12000274658203","87.12000274658203","87.12000274658203","","",""
"6226","","","","","","","","","","83.79000091552734","83.79000091552734","83.79000091552734","","","","","","","","","","","",""
"6232","","","","79.91000366210938","79.91000366210938","79.91000366210938","81.02999877929688","81.02999877929688","81.02999877929688","","","","","","","","","","","","","","",""
"6233","","","","","","","","","","","","","94.4800033569336","94.4800033569336","94.4800033569336","85.83999633789062","85.83999633789062","85.83999633789062","84.05000305175781","84.05000305175781","84.05000305175781","","",""
"6250","","","","","","","","","","","","","","","","","","","","","","95.04000091552734","95.04000091552734","95.04000091552734"
"6363","","","","","","","","","","84.25","84.25","84.25","","","","","","","","","","","",""
"6382","","","","","","","","","","","","","","","","","","","","","","95.04000091552734","95.04000091552734","95.04000091552734"
"6434","","","","75.97000122070312","75.97000122070312","75.97000122070312","83.63999938964844","83.63999938964844","83.63999938964844","","","","","","","","","","","","","","",""
"6435","","","","","","","","","","","","","95.4000015258789","95.4000015258789","95.4000015258789","86.5","86.5","86.5","89.01000213623047","89.01000213623047","89.01000213623047","","",""
"6565","","","","","","","","","","82.5199966430664","82.5199966430664","82.5199966430664","","","","","","","","","","","",""
"6571","","","","82.05999755859375","82.05999755859375","82.05999755859375","80.66999816894531","80.66999816894531","80.66999816894531","","","","","","","","","","","","","","",""
"6572","","","","","","","","","","","","","94.16999816894531","94.16999816894531","94.16999816894531","87.16999816894531","87.16999816894531","87.16999816894531","88.33999633789062","88.33999633789062","88.33999633789062","","",""
"6579","","","","","","","","","","","","","","","","","","","","","","95.30000305175781","95.30000305175781","95.30000305175781"
"6702","","","","","","","","","","85.4800033569336","85.4800033569336","85.4800033569336","","","","","","","","","","","",""
"6711","","","","","","","","","","","","","","","","","","","","","","93.70999908447266","93.70999908447266","93.70999908447266"
"6773","","","","76.0199966430664","76.0199966430664","76.0199966430664","82.5199966430664","82.5199966430664","82.5199966430664","","","","","","","","","","","","","","",""
"6774","","","","","","","","","","","","","93.80999755859375","93.80999755859375","93.80999755859375","90.12999725341797","90.12999725341797","90.12999725341797","88.19000244140625","88.19000244140625","88.19000244140625","","",""
"6904","","","","","","","","","","86.91000366210938","86.91000366210938","86.91000366210938","","","","","","","","","","","",""
"6908","","","","","","","","","","","","","","","","","","","","","","92.58999633789062","92.58999633789062","92.58999633789062"
"6910","","","","83.79000091552734","83.79000091552734","83.79000091552734","81.23999786376953","81.23999786376953","81.23999786376953","","","","","","","","","","","","","","",""
"6911","","","","","","","","","","","","","94.37999725341797","94.37999725341797","94.37999725341797","89.93000030517578","89.93000030517578","89.93000030517578","86.66000366210938","86.66000366210938","86.66000366210938","","",""
"7040","","","","","","","","","","","","","","","","","","","","","","96.2699966430664","96.2699966430664","96.2699966430664"
"7041","","","","","","","","","","85.88999938964844","85.88999938964844","85.88999938964844","","","","","","","","","","","",""
"7112","","","","78.94000244140625","78.94000244140625","78.94000244140625","82.81999969482422","82.81999969482422","82.81999969482422","","","","","","","","","","","","","","",""
"7113","","","","","","","","","","","","","93.91999816894531","93.91999816894531","93.91999816894531","86.1500015258789","86.1500015258789","86.1500015258789","85.06999969482422","85.06999969482422","85.06999969482422","","",""
"7237","","","","","","","","","","","","","","","","","","","","","","93.61000061035156","93.61000061035156","93.61000061035156"
"7243","","","","","","","","","","81.44000244140625","81.44000244140625","81.44000244140625","","","","","","","","","","","",""
"7249","","","","79.86000061035156","79.86000061035156","79.86000061035156","85.33000183105469","85.33000183105469","85.33000183105469","","","","","","","","","","","","","","",""
"7250","","","","","","","","","","","","","91.41000366210938","91.41000366210938","91.41000366210938","86.86000061035156","86.86000061035156","86.86000061035156","89.72000122070312","89.72000122070312","89.72000122070312","","",""
"7369","","","","","","","","","","","","","","","","","","","","","","93.87000274658203","93.87000274658203","93.87000274658203"
"7380","","","","","","","","","","81.19000244140625","81.19000244140625","81.19000244140625","","","","","","","","","","","",""
"7451","","","","79.29000091552734","79.29000091552734","79.29000091552734","83.54000091552734","83.54000091552734","83.54000091552734","","","","","","","","","","","","","","",""
"7452","","","","","","","","","","","","","92.94000244140625","92.94000244140625","92.94000244140625","83.02999877929688","83.02999877929688","83.02999877929688","85.22000122070312","85.22000122070312","85.22000122070312","","",""
"7566","","","","","","","","","","","","","","","","","","","","","","91.87000274658203","91.87000274658203","91.87000274658203"
"7582","","","","","","","","","","84.66000366210938","84.66000366210938","84.66000366210938","","","","","","","","","","","",""
"7588","","","","76.2300033569336","76.2300033569336","76.2300033569336","82.30999755859375","82.30999755859375","82.30999755859375","","","","","","","","","","","","","","",""
"7589","","","","","","","","","","","","","91.66999816894531","91.66999816894531","91.66999816894531","84.36000061035156","84.36000061035156","84.36000061035156","81.8499984741211","81.8499984741211","81.8499984741211","","",""
"7698","","","","","","","","","","","","","","","","","","","","","","94.0199966430664","94.0199966430664","94.0199966430664"
"7719","","","","","","","","","","83.58999633789062","83.58999633789062","83.58999633789062","","","","","","","","","","","",""
"7790","","","","75.0999984741211","75.0999984741211","75.0999984741211","83.54000091552734","83.54000091552734","83.54000091552734","","","","","","","","","","","","","","",""
"7791","","","","","","","","","","","","","93.61000061035156","93.61000061035156","93.61000061035156","89.41999816894531","89.41999816894531","89.41999816894531","88.29000091552734","88.29000091552734","88.29000091552734","","",""
"7895","","","","","","","","","","","","","","","","","","","","","","96.16999816894531","96.16999816894531","96.16999816894531"
"7921","","","","","","","","","","78.94000244140625","78.94000244140625","78.94000244140625","","","","","","","","","","","",""
"7927","","","","81.29000091552734","81.29000091552734","81.29000091552734","77.30000305175781","77.30000305175781","77.30000305175781","","","","","","","","","","","","","","",""
"7928","","","","","","","","","","","","","94.06999969482422","94.06999969482422","94.06999969482422","86.04000091552734","86.04000091552734","86.04000091552734","85.22000122070312","85.22000122070312","85.22000122070312","","",""
"8027","","","","","","","","","","","","","","","","","","","","","","95.95999908447266","95.95999908447266","95.95999908447266"
"8058","","","","","","","","","","83.37999725341797","83.37999725341797","83.37999725341797","","","","","","","","","","","",""
"8129","","","","76.69000244140625","76.69000244140625","76.69000244140625","81.08000183105469","81.08000183105469","81.08000183105469","","","","","","","","","","","","","","",""
"8130","","","","","","","","","","","","","91.30999755859375","91.30999755859375","91.30999755859375","92.94000244140625","92.94000244140625","92.94000244140625","91.26000213623047","91.26000213623047","91.26000213623047","","",""
"8224","","","","","","","","","","","","","","","","","","","","","","95.76000213623047","95.76000213623047","95.76000213623047"
"8260","","","","","","","","","","86.25","86.25","86.25","","","","","","","","","","","",""
"8266","","","","76.58000183105469","76.58000183105469","76.58000183105469","","","","","","","","","","","","","","","","","",""
"8267","","","","","","","","","","","","","91.91999816894531","91.91999816894531","91.91999816894531","89.41999816894531","89.41999816894531","89.41999816894531","90.58999633789062","90.58999633789062","90.58999633789062","","",""
"8356","","","","","","","","","","","","","","","","","","","","","","96.56999969482422","96.56999969482422","96.56999969482422"
"8397","","","","","","","","","","82.66999816894531","82.66999816894531","82.66999816894531","","","","","","","","","","","",""
"8468","","","","76.98999786376953","76.98999786376953","76.98999786376953","","","","","","","","","","","","","","","","","",""
"8469","","","","","","","","","","","","","94.94000244140625","94.94000244140625","94.94000244140625","88.19000244140625","88.19000244140625","88.19000244140625","88.91000366210938","88.91000366210938","88.91000366210938","","",""
"8553","","","","","","","","","","","","","","","","","","","","","","95.55000305175781","95.55000305175781","95.55000305175781"
"8599","","","","","","","","","","75.51000213623047","75.51000213623047","75.51000213623047","","","","","","","","","","","",""
"8605","","","","82.87000274658203","82.87000274658203","82.87000274658203","","","","","","","","","","","","","","","","","",""
"8606","","","","","","","","","","","","","94.22000122070312","94.22000122070312","94.22000122070312","90.69999694824219","90.69999694824219","90.69999694824219","92.37999725341797","92.37999725341797","92.37999725341797","","",""
"8685","","","","","","","","","","","","","","","","","","","","","","95.70999908447266","95.70999908447266","95.70999908447266"
"8736","","","","","","","","","","79.6500015258789","79.6500015258789","79.6500015258789","","","","","","","","","","","",""
"8807","","","","78.68000030517578","78.68000030517578","78.68000030517578","","","","","","","","","","","","","","","","","",""
"8808","","","","","","","","","","","","","94.94000244140625","94.94000244140625","94.94000244140625","91.20999908447266","91.20999908447266","91.20999908447266","92.37999725341797","92.37999725341797","92.37999725341797","","",""
"8882","","","","","","","","","","","","","","","","","","","","","","96.87999725341797","96.87999725341797","96.87999725341797"
"8944","","","","71.87999725341797","71.87999725341797","71.87999725341797","","","","","","","","","","","","","","","","","",""
"8945","","","","","","","","","","","","","93.61000061035156","93.61000061035156","93.61000061035156","90.9000015258789","90.9000015258789","90.9000015258789","93","93","93","","",""
"9014","","","","","","","","","","","","","","","","","","","","","","95.91000366210938","95.91000366210938","95.91000366210938"
"9146","","","","73.20999908447266","73.20999908447266","73.20999908447266","","","","","","","","","","","","","","","","","",""
"9147","","","","","","","","","","","","","94.83999633789062","94.83999633789062","94.83999633789062","92.12999725341797","92.12999725341797","92.12999725341797","91.81999969482422","91.81999969482422","91.81999969482422","","",""
"9211","","","","","","","","","","","","","","","","","","","","","","95.30000305175781","95.30000305175781","95.30000305175781"
"9283","","","","75.51000213623047","75.51000213623047","75.51000213623047","","","","","","","","","","","","","","","","","",""
"9284","","","","","","","","","","","","","95.5","95.5","95.5","89.26000213623047","89.26000213623047","89.26000213623047","86.55000305175781","86.55000305175781","86.55000305175781","","",""
"9343","","","","","","","","","","","","","","","","","","","","","","94.7300033569336","94.7300033569336","94.7300033569336"
"9485","","","","80.16000366210938","80.16000366210938","80.16000366210938","","","","","","","","","","","","","","","","","",""
"9486","","","","","","","","","","","","","95.04000091552734","95.04000091552734","95.04000091552734","91.41000366210938","91.41000366210938","91.41000366210938","91.05000305175781","91.05000305175781","91.05000305175781","","",""
"9540","","","","","","","","","","","","","","","","","","","","","","94.4800033569336","94.4800033569336","94.4800033569336"
"9622","","","","80.05999755859375","80.05999755859375","80.05999755859375","","","","","","","","","","","","","","","","","",""
"9623","","","","","","","","","","","","","93.51000213623047","93.51000213623047","93.51000213623047","94.12000274658203","94.12000274658203","94.12000274658203","93","93","93","","",""
"9672","","","","","","","","","","","","","","","","","","","","","","96.31999969482422","96.31999969482422","96.31999969482422"
"9824","","","","79.5999984741211","79.5999984741211","79.5999984741211","","","","","","","","","","","","","","","","","",""
"9825","","","","","","","","","","","","","95.25","95.25","95.25","92.58999633789062","92.58999633789062","92.58999633789062","90.54000091552734","90.54000091552734","90.54000091552734","","",""
"9869","","","","","","","","","","","","","","","","","","","","","","95.5999984741211","95.5999984741211","95.5999984741211"
"9961","","","","81.75","81.75","81.75","","","","","","","","","","","","","","","","","",""
"9962","","","","","","","","","","","","","95.19000244140625","95.19000244140625","95.19000244140625","94.37999725341797","94.37999725341797","94.37999725341797","89.87999725341797","89.87999725341797","89.87999725341797","","",""
"10001","","","","","","","","","","","","","","","","","","","","","","96.05999755859375","96.05999755859375","96.05999755859375"
"10163","","","","81.19000244140625","81.19000244140625","81.19000244140625","","","","","","","","","","","","","","","","","",""
"10164","","","","","","","","","","","","","95.44999694824219","95.44999694824219","95.44999694824219","91.7699966430664","91.7699966430664","91.7699966430664","86.61000061035156","86.61000061035156","86.61000061035156","","",""
"10198","","","","","","","","","","","","","","","","","","","","","","96.31999969482422","96.31999969482422","96.31999969482422"
"10301","","","","","","","","","","","","","95.44999694824219","95.44999694824219","95.44999694824219","91.51000213623047","91.51000213623047","91.51000213623047","90.12999725341797","90.12999725341797","90.12999725341797","","",""
"10330","","","","","","","","","","","","","","","","","","","","","","95.3499984741211","95.3499984741211","95.3499984741211"
"10503","","","","","","","","","","","","","94.52999877929688","94.52999877929688","94.52999877929688","","","","","","","","",""
"10527","","","","","","","","","","","","","","","","","","","","","","96.5199966430664","96.5199966430664","96.5199966430664"
"10571","","","","","","","","","","","","","","","","","","","86.95999908447266","86.95999908447266","86.95999908447266","","",""
"10640","","","","","","","","","","","","","93.4000015258789","93.4000015258789","93.4000015258789","","","","","","","","",""
"10659","","","","","","","","","","","","","","","","","","","","","","96.16999816894531","96.16999816894531","96.16999816894531"
"10698","","","","","","","","","","","","","","","","94.06999969482422","94.06999969482422","94.06999969482422","","","","","",""
"10773","","","","","","","","","","","","","","","","","","","91.20999908447266","91.20999908447266","91.20999908447266","","",""
"10835","","","","","","","","","","","","","","","","91.41000366210938","91.41000366210938","91.41000366210938","","","","","",""
"10842","","","","","","","","","","","","","93.3499984741211","93.3499984741211","93.3499984741211","","","","","","","","",""
"10856","","","","","","","","","","","","","","","","","","","","","","95.6500015258789","95.6500015258789","95.6500015258789"
"10910","","","","","","","","","","","","","","","","","","","91.87000274658203","91.87000274658203","91.87000274658203","","",""
"10988","","","","","","","","","","","","","","","","","","","","","","96.47000122070312","96.47000122070312","96.47000122070312"
"11037","","","","","","","","","","","","","","","","92.33000183105469","92.33000183105469","92.33000183105469","","","","","",""
"11045","","","","","","","","","","","","","94.79000091552734","94.79000091552734","94.79000091552734","","","","","","","","",""
"11112","","","","","","","","","","","","","","","","","","","92.88999938964844","92.88999938964844","92.88999938964844","","",""
"11174","","","","","","","","","","","","","","","","93.1500015258789","93.1500015258789","93.1500015258789","","","","","",""
"11182","","","","","","","","","","","","","91.91999816894531","91.91999816894531","91.91999816894531","","","","","","","","",""
"11185","","","","","","","","","","","","","","","","","","","","","","95.76000213623047","95.76000213623047","95.76000213623047"
"11249","","","","","","","","","","","","","","","","","","","93.19999694824219","93.19999694824219","93.19999694824219","","",""
"11317","","","","","","","","","","","","","","","","","","","","","","93.1500015258789","93.1500015258789","93.1500015258789"
"11376","","","","","","","","","","","","","","","","93.3499984741211","93.3499984741211","93.3499984741211","","","","","",""
"11384","","","","","","","","","","","","","94.58000183105469","94.58000183105469","94.58000183105469","","","","","","","","",""
"11451","","","","","","","","","","","","","","","","","","","92.88999938964844","92.88999938964844","92.88999938964844","","",""
"11513","","","","","","","","","","","","","","","","93.70999908447266","93.70999908447266","93.70999908447266","","","","","",""
"11514","","","","","","","","","","","","","","","","","","","","","","96.5199966430664","96.5199966430664","96.5199966430664"
"11521","","","","","","","","","","","","","95.6500015258789","95.6500015258789","95.6500015258789","","","","","","","","",""
"11588","","","","","","","","","","","","","","","","","","","92.43000030517578","92.43000030517578","92.43000030517578","","",""
"11646","","","","","","","","","","","","","","","","","","","","","","95.80999755859375","95.80999755859375","95.80999755859375"
"11715","","","","","","","","","","","","","","","","93.55999755859375","93.55999755859375","93.55999755859375","","","","","",""
"11723","","","","","","","","","","","","","94.58000183105469","94.58000183105469","94.58000183105469","","","","","","","","",""
"11725","","","","","","","","","","","","","","","","","","","90.9000015258789","90.9000015258789","90.9000015258789","","",""
"11732","","","","","","","","","","","","","","","","","","","90.9000015258789","90.9000015258789","90.9000015258789","","",""
"11843","","","","","","","","","","","","","","","","","","","","","","95.55000305175781","95.55000305175781","95.55000305175781"
"11852","","","","","","","","","","","","","","","","92.88999938964844","92.88999938964844","92.88999938964844","","","","","",""
"11863","","","","","","","","","","","","","","","","","","","90.02999877929688","90.02999877929688","90.02999877929688","","",""
"11870","","","","","","","","","","","","","","","","","","","90.02999877929688","90.02999877929688","90.02999877929688","","",""
"11926","","","","","","","","","","","","","94.62999725341797","94.62999725341797","94.62999725341797","","","","","","","","",""
"11975","","","","","","","","","","","","","","","","","","","","","","95.91000366210938","95.91000366210938","95.91000366210938"
"12054","","","","","","","","","","","","","","","","93.87000274658203","93.87000274658203","93.87000274658203","","","","","",""
"12066","","","","","","","","","","","","","","","","","","","89.56999969482422","89.56999969482422","89.56999969482422","","",""
"12129","","","","","","","","","","","","","94.2699966430664","94.2699966430664","94.2699966430664","","","","","","","","",""
"12172","","","","","","","","","","","","","","","","","","","","","","95.76000213623047","95.76000213623047","95.76000213623047"
"12191","","","","","","","","","","","","","","","","94.79000091552734","94.79000091552734","94.79000091552734","","","","","",""
"12198","","","","","","","","","","","","","","","","95.04000091552734","95.04000091552734","95.04000091552734","","","","","",""
"12203","","","","","","","","","","","","","","","","","","","93.87000274658203","93.87000274658203","93.87000274658203","","",""
"12205","","","","","","","","","","","","","","","","95.04000091552734","95.04000091552734","95.04000091552734","","","","","",""
"12267","","","","","","","","","","","","","95.5","95.5","95.5","","","","","","","","",""
"12271","","","","","","","","","","","","","","","","93.80999755859375","93.80999755859375","93.80999755859375","","","","","",""
"12304","","","","","","","","","","","","","","","","","","","","","","96.5199966430664","96.5199966430664","96.5199966430664"
"12405","","","","","","","","","","","","","","","","","","","92.33000183105469","92.33000183105469","92.33000183105469","","",""
"12469","","","","","","","","","","","","","94.0199966430664","94.0199966430664","94.0199966430664","","","","","","","","",""
"12473","","","","","","","","","","","","","","","","93.70999908447266","93.70999908447266","93.70999908447266","","","","","",""
"12501","","","","","","","","","","","","","","","","","","","","","","96.05999755859375","96.05999755859375","96.05999755859375"
"12542","","","","","","","","","","","","","","","","","","","90.18000030517578","90.18000030517578","90.18000030517578","","",""
"12606","","","","","","","","","","","","","94.16999816894531","94.16999816894531","94.16999816894531","","","","","","","","",""
"12610","","","","","","","","","","","","","","","","95.13999938964844","95.13999938964844","95.13999938964844","","","","","",""
"12633","","","","","","","","","","","","","","","","","","","","","","95.08999633789062","95.08999633789062","95.08999633789062"
"12744","","","","","","","","","","","","","","","","","","","94.4800033569336","94.4800033569336","94.4800033569336","","",""
"12808","","","","","","","","","","","","","95.80999755859375","95.80999755859375","95.80999755859375","","","","","","","","",""
"12812","","","","","","","","","","","","","","","","96.2699966430664","96.2699966430664","96.2699966430664","","","","","",""
"12830","","","","","","","","","","","","","","","","","","","","","","94.83999633789062","94.83999633789062","94.83999633789062"
"12881","","","","","","","","","","","","","","","","","","","91.30999755859375","91.30999755859375","91.30999755859375","","",""
"12945","","","","","","","","","","","","","95.19000244140625","95.19000244140625","95.19000244140625","","","","","","","","",""
"12949","","","","","","","","","","","","","","","","95.55000305175781","95.55000305175781","95.55000305175781","","","","","",""
"12962","","","","","","","","","","","","","","","","","","","","","","95.25","95.25","95.25"
"13083","","","","","","","","","","","","","","","","","","","91.45999908447266","91.45999908447266","91.45999908447266","","",""
"13147","","","","","","","","","","","","","95.70999908447266","95.70999908447266","95.70999908447266","","","","","","","","",""
"13151","","","","","","","","","","","","","","","","96.41999816894531","96.41999816894531","96.41999816894531","","","","","",""
"13159","","","","","","","","","","","","","","","","","","","","","","93.97000122070312","93.97000122070312","93.97000122070312"
"13220","","","","","","","","","","","","","","","","","","","93.05000305175781","93.05000305175781","93.05000305175781","","",""
"13284","","","","","","","","","","","","","95.76000213623047","95.76000213623047","95.76000213623047","","","","","","","","",""
"13288","","","","","","","","","","","","","","","","94.94000244140625","94.94000244140625","94.94000244140625","","","","","",""
"13291","","","","","","","","","","","","","","","","","","","","","","94.33000183105469","94.33000183105469","94.33000183105469"
"13422","","","","","","","","","","","","","","","","","","","92.79000091552734","92.79000091552734","92.79000091552734","","",""
"13486","","","","","","","","","","","","","95.55000305175781","95.55000305175781","95.55000305175781","","","","","","","","",""
"13488","","","","","","","","","","","","","","","","","","","","","","95.95999908447266","95.95999908447266","95.95999908447266"
"13490","","","","","","","","","","","","","","","","93.3499984741211","93.3499984741211","93.3499984741211","","","","","",""
"13559","","","","","","","","","","","","","","","","","","","94.0199966430664","94.0199966430664","94.0199966430664","","",""
"13620","","","","","","","","","","","","","","","","","","","","","","96.2699966430664","96.2699966430664","96.2699966430664"
"13623","","","","","","","","","","","","","95.3499984741211","95.3499984741211","95.3499984741211","","","","","","","","",""
"13627","","","","","","","","","","","","","","","","93.19999694824219","93.19999694824219","93.19999694824219","","","","","",""
"13761","","","","","","","","","","","","","","","","","","","89.87999725341797","89.87999725341797","89.87999725341797","","",""
"13817","","","","","","","","","","","","","","","","","","","","","","94.43000030517578","94.43000030517578","94.43000030517578"
"13825","","","","","","","","","","","","","95.44999694824219","95.44999694824219","95.44999694824219","","","","","","","","",""
"13829","","","","","","","","","","","","","","","","95.19000244140625","95.19000244140625","95.19000244140625","","","","","",""
"13898","","","","","","","","","","","","","","","","","","","94.33000183105469","94.33000183105469","94.33000183105469","","",""
"13949","","","","","","","","","","","","","","","","","","","","","","95.5","95.5","95.5"
"13962","","","","","","","","","","","","","94.98999786376953","94.98999786376953","94.98999786376953","","","","","","","","",""
"13966","","","","","","","","","","","","","","","","92.69000244140625","92.69000244140625","92.69000244140625","","","","","",""
"14100","","","","","","","","","","","","","","","","","","","90.9000015258789","90.9000015258789","90.9000015258789","","",""
"14146","","","","","","","","","","","","","","","","","","","","","","95.5","95.5","95.5"
"14164","","","","","","","","","","","","","96.11000061035156","96.11000061035156","96.11000061035156","","","","","","","","",""
"14168","","","","","","","","","","","","","","","","94.22000122070312","94.22000122070312","94.22000122070312","","","","","",""
"14237","","","","","","","","","","","","","","","","","","","92.88999938964844","92.88999938964844","92.88999938964844","","",""
"14278","","","","","","","","","","","","","","","","","","","","","","96.31999969482422","96.31999969482422","96.31999969482422"
"14301","","","","","","","","","","","","","95.6500015258789","95.6500015258789","95.6500015258789","","","","","","","","",""
"14305","","","","","","","","","","","","","","","","94.43000030517578","94.43000030517578","94.43000030517578","","","","","",""
"14439","","","","","","","","","","","","","","","","","","","90.02999877929688","90.02999877929688","90.02999877929688","","",""
"14475","","","","","","","","","","","","","","","","","","","","","","94.52999877929688","94.52999877929688","94.52999877929688"
"14503","","","","","","","","","","","","","95.6500015258789","95.6500015258789","95.6500015258789","","","","","","","","",""
"14507","","","","","","","","","","","","","","","","94.0199966430664","94.0199966430664","94.0199966430664","","","","","",""
"14576","","","","","","","","","","","","","","","","","","","96.62999725341797","96.62999725341797","96.62999725341797","","",""
"14607","","","","","","","","","","","","","","","","","","","","","","94.12000274658203","94.12000274658203","94.12000274658203"
"14640","","","","","","","","","","","","","95.76000213623047","95.76000213623047","95.76000213623047","","","","","","","","",""
"14644","","","","","","","","","","","","","","","","92.2300033569336","92.2300033569336","92.2300033569336","","","","","",""
"14778","","","","","","","","","","","","","","","","","","","92.83999633789062","92.83999633789062","92.83999633789062","","",""
"14804","","","","","","","","","","","","","","","","","","","","","","94.06999969482422","94.06999969482422","94.06999969482422"
"14842","","","","","","","","","","","","","93.87000274658203","93.87000274658203","93.87000274658203","","","","","","","","",""
"14846","","","","","","","","","","","","","","","","92.88999938964844","92.88999938964844","92.88999938964844","","","","","",""
"14915","","","","","","","","","","","","","","","","","","","94.37999725341797","94.37999725341797","94.37999725341797","","",""
"14936","","","","","","","","","","","","","","","","","","","","","","96.22000122070312","96.22000122070312","96.22000122070312"
"14979","","","","","","","","","","","","","93.87000274658203","93.87000274658203","93.87000274658203","","","","","","","","",""
"14983","","","","","","","","","","","","","","","","91","91","91","","","","","",""
"15117","","","","","","","","","","","","","","","","","","","94.88999938964844","94.88999938964844","94.88999938964844","","",""
"15133","","","","","","","","","","","","","","","","","","","","","","96.01000213623047","96.01000213623047","96.01000213623047"
"15181","","","","","","","","","","","","","94.83999633789062","94.83999633789062","94.83999633789062","","","","","","","","",""
"15185","","","","","","","","","","","","","","","","92.4800033569336","92.4800033569336","92.4800033569336","","","","","",""
"15192","","","","","","","","","","","","","","","","92.4800033569336","92.4800033569336","92.4800033569336","","","","","",""
"15254","","","","","","","","","","","","","","","","","","","95.86000061035156","95.86000061035156","95.86000061035156","","",""
"15265","","","","","","","","","","","","","","","","","","","","","","94.2699966430664","94.2699966430664","94.2699966430664"
"15318","","","","","","","","","","","","","94.94000244140625","94.94000244140625","94.94000244140625","","","","","","","","",""
"15388","","","","","","","","","","","","","","","","91.55999755859375","91.55999755859375","91.55999755859375","","","","","",""
"15456","","","","","","","","","","","","","","","","","","","93.97000122070312","93.97000122070312","93.97000122070312","","",""
"15462","","","","","","","","","","","","","","","","","","","","","","96.41999816894531","96.41999816894531","96.41999816894531"
"15463","","","","","","","","","","","","","","","","","","","93.97000122070312","93.97000122070312","93.97000122070312","","",""
"15520","","","","","","","","","","","","","95.13999938964844","95.13999938964844","95.13999938964844","","","","","","","","",""
"15525","","","","","","","","","","","","","","","","96.01000213623047","96.01000213623047","96.01000213623047","","","","","",""
"15529","","","","","","","","","","","","","","","","","","","81.29000091552734","81.29000091552734","81.29000091552734","","",""
"15594","","","","","","","","","","","","","","","","","","","","","","96.47000122070312","96.47000122070312","96.47000122070312"
"15657","","","","","","","","","","","","","95.19000244140625","95.19000244140625","95.19000244140625","","","","","","","","",""
"15666","","","","","","","","","","","","","","","","","","","91.0999984741211","91.0999984741211","91.0999984741211","","",""
"15727","","","","","","","","","","","","","","","","96.62999725341797","96.62999725341797","96.62999725341797","","","","","",""
"15791","","","","","","","","","","","","","","","","","","","","","","96.16999816894531","96.16999816894531","96.16999816894531"
"15859","","","","","","","","","","","","","94.79000091552734","94.79000091552734","94.79000091552734","","","","","","","","",""
"15864","","","","","","","","","","","","","","","","95.5","95.5","95.5","","","","","",""
"15868","","","","","","","","","","","","","","","","","","","94.68000030517578","94.68000030517578","94.68000030517578","","",""
"15923","","","","","","","","","","","","","","","","","","","","","","95.91000366210938","95.91000366210938","95.91000366210938"
"15925","","","","","","","","","","","","","","","","","","","","","","95.91000366210938","95.91000366210938","95.91000366210938"
"15996","","","","","","","","","","","","","94.88999938964844","94.88999938964844","94.88999938964844","","","","","","","","",""
"16005","","","","","","","","","","","","","","","","","","","94.58000183105469","94.58000183105469","94.58000183105469","","",""
"16066","","","","","","","","","","","","","","","","96.11000061035156","96.11000061035156","96.11000061035156","","","","","",""
"16198","","","","","","","","","","","","","95.08999633789062","95.08999633789062","95.08999633789062","","","","","","","","",""
"16203","","","","","","","","","","","","","","","","95.44999694824219","95.44999694824219","95.44999694824219","","","","","",""
"16207","","","","","","","","","","","","","","","","","","","92.37999725341797","92.37999725341797","92.37999725341797","","",""
"16335","","","","","","","","","","","","","94.58000183105469","94.58000183105469","94.58000183105469","","","","","","","","",""
"16344","","","","","","","","","","","","","","","","","","","94.43000030517578","94.43000030517578","94.43000030517578","","",""
"16405","","","","","","","","","","","","","","","","95.25","95.25","95.25","","","","","",""
"16537","","","","","","","","","","","","","95.44999694824219","95.44999694824219","95.44999694824219","","","","","","","","",""
"16542","","","","","","","","","","","","","","","","95.80999755859375","95.80999755859375","95.80999755859375","","","","","",""
"16546","","","","","","","","","","","","","","","","","","","91.91999816894531","91.91999816894531","91.91999816894531","","",""
"16674","","","","","","","","","","","","","95.44999694824219","95.44999694824219","95.44999694824219","","","","","","","","",""
"16683","","","","","","","","","","","","","","","","","","","91.30999755859375","91.30999755859375","91.30999755859375","","",""
"16744","","","","","","","","","","","","","","","","96.47000122070312","96.47000122070312","96.47000122070312","","","","","",""
"16876","","","","","","","","","","","","","94.79000091552734","94.79000091552734","94.79000091552734","","","","","","","","",""
"16881","","","","","","","","","","","","","","","","96.05999755859375","96.05999755859375","96.05999755859375","","","","","",""
"16885","","","","","","","","","","","","","","","","","","","92.94000244140625","92.94000244140625","92.94000244140625","","",""
"16888","","","","","","","","","","","","","","","","96.05999755859375","96.05999755859375","96.05999755859375","","","","","",""
"16892","","","","","","","","","","","","","","","","","","","92.94000244140625","92.94000244140625","92.94000244140625","","",""
"17013","","","","","","","","","","","","","95.91000366210938","95.91000366210938","95.91000366210938","","","","","","","","",""
"17215","","","","","","","","","","","","","96.22000122070312","96.22000122070312","96.22000122070312","","","","","","","","",""
"17352","","","","","","","","","","","","","94.62999725341797","94.62999725341797","94.62999725341797","","","","","","","","",""
"17554","","","","","","","","","","","","","95.3499984741211","95.3499984741211","95.3499984741211","","","","","","","","",""
"17691","","","","","","","","","","","","","95.25","95.25","95.25","","","","","","","","",""
"17893","","","","","","","","","","","","","95.4000015258789","95.4000015258789","95.4000015258789","","","","","","","","",""
"18030","","","","","","","","","","","","","95.25","95.25","95.25","","","","","","","","",""