"Step","Group: text1-vision0 - evaluation/blimp/island_effects","Group: text1-vision0 - evaluation/blimp/island_effects__MIN","Group: text1-vision0 - evaluation/blimp/island_effects__MAX","Group: text1-vision100 - evaluation/blimp/island_effects","Group: text1-vision100 - evaluation/blimp/island_effects__MIN","Group: text1-vision100 - evaluation/blimp/island_effects__MAX","Group: text1-vision10 - evaluation/blimp/island_effects","Group: text1-vision10 - evaluation/blimp/island_effects__MIN","Group: text1-vision10 - evaluation/blimp/island_effects__MAX","Group: text1-vision1 - evaluation/blimp/island_effects","Group: text1-vision1 - evaluation/blimp/island_effects__MIN","Group: text1-vision1 - evaluation/blimp/island_effects__MAX","Group: text10-vision1 - evaluation/blimp/island_effects","Group: text10-vision1 - evaluation/blimp/island_effects__MIN","Group: text10-vision1 - evaluation/blimp/island_effects__MAX","Group: text10-vision100 - evaluation/blimp/island_effects","Group: text10-vision100 - evaluation/blimp/island_effects__MIN","Group: text10-vision100 - evaluation/blimp/island_effects__MAX","Group: text10-vision10 - evaluation/blimp/island_effects","Group: text10-vision10 - evaluation/blimp/island_effects__MIN","Group: text10-vision10 - evaluation/blimp/island_effects__MAX","Group: text10-vision0 - evaluation/blimp/island_effects","Group: text10-vision0 - evaluation/blimp/island_effects__MIN","Group: text10-vision0 - evaluation/blimp/island_effects__MAX"
"130","52.20500183105469","51.83000183105469","52.58000183105469","53.060001373291016","53.060001373291016","53.060001373291016","49.88999938964844","49.88999938964844","49.88999938964844","45.220001220703125","45.220001220703125","45.220001220703125","51.20000076293945","51.20000076293945","51.20000076293945","","","","","","","","",""
"131","","","","","","","","","","","","","","","","50.40999984741211","50.40999984741211","50.40999984741211","50.63999938964844","50.63999938964844","50.63999938964844","52.43000030517578","52.43000030517578","52.43000030517578"
"327","50.18499946594238","49.099998474121094","51.27000045776367","","","","","","","","","","","","","","","","","","","","",""
"328","","","","","","","","","","","","","","","","","","","","","","49.779998779296875","49.779998779296875","49.779998779296875"
"332","","","","50.189998626708984","50.189998626708984","50.189998626708984","50.93000030517578","50.93000030517578","50.93000030517578","47.27000045776367","47.27000045776367","47.27000045776367","51.04999923706055","51.04999923706055","51.04999923706055","","","","","","","","",""
"333","","","","","","","","","","","","","","","","47.56999969482422","47.56999969482422","47.56999969482422","48.209999084472656","48.209999084472656","48.209999084472656","","",""
"459","52.48499870300293","50.599998474121094","54.369998931884766","","","","","","","","","","","","","","","","","","","","",""
"460","","","","","","","","","","","","","","","","","","","","","","51.15999984741211","51.15999984741211","51.15999984741211"
"469","","","","48.36000061035156","48.36000061035156","48.36000061035156","50.93000030517578","50.93000030517578","50.93000030517578","48.650001525878906","48.650001525878906","48.650001525878906","50.34000015258789","50.34000015258789","50.34000015258789","","","","","","","","",""
"470","","","","","","","","","","","","","","","","50.599998474121094","50.599998474121094","50.599998474121094","49.959999084472656","49.959999084472656","49.959999084472656","","",""
"656","55.15500068664551","54.220001220703125","56.09000015258789","","","","","","","","","","","","","","","","","","","","",""
"657","","","","","","","","","","","","","","","","","","","","","","55.869998931884766","55.869998931884766","55.869998931884766"
"671","","","","54.189998626708984","54.189998626708984","54.189998626708984","50.93000030517578","50.93000030517578","50.93000030517578","52.16999816894531","52.16999816894531","52.16999816894531","50.75","50.75","50.75","","","","","","","","",""
"672","","","","","","","","","","","","","","","","50.900001525878906","50.900001525878906","50.900001525878906","49.93000030517578","49.93000030517578","49.93000030517578","","",""
"788","56.875","56.459999084472656","57.290000915527344","","","","","","","","","","","","","","","","","","","","",""
"789","","","","","","","","","","","","","","","","","","","","","","59.0099983215332","59.0099983215332","59.0099983215332"
"808","","","","50.06999969482422","50.06999969482422","50.06999969482422","52.31999969482422","52.31999969482422","52.31999969482422","54.220001220703125","54.220001220703125","54.220001220703125","49.630001068115234","49.630001068115234","49.630001068115234","","","","","","","","",""
"809","","","","","","","","","","","","","","","","50","50","50","49.959999084472656","49.959999084472656","49.959999084472656","","",""
"985","58.7450008392334","57.36000061035156","60.130001068115234","","","","","","","","","","","","","","","","","","","","",""
"986","","","","","","","","","","","","","","","","","","","","","","61.25","61.25","61.25"
"1010","","","","52.650001525878906","52.650001525878906","52.650001525878906","46.150001525878906","46.150001525878906","46.150001525878906","55.869998931884766","55.869998931884766","55.869998931884766","54.150001525878906","54.150001525878906","54.150001525878906","","","","","","","","",""
"1011","","","","","","","","","","","","","","","","55.15999984741211","55.15999984741211","55.15999984741211","55.040000915527344","55.040000915527344","55.040000915527344","","",""
"1117","53.27000045776367","51.83000183105469","54.709999084472656","","","","","","","","","","","","","","","","","","","","",""
"1118","","","","","","","","","","","","","","","","","","","","","","55.41999816894531","55.41999816894531","55.41999816894531"
"1147","","","","55.34000015258789","55.34000015258789","55.34000015258789","51.68000030517578","51.68000030517578","51.68000030517578","59.83000183105469","59.83000183105469","59.83000183105469","52.58000183105469","52.58000183105469","52.58000183105469","","","","","","","","",""
"1148","","","","","","","","","","","","","","","","60.90999984741211","60.90999984741211","60.90999984741211","58.88999938964844","58.88999938964844","58.88999938964844","","",""
"1314","50.260000228881836","48.02000045776367","52.5","","","","","","","","","","","","","","","","","","","","",""
"1315","","","","","","","","","","","","","","","","","","","","","","47.61000061035156","47.61000061035156","47.61000061035156"
"1349","","","","61.290000915527344","61.290000915527344","61.290000915527344","58.86000061035156","58.86000061035156","58.86000061035156","47.529998779296875","47.529998779296875","47.529998779296875","54.06999969482422","54.06999969482422","54.06999969482422","","","","","","","","",""
"1350","","","","","","","","","","","","","","","","59.83000183105469","59.83000183105469","59.83000183105469","63.45000076293945","63.45000076293945","63.45000076293945","","",""
"1446","46.880001068115234","46.11000061035156","47.650001525878906","","","","","","","","","","","","","","","","","","","","",""
"1447","","","","","","","","","","","","","","","","","","","","","","49.93000030517578","49.93000030517578","49.93000030517578"
"1486","","","","47.56999969482422","47.56999969482422","47.56999969482422","49.36000061035156","49.36000061035156","49.36000061035156","43.38999938964844","43.38999938964844","43.38999938964844","42.900001525878906","42.900001525878906","42.900001525878906","","","","","","","","",""
"1487","","","","","","","","","","","","","","","","52.20000076293945","52.20000076293945","52.20000076293945","57.13999938964844","57.13999938964844","57.13999938964844","","",""
"1643","40.470001220703125","38.45000076293945","42.4900016784668","","","","","","","","","","","","","","","","","","","","",""
"1644","","","","","","","","","","","","","","","","","","","","","","44.43000030517578","44.43000030517578","44.43000030517578"
"1688","","","","41.33000183105469","41.33000183105469","41.33000183105469","42.150001525878906","42.150001525878906","42.150001525878906","38.08000183105469","38.08000183105469","38.08000183105469","41.439998626708984","41.439998626708984","41.439998626708984","","","","","","","","",""
"1689","","","","","","","","","","","","","","","","41.88999938964844","41.88999938964844","41.88999938964844","52.540000915527344","52.540000915527344","52.540000915527344","","",""
"1775","37.78000068664551","37.59000015258789","37.970001220703125","","","","","","","","","","","","","","","","","","","","",""
"1776","","","","","","","","","","","","","","","","","","","","","","38.939998626708984","38.939998626708984","38.939998626708984"
"1825","","","","40.619998931884766","40.619998931884766","40.619998931884766","36.060001373291016","36.060001373291016","36.060001373291016","39.79999923706055","39.79999923706055","39.79999923706055","42.63999938964844","42.63999938964844","42.63999938964844","","","","","","","","",""
"1826","","","","","","","","","","","","","","","","40.470001220703125","40.470001220703125","40.470001220703125","44.959999084472656","44.959999084472656","44.959999084472656","","",""
"1972","36.959999084472656","36.099998474121094","37.81999969482422","","","","","","","","","","","","","","","","","","","","",""
"1973","","","","","","","","","","","","","","","","","","","","","","40.02000045776367","40.02000045776367","40.02000045776367"
"2027","","","","39.0099983215332","39.0099983215332","39.0099983215332","34.41999816894531","34.41999816894531","34.41999816894531","34.380001068115234","34.380001068115234","34.380001068115234","35.9900016784668","35.9900016784668","35.9900016784668","","","","","","","","",""
"2028","","","","","","","","","","","","","","","","36.58000183105469","36.58000183105469","36.58000183105469","35.869998931884766","35.869998931884766","35.869998931884766","","",""
"2104","37.39000129699707","35.9900016784668","38.790000915527344","","","","","","","","","","","","","","","","","","","","",""
"2105","","","","","","","","","","","","","","","","","","","","","","39.20000076293945","39.20000076293945","39.20000076293945"
"2164","","","","36.54999923706055","36.54999923706055","36.54999923706055","36.209999084472656","36.209999084472656","36.209999084472656","36.31999969482422","36.31999969482422","36.31999969482422","38.380001068115234","38.380001068115234","38.380001068115234","","","","","","","","",""
"2165","","","","","","","","","","","","","","","","39.9900016784668","39.9900016784668","39.9900016784668","35.09000015258789","35.09000015258789","35.09000015258789","","",""
"2301","36.19499969482422","34.529998779296875","37.86000061035156","","","","","","","","","","","","","","","","","","","","",""
"2302","","","","","","","","","","","","","","","","","","","","","","36.880001068115234","36.880001068115234","36.880001068115234"
"2366","","","","38.040000915527344","38.040000915527344","38.040000915527344","37.220001220703125","37.220001220703125","37.220001220703125","35.7599983215332","35.7599983215332","35.7599983215332","39.279998779296875","39.279998779296875","39.279998779296875","","","","","","","","",""
"2367","","","","","","","","","","","","","","","","37.779998779296875","37.779998779296875","37.779998779296875","36.060001373291016","36.060001373291016","36.060001373291016","","",""
"2433","36.454999923706055","35.540000915527344","37.369998931884766","","","","","","","","","","","","","","","","","","","","",""
"2434","","","","","","","","","","","","","","","","","","","","","","31.1299991607666","31.1299991607666","31.1299991607666"
"2503","","","","40.58000183105469","40.58000183105469","40.58000183105469","35.5","35.5","35.5","36.13999938964844","36.13999938964844","36.13999938964844","37.59000015258789","37.59000015258789","37.59000015258789","","","","","","","","",""
"2504","","","","","","","","","","","","","","","","37.66999816894531","37.66999816894531","37.66999816894531","35.04999923706055","35.04999923706055","35.04999923706055","","",""
"2630","35.35500144958496","33.150001525878906","37.560001373291016","","","","","","","","","","","","","","","","","","","","",""
"2631","","","","","","","","","","","","","","","","","","","","","","29.40999984741211","29.40999984741211","29.40999984741211"
"2705","","","","38.4900016784668","38.4900016784668","38.4900016784668","36.72999954223633","36.72999954223633","36.72999954223633","32.099998474121094","32.099998474121094","32.099998474121094","40.619998931884766","40.619998931884766","40.619998931884766","","","","","","","","",""
"2706","","","","","","","","","","","","","","","","34.189998626708984","34.189998626708984","34.189998626708984","34.27000045776367","34.27000045776367","34.27000045776367","","",""
"2762","36.32500076293945","35.130001068115234","37.52000045776367","","","","","","","","","","","","","","","","","","","","",""
"2763","","","","","","","","","","","","","","","","","","","","","","30.34000015258789","30.34000015258789","30.34000015258789"
"2842","","","","38.599998474121094","38.599998474121094","38.599998474121094","37.2599983215332","37.2599983215332","37.2599983215332","37.66999816894531","37.66999816894531","37.66999816894531","38.97999954223633","38.97999954223633","38.97999954223633","","","","","","","","",""
"2843","","","","","","","","","","","","","","","","32.59000015258789","32.59000015258789","32.59000015258789","34.75","34.75","34.75","","",""
"2959","35.279998779296875","33.29999923706055","37.2599983215332","","","","","","","","","","","","","","","","","","","","",""
"2960","","","","","","","","","","","","","","","","","","","","","","29.709999084472656","29.709999084472656","29.709999084472656"
"3044","","","","36.619998931884766","36.619998931884766","36.619998931884766","39.9900016784668","39.9900016784668","39.9900016784668","31.8799991607666","31.8799991607666","31.8799991607666","37.88999938964844","37.88999938964844","37.88999938964844","","","","","","","","",""
"3045","","","","","","","","","","","","","","","","32.470001220703125","32.470001220703125","32.470001220703125","32.470001220703125","32.470001220703125","32.470001220703125","","",""
"3091","36.92499923706055","34.869998931884766","38.97999954223633","","","","","","","","","","","","","","","","","","","","",""
"3092","","","","","","","","","","","","","","","","","","","","","","30.079999923706055","30.079999923706055","30.079999923706055"
"3181","","","","38.939998626708984","38.939998626708984","38.939998626708984","35.79999923706055","35.79999923706055","35.79999923706055","34.0099983215332","34.0099983215332","34.0099983215332","41.2599983215332","41.2599983215332","41.2599983215332","","","","","","","","",""
"3182","","","","","","","","","","","","","","","","37.369998931884766","37.369998931884766","37.369998931884766","35.58000183105469","35.58000183105469","35.58000183105469","","",""
"3288","39.19999885559082","38.599998474121094","39.79999923706055","","","","","","","","","","","","","","","","","","","","",""
"3289","","","","","","","","","","","","","","","","","","","","","","34.29999923706055","34.29999923706055","34.29999923706055"
"3383","","","","37.970001220703125","37.970001220703125","37.970001220703125","35.43000030517578","35.43000030517578","35.43000030517578","35.130001068115234","35.130001068115234","35.130001068115234","45.06999969482422","45.06999969482422","45.06999969482422","","","","","","","","",""
"3384","","","","","","","","","","","","","","","","37.66999816894531","37.66999816894531","37.66999816894531","35.310001373291016","35.310001373291016","35.310001373291016","","",""
"3420","39.875","38.119998931884766","41.630001068115234","","","","","","","","","","","","","","","","","","","","",""
"3421","","","","","","","","","","","","","","","","","","","","","","35.349998474121094","35.349998474121094","35.349998474121094"
"3520","","","","37.88999938964844","37.88999938964844","37.88999938964844","40.31999969482422","40.31999969482422","40.31999969482422","36.36000061035156","36.36000061035156","36.36000061035156","44.02000045776367","44.02000045776367","44.02000045776367","","","","","","","","",""
"3521","","","","","","","","","","","","","","","","40.279998779296875","40.279998779296875","40.279998779296875","38.45000076293945","38.45000076293945","38.45000076293945","","",""
"3617","39.06999969482422","39.04999923706055","39.09000015258789","","","","","","","","","","","","","","","","","","","","",""
"3618","","","","","","","","","","","","","","","","","","","","","","37.47999954223633","37.47999954223633","37.47999954223633"
"3722","","","","39.130001068115234","39.130001068115234","39.130001068115234","39.95000076293945","39.95000076293945","39.95000076293945","41.11000061035156","41.11000061035156","41.11000061035156","43.119998931884766","43.119998931884766","43.119998931884766","","","","","","","","",""
"3723","","","","","","","","","","","","","","","","43.720001220703125","43.720001220703125","43.720001220703125","39.0099983215332","39.0099983215332","39.0099983215332","","",""
"3749","39.46500015258789","37.40999984741211","41.52000045776367","","","","","","","","","","","","","","","","","","","","",""
"3750","","","","","","","","","","","","","","","","","","","","","","39.9900016784668","39.9900016784668","39.9900016784668"
"3859","","","","40.5099983215332","40.5099983215332","40.5099983215332","37.779998779296875","37.779998779296875","37.779998779296875","36.880001068115234","36.880001068115234","36.880001068115234","45.029998779296875","45.029998779296875","45.029998779296875","","","","","","","","",""
"3860","","","","","","","","","","","","","","","","43.5","43.5","43.5","40.58000183105469","40.58000183105469","40.58000183105469","","",""
"3946","40.97500038146973","39.540000915527344","42.40999984741211","","","","","","","","","","","","","","","","","","","","",""
"3947","","","","","","","","","","","","","","","","","","","","","","41.54999923706055","41.54999923706055","41.54999923706055"
"4061","","","","40.810001373291016","40.810001373291016","40.810001373291016","39.689998626708984","39.689998626708984","39.689998626708984","37.439998626708984","37.439998626708984","37.439998626708984","44.689998626708984","44.689998626708984","44.689998626708984","","","","","","","","",""
"4062","","","","","","","","","","","","","","","","40.54999923706055","40.54999923706055","40.54999923706055","38.75","38.75","38.75","","",""
"4078","39.78000068664551","38.83000183105469","40.72999954223633","","","","","","","","","","","","","","","","","","","","",""
"4079","","","","","","","","","","","","","","","","","","","","","","42.560001373291016","42.560001373291016","42.560001373291016"
"4198","","","","41.70000076293945","41.70000076293945","41.70000076293945","39.15999984741211","39.15999984741211","39.15999984741211","38.22999954223633","38.22999954223633","38.22999954223633","46.939998626708984","46.939998626708984","46.939998626708984","","","","","","","","",""
"4199","","","","","","","","","","","","","","","","39.689998626708984","39.689998626708984","39.689998626708984","37.06999969482422","37.06999969482422","37.06999969482422","","",""
"4275","42.135000228881836","41.369998931884766","42.900001525878906","","","","","","","","","","","","","","","","","","","","",""
"4276","","","","","","","","","","","","","","","","","","","","","","42.2599983215332","42.2599983215332","42.2599983215332"
"4400","","","","43.09000015258789","43.09000015258789","43.09000015258789","40.279998779296875","40.279998779296875","40.279998779296875","41.2599983215332","41.2599983215332","41.2599983215332","44.060001373291016","44.060001373291016","44.060001373291016","","","","","","","","",""
"4401","","","","","","","","","","","","","","","","40.5099983215332","40.5099983215332","40.5099983215332","35.79999923706055","35.79999923706055","35.79999923706055","","",""
"4407","42.44999885559082","40.91999816894531","43.97999954223633","","","","","","","","","","","","","","","","","","","","",""
"4408","","","","","","","","","","","","","","","","","","","","","","40.58000183105469","40.58000183105469","40.58000183105469"
"4537","","","","44.619998931884766","44.619998931884766","44.619998931884766","39.84000015258789","39.84000015258789","39.84000015258789","","","","48.09000015258789","48.09000015258789","48.09000015258789","","","","","","","","",""
"4538","","","","","","","","","","","","","","","","37.2599983215332","37.2599983215332","37.2599983215332","34.34000015258789","34.34000015258789","34.34000015258789","","",""
"4604","41.739999771118164","40.43000030517578","43.04999923706055","","","","","","","","","","","","","","","","","","","","",""
"4605","","","","","","","","","","","","","","","","","","","","","","44.279998779296875","44.279998779296875","44.279998779296875"
"4668","","","","","","","","","","38.22999954223633","38.22999954223633","38.22999954223633","","","","","","","","","","","",""
"4736","44.564998626708984","44.5099983215332","44.619998931884766","","","","","","","","","","","","","","","","","","","","",""
"4737","","","","","","","","","","","","","","","","","","","","","","44.9900016784668","44.9900016784668","44.9900016784668"
"4739","","","","43.720001220703125","43.720001220703125","43.720001220703125","41.630001068115234","41.630001068115234","41.630001068115234","","","","46.86000061035156","46.86000061035156","46.86000061035156","","","","","","","","",""
"4740","","","","","","","","","","","","","","","","41.029998779296875","41.029998779296875","41.029998779296875","40.209999084472656","40.209999084472656","40.209999084472656","","",""
"4870","","","","","","","","","","40.130001068115234","40.130001068115234","40.130001068115234","","","","","","","","","","","",""
"4876","","","","42.380001068115234","42.380001068115234","42.380001068115234","42.08000183105469","42.08000183105469","42.08000183105469","","","","45.88999938964844","45.88999938964844","45.88999938964844","","","","","","","","",""
"4877","","","","","","","","","","","","","","","","42.939998626708984","42.939998626708984","42.939998626708984","40.91999816894531","40.91999816894531","40.91999816894531","","",""
"4933","43.1200008392334","42.970001220703125","43.27000045776367","","","","","","","","","","","","","","","","","","","","",""
"4934","","","","","","","","","","","","","","","","","","","","","","43.650001525878906","43.650001525878906","43.650001525878906"
"5007","","","","","","","","","","38.040000915527344","38.040000915527344","38.040000915527344","","","","","","","","","","","",""
"5065","43.94500160217285","42.150001525878906","45.7400016784668","","","","","","","","","","","","","","","","","","","","",""
"5066","","","","","","","","","","","","","","","","","","","","","","40.77000045776367","40.77000045776367","40.77000045776367"
"5078","","","","42.900001525878906","42.900001525878906","42.900001525878906","38.040000915527344","38.040000915527344","38.040000915527344","","","","51.61000061035156","51.61000061035156","51.61000061035156","","","","","","","","",""
"5079","","","","","","","","","","","","","","","","40.31999969482422","40.31999969482422","40.31999969482422","39.2400016784668","39.2400016784668","39.2400016784668","","",""
"5209","","","","","","","","","","40.77000045776367","40.77000045776367","40.77000045776367","","","","","","","","","","","",""
"5215","","","","44.279998779296875","44.279998779296875","44.279998779296875","37.7400016784668","37.7400016784668","37.7400016784668","","","","51.939998626708984","51.939998626708984","51.939998626708984","","","","","","","","",""
"5216","","","","","","","","","","","","","","","","45.25","45.25","45.25","36.65999984741211","36.65999984741211","36.65999984741211","","",""
"5262","42.6200008392334","42.34000015258789","42.900001525878906","","","","","","","","","","","","","","","","","","","","",""
"5263","","","","","","","","","","","","","","","","","","","","","","47.90999984741211","47.90999984741211","47.90999984741211"
"5264","42.900001525878906","42.900001525878906","42.900001525878906","","","","","","","","","","","","","","","","","","","","",""
"5346","","","","","","","","","","38.380001068115234","38.380001068115234","38.380001068115234","","","","","","","","","","","",""
"5394","44.16999816894531","44.16999816894531","44.16999816894531","","","","","","","","","","","","","","","","","","","","",""
"5395","","","","","","","","","","","","","","","","","","","","","","44.540000915527344","44.540000915527344","44.540000915527344"
"5417","","","","41.630001068115234","41.630001068115234","41.630001068115234","39.869998931884766","39.869998931884766","39.869998931884766","","","","48.16999816894531","48.16999816894531","48.16999816894531","","","","","","","","",""
"5418","","","","","","","","","","","","","","","","46.75","46.75","46.75","35.349998474121094","35.349998474121094","35.349998474121094","","",""
"5548","","","","","","","","","","40.31999969482422","40.31999969482422","40.31999969482422","","","","","","","","","","","",""
"5554","","","","46.4900016784668","46.4900016784668","46.4900016784668","40.65999984741211","40.65999984741211","40.65999984741211","","","","46.75","46.75","46.75","","","","","","","","",""
"5555","","","","","","","","","","","","","","","","44.36000061035156","44.36000061035156","44.36000061035156","45.099998474121094","45.099998474121094","45.099998474121094","","",""
"5592","","","","","","","","","","","","","","","","","","","","","","47.56999969482422","47.56999969482422","47.56999969482422"
"5685","","","","","","","","","","39.90999984741211","39.90999984741211","39.90999984741211","","","","","","","","","","","",""
"5724","","","","","","","","","","","","","","","","","","","","","","44.130001068115234","44.130001068115234","44.130001068115234"
"5756","","","","46.790000915527344","46.790000915527344","46.790000915527344","44.9900016784668","44.9900016784668","44.9900016784668","","","","47.939998626708984","47.939998626708984","47.939998626708984","","","","","","","","",""
"5757","","","","","","","","","","","","","","","","43.41999816894531","43.41999816894531","43.41999816894531","37.2599983215332","37.2599983215332","37.2599983215332","","",""
"5887","","","","","","","","","","38.68000030517578","38.68000030517578","38.68000030517578","","","","","","","","","","","",""
"5893","","","","45.779998779296875","45.779998779296875","45.779998779296875","42.29999923706055","42.29999923706055","42.29999923706055","","","","49.47999954223633","49.47999954223633","49.47999954223633","","","","","","","","",""
"5894","","","","","","","","","","","","","","","","45.849998474121094","45.849998474121094","45.849998474121094","41.06999969482422","41.06999969482422","41.06999969482422","","",""
"5921","","","","","","","","","","","","","","","","","","","","","","46.81999969482422","46.81999969482422","46.81999969482422"
"6024","","","","","","","","","","39.650001525878906","39.650001525878906","39.650001525878906","","","","","","","","","","","",""
"6053","","","","","","","","","","","","","","","","","","","","","","47.04999923706055","47.04999923706055","47.04999923706055"
"6095","","","","45.779998779296875","45.779998779296875","45.779998779296875","36.470001220703125","36.470001220703125","36.470001220703125","","","","48.84000015258789","48.84000015258789","48.84000015258789","","","","","","","","",""
"6096","","","","","","","","","","","","","","","","42.86000061035156","42.86000061035156","42.86000061035156","42.599998474121094","42.599998474121094","42.599998474121094","","",""
"6226","","","","","","","","","","41.59000015258789","41.59000015258789","41.59000015258789","","","","","","","","","","","",""
"6232","","","","46.34000015258789","46.34000015258789","46.34000015258789","42.970001220703125","42.970001220703125","42.970001220703125","","","","","","","","","","","","","","",""
"6233","","","","","","","","","","","","","43.650001525878906","43.650001525878906","43.650001525878906","43.95000076293945","43.95000076293945","43.95000076293945","39.310001373291016","39.310001373291016","39.310001373291016","","",""
"6250","","","","","","","","","","","","","","","","","","","","","","50.189998626708984","50.189998626708984","50.189998626708984"
"6363","","","","","","","","","","40.130001068115234","40.130001068115234","40.130001068115234","","","","","","","","","","","",""
"6382","","","","","","","","","","","","","","","","","","","","","","46.11000061035156","46.11000061035156","46.11000061035156"
"6434","","","","48.880001068115234","48.880001068115234","48.880001068115234","44.38999938964844","44.38999938964844","44.38999938964844","","","","","","","","","","","","","","",""
"6435","","","","","","","","","","","","","47.04999923706055","47.04999923706055","47.04999923706055","44.84000015258789","44.84000015258789","44.84000015258789","39.15999984741211","39.15999984741211","39.15999984741211","","",""
"6565","","","","","","","","","","44.130001068115234","44.130001068115234","44.130001068115234","","","","","","","","","","","",""
"6571","","","","46.81999969482422","46.81999969482422","46.81999969482422","46.66999816894531","46.66999816894531","46.66999816894531","","","","","","","","","","","","","","",""
"6572","","","","","","","","","","","","","46.08000183105469","46.08000183105469","46.08000183105469","44.099998474121094","44.099998474121094","44.099998474121094","44.77000045776367","44.77000045776367","44.77000045776367","","",""
"6579","","","","","","","","","","","","","","","","","","","","","","47.04999923706055","47.04999923706055","47.04999923706055"
"6702","","","","","","","","","","41.40999984741211","41.40999984741211","41.40999984741211","","","","","","","","","","","",""
"6711","","","","","","","","","","","","","","","","","","","","","","47.27000045776367","47.27000045776367","47.27000045776367"
"6773","","","","45.7400016784668","45.7400016784668","45.7400016784668","38.22999954223633","38.22999954223633","38.22999954223633","","","","","","","","","","","","","","",""
"6774","","","","","","","","","","","","","45.13999938964844","45.13999938964844","45.13999938964844","39.869998931884766","39.869998931884766","39.869998931884766","37.52000045776367","37.52000045776367","37.52000045776367","","",""
"6904","","","","","","","","","","39.84000015258789","39.84000015258789","39.84000015258789","","","","","","","","","","","",""
"6908","","","","","","","","","","","","","","","","","","","","","","49.029998779296875","49.029998779296875","49.029998779296875"
"6910","","","","53.060001373291016","53.060001373291016","53.060001373291016","40.099998474121094","40.099998474121094","40.099998474121094","","","","","","","","","","","","","","",""
"6911","","","","","","","","","","","","","48.84000015258789","48.84000015258789","48.84000015258789","42.189998626708984","42.189998626708984","42.189998626708984","38.41999816894531","38.41999816894531","38.41999816894531","","",""
"7040","","","","","","","","","","","","","","","","","","","","","","48.619998931884766","48.619998931884766","48.619998931884766"
"7041","","","","","","","","","","45.029998779296875","45.029998779296875","45.029998779296875","","","","","","","","","","","",""
"7112","","","","47.0099983215332","47.0099983215332","47.0099983215332","41.88999938964844","41.88999938964844","41.88999938964844","","","","","","","","","","","","","","",""
"7113","","","","","","","","","","","","","49.959999084472656","49.959999084472656","49.959999084472656","47.5","47.5","47.5","40.84000015258789","40.84000015258789","40.84000015258789","","",""
"7237","","","","","","","","","","","","","","","","","","","","","","52.540000915527344","52.540000915527344","52.540000915527344"
"7243","","","","","","","","","","39.7599983215332","39.7599983215332","39.7599983215332","","","","","","","","","","","",""
"7249","","","","46.66999816894531","46.66999816894531","46.66999816894531","42.08000183105469","42.08000183105469","42.08000183105469","","","","","","","","","","","","","","",""
"7250","","","","","","","","","","","","","43.95000076293945","43.95000076293945","43.95000076293945","45.88999938964844","45.88999938964844","45.88999938964844","42.29999923706055","42.29999923706055","42.29999923706055","","",""
"7369","","","","","","","","","","","","","","","","","","","","","","52.20000076293945","52.20000076293945","52.20000076293945"
"7380","","","","","","","","","","42.040000915527344","42.040000915527344","42.040000915527344","","","","","","","","","","","",""
"7451","","","","48.58000183105469","48.58000183105469","48.58000183105469","44.72999954223633","44.72999954223633","44.72999954223633","","","","","","","","","","","","","","",""
"7452","","","","","","","","","","","","","47.09000015258789","47.09000015258789","47.09000015258789","47.20000076293945","47.20000076293945","47.20000076293945","40.65999984741211","40.65999984741211","40.65999984741211","","",""
"7566","","","","","","","","","","","","","","","","","","","","","","50.06999969482422","50.06999969482422","50.06999969482422"
"7582","","","","","","","","","","43.869998931884766","43.869998931884766","43.869998931884766","","","","","","","","","","","",""
"7588","","","","48.16999816894531","48.16999816894531","48.16999816894531","41.52000045776367","41.52000045776367","41.52000045776367","","","","","","","","","","","","","","",""
"7589","","","","","","","","","","","","","48.880001068115234","48.880001068115234","48.880001068115234","49.59000015258789","49.59000015258789","49.59000015258789","40.810001373291016","40.810001373291016","40.810001373291016","","",""
"7698","","","","","","","","","","","","","","","","","","","","","","53.77000045776367","53.77000045776367","53.77000045776367"
"7719","","","","","","","","","","41.93000030517578","41.93000030517578","41.93000030517578","","","","","","","","","","","",""
"7790","","","","47.41999816894531","47.41999816894531","47.41999816894531","42.40999984741211","42.40999984741211","42.40999984741211","","","","","","","","","","","","","","",""
"7791","","","","","","","","","","","","","50.29999923706055","50.29999923706055","50.29999923706055","39.09000015258789","39.09000015258789","39.09000015258789","36.16999816894531","36.16999816894531","36.16999816894531","","",""
"7895","","","","","","","","","","","","","","","","","","","","","","47.0099983215332","47.0099983215332","47.0099983215332"
"7921","","","","","","","","","","41.849998474121094","41.849998474121094","41.849998474121094","","","","","","","","","","","",""
"7927","","","","50.34000015258789","50.34000015258789","50.34000015258789","40.880001068115234","40.880001068115234","40.880001068115234","","","","","","","","","","","","","","",""
"7928","","","","","","","","","","","","","50.599998474121094","50.599998474121094","50.599998474121094","40.91999816894531","40.91999816894531","40.91999816894531","41.970001220703125","41.970001220703125","41.970001220703125","","",""
"8027","","","","","","","","","","","","","","","","","","","","","","49.959999084472656","49.959999084472656","49.959999084472656"
"8058","","","","","","","","","","43.2400016784668","43.2400016784668","43.2400016784668","","","","","","","","","","","",""
"8129","","","","43.650001525878906","43.650001525878906","43.650001525878906","42.599998474121094","42.599998474121094","42.599998474121094","","","","","","","","","","","","","","",""
"8130","","","","","","","","","","","","","51.20000076293945","51.20000076293945","51.20000076293945","45.33000183105469","45.33000183105469","45.33000183105469","44.65999984741211","44.65999984741211","44.65999984741211","","",""
"8224","","","","","","","","","","","","","","","","","","","","","","48.470001220703125","48.470001220703125","48.470001220703125"
"8260","","","","","","","","","","44.959999084472656","44.959999084472656","44.959999084472656","","","","","","","","","","","",""
"8266","","","","46.970001220703125","46.970001220703125","46.970001220703125","","","","","","","","","","","","","","","","","",""
"8267","","","","","","","","","","","","","52.650001525878906","52.650001525878906","52.650001525878906","47.68000030517578","47.68000030517578","47.68000030517578","46.900001525878906","46.900001525878906","46.900001525878906","","",""
"8356","","","","","","","","","","","","","","","","","","","","","","51.349998474121094","51.349998474121094","51.349998474121094"
"8397","","","","","","","","","","42.599998474121094","42.599998474121094","42.599998474121094","","","","","","","","","","","",""
"8468","","","","48.02000045776367","48.02000045776367","48.02000045776367","","","","","","","","","","","","","","","","","",""
"8469","","","","","","","","","","","","","51.08000183105469","51.08000183105469","51.08000183105469","40.77000045776367","40.77000045776367","40.77000045776367","44.16999816894531","44.16999816894531","44.16999816894531","","",""
"8553","","","","","","","","","","","","","","","","","","","","","","52.16999816894531","52.16999816894531","52.16999816894531"
"8599","","","","","","","","","","40.470001220703125","40.470001220703125","40.470001220703125","","","","","","","","","","","",""
"8605","","","","50.220001220703125","50.220001220703125","50.220001220703125","","","","","","","","","","","","","","","","","",""
"8606","","","","","","","","","","","","","48.650001525878906","48.650001525878906","48.650001525878906","45.06999969482422","45.06999969482422","45.06999969482422","43.5","43.5","43.5","","",""
"8685","","","","","","","","","","","","","","","","","","","","","","50.189998626708984","50.189998626708984","50.189998626708984"
"8736","","","","","","","","","","44.36000061035156","44.36000061035156","44.36000061035156","","","","","","","","","","","",""
"8807","","","","49.18000030517578","49.18000030517578","49.18000030517578","","","","","","","","","","","","","","","","","",""
"8808","","","","","","","","","","","","","52.20000076293945","52.20000076293945","52.20000076293945","46.150001525878906","46.150001525878906","46.150001525878906","47.939998626708984","47.939998626708984","47.939998626708984","","",""
"8882","","","","","","","","","","","","","","","","","","","","","","49.65999984741211","49.65999984741211","49.65999984741211"
"8944","","","","46.29999923706055","46.29999923706055","46.29999923706055","","","","","","","","","","","","","","","","","",""
"8945","","","","","","","","","","","","","47.41999816894531","47.41999816894531","47.41999816894531","45.54999923706055","45.54999923706055","45.54999923706055","46.040000915527344","46.040000915527344","46.040000915527344","","",""
"9014","","","","","","","","","","","","","","","","","","","","","","53.33000183105469","53.33000183105469","53.33000183105469"
"9146","","","","46.45000076293945","46.45000076293945","46.45000076293945","","","","","","","","","","","","","","","","","",""
"9147","","","","","","","","","","","","","46.970001220703125","46.970001220703125","46.970001220703125","42.75","42.75","42.75","48.43000030517578","48.43000030517578","48.43000030517578","","",""
"9211","","","","","","","","","","","","","","","","","","","","","","50.4900016784668","50.4900016784668","50.4900016784668"
"9283","","","","50.81999969482422","50.81999969482422","50.81999969482422","","","","","","","","","","","","","","","","","",""
"9284","","","","","","","","","","","","","51.7599983215332","51.7599983215332","51.7599983215332","45.630001068115234","45.630001068115234","45.630001068115234","48.540000915527344","48.540000915527344","48.540000915527344","","",""
"9343","","","","","","","","","","","","","","","","","","","","","","49.5099983215332","49.5099983215332","49.5099983215332"
"9485","","","","46.790000915527344","46.790000915527344","46.790000915527344","","","","","","","","","","","","","","","","","",""
"9486","","","","","","","","","","","","","53.209999084472656","53.209999084472656","53.209999084472656","43.20000076293945","43.20000076293945","43.20000076293945","47.869998931884766","47.869998931884766","47.869998931884766","","",""
"9540","","","","","","","","","","","","","","","","","","","","","","51.349998474121094","51.349998474121094","51.349998474121094"
"9622","","","","48.130001068115234","48.130001068115234","48.130001068115234","","","","","","","","","","","","","","","","","",""
"9623","","","","","","","","","","","","","51.15999984741211","51.15999984741211","51.15999984741211","47.939998626708984","47.939998626708984","47.939998626708984","48.5099983215332","48.5099983215332","48.5099983215332","","",""
"9672","","","","","","","","","","","","","","","","","","","","","","51.459999084472656","51.459999084472656","51.459999084472656"
"9824","","","","47.90999984741211","47.90999984741211","47.90999984741211","","","","","","","","","","","","","","","","","",""
"9825","","","","","","","","","","","","","53.060001373291016","53.060001373291016","53.060001373291016","47.869998931884766","47.869998931884766","47.869998931884766","47.650001525878906","47.650001525878906","47.650001525878906","","",""
"9869","","","","","","","","","","","","","","","","","","","","","","47.119998931884766","47.119998931884766","47.119998931884766"
"9961","","","","47.310001373291016","47.310001373291016","47.310001373291016","","","","","","","","","","","","","","","","","",""
"9962","","","","","","","","","","","","","50.369998931884766","50.369998931884766","50.369998931884766","46.86000061035156","46.86000061035156","46.86000061035156","43.2400016784668","43.2400016784668","43.2400016784668","","",""
"10001","","","","","","","","","","","","","","","","","","","","","","52.38999938964844","52.38999938964844","52.38999938964844"
"10163","","","","50.779998779296875","50.779998779296875","50.779998779296875","","","","","","","","","","","","","","","","","",""
"10164","","","","","","","","","","","","","49.959999084472656","49.959999084472656","49.959999084472656","42.970001220703125","42.970001220703125","42.970001220703125","45.959999084472656","45.959999084472656","45.959999084472656","","",""
"10198","","","","","","","","","","","","","","","","","","","","","","53.18000030517578","53.18000030517578","53.18000030517578"
"10301","","","","","","","","","","","","","51.459999084472656","51.459999084472656","51.459999084472656","46.709999084472656","46.709999084472656","46.709999084472656","43.20000076293945","43.20000076293945","43.20000076293945","","",""
"10330","","","","","","","","","","","","","","","","","","","","","","54.900001525878906","54.900001525878906","54.900001525878906"
"10503","","","","","","","","","","","","","53.810001373291016","53.810001373291016","53.810001373291016","","","","","","","","",""
"10527","","","","","","","","","","","","","","","","","","","","","","52.02000045776367","52.02000045776367","52.02000045776367"
"10571","","","","","","","","","","","","","","","","","","","48.79999923706055","48.79999923706055","48.79999923706055","","",""
"10640","","","","","","","","","","","","","53.619998931884766","53.619998931884766","53.619998931884766","","","","","","","","",""
"10659","","","","","","","","","","","","","","","","","","","","","","51.97999954223633","51.97999954223633","51.97999954223633"
"10698","","","","","","","","","","","","","","","","47.97999954223633","47.97999954223633","47.97999954223633","","","","","",""
"10773","","","","","","","","","","","","","","","","","","","44.540000915527344","44.540000915527344","44.540000915527344","","",""
"10835","","","","","","","","","","","","","","","","49.7400016784668","49.7400016784668","49.7400016784668","","","","","",""
"10842","","","","","","","","","","","","","53.59000015258789","53.59000015258789","53.59000015258789","","","","","","","","",""
"10856","","","","","","","","","","","","","","","","","","","","","","52.540000915527344","52.540000915527344","52.540000915527344"
"10910","","","","","","","","","","","","","","","","","","","44.43000030517578","44.43000030517578","44.43000030517578","","",""
"10988","","","","","","","","","","","","","","","","","","","","","","52.43000030517578","52.43000030517578","52.43000030517578"
"11037","","","","","","","","","","","","","","","","44.58000183105469","44.58000183105469","44.58000183105469","","","","","",""
"11045","","","","","","","","","","","","","50.4900016784668","50.4900016784668","50.4900016784668","","","","","","","","",""
"11112","","","","","","","","","","","","","","","","","","","46.86000061035156","46.86000061035156","46.86000061035156","","",""
"11174","","","","","","","","","","","","","","","","47.20000076293945","47.20000076293945","47.20000076293945","","","","","",""
"11182","","","","","","","","","","","","","46.150001525878906","46.150001525878906","46.150001525878906","","","","","","","","",""
"11185","","","","","","","","","","","","","","","","","","","","","","51.63999938964844","51.63999938964844","51.63999938964844"
"11249","","","","","","","","","","","","","","","","","","","48.2400016784668","48.2400016784668","48.2400016784668","","",""
"11317","","","","","","","","","","","","","","","","","","","","","","51.529998779296875","51.529998779296875","51.529998779296875"
"11376","","","","","","","","","","","","","","","","45.47999954223633","45.47999954223633","45.47999954223633","","","","","",""
"11384","","","","","","","","","","","","","50.29999923706055","50.29999923706055","50.29999923706055","","","","","","","","",""
"11451","","","","","","","","","","","","","","","","","","","46.11000061035156","46.11000061035156","46.11000061035156","","",""
"11513","","","","","","","","","","","","","","","","45.33000183105469","45.33000183105469","45.33000183105469","","","","","",""
"11514","","","","","","","","","","","","","","","","","","","","","","50.900001525878906","50.900001525878906","50.900001525878906"
"11521","","","","","","","","","","","","","51.15999984741211","51.15999984741211","51.15999984741211","","","","","","","","",""
"11588","","","","","","","","","","","","","","","","","","","45.66999816894531","45.66999816894531","45.66999816894531","","",""
"11646","","","","","","","","","","","","","","","","","","","","","","50.34000015258789","50.34000015258789","50.34000015258789"
"11715","","","","","","","","","","","","","","","","45.70000076293945","45.70000076293945","45.70000076293945","","","","","",""
"11723","","","","","","","","","","","","","53.54999923706055","53.54999923706055","53.54999923706055","","","","","","","","",""
"11725","","","","","","","","","","","","","","","","","","","48.470001220703125","48.470001220703125","48.470001220703125","","",""
"11732","","","","","","","","","","","","","","","","","","","48.470001220703125","48.470001220703125","48.470001220703125","","",""
"11843","","","","","","","","","","","","","","","","","","","","","","50.11000061035156","50.11000061035156","50.11000061035156"
"11852","","","","","","","","","","","","","","","","47.5","47.5","47.5","","","","","",""
"11863","","","","","","","","","","","","","","","","","","","40.91999816894531","40.91999816894531","40.91999816894531","","",""
"11870","","","","","","","","","","","","","","","","","","","40.91999816894531","40.91999816894531","40.91999816894531","","",""
"11926","","","","","","","","","","","","","53.810001373291016","53.810001373291016","53.810001373291016","","","","","","","","",""
"11975","","","","","","","","","","","","","","","","","","","","","","49.25","49.25","49.25"
"12054","","","","","","","","","","","","","","","","45.70000076293945","45.70000076293945","45.70000076293945","","","","","",""
"12066","","","","","","","","","","","","","","","","","","","40.959999084472656","40.959999084472656","40.959999084472656","","",""
"12129","","","","","","","","","","","","","43.349998474121094","43.349998474121094","43.349998474121094","","","","","","","","",""
"12172","","","","","","","","","","","","","","","","","","","","","","50.369998931884766","50.369998931884766","50.369998931884766"
"12191","","","","","","","","","","","","","","","","47.04999923706055","47.04999923706055","47.04999923706055","","","","","",""
"12198","","","","","","","","","","","","","","","","47.349998474121094","47.349998474121094","47.349998474121094","","","","","",""
"12203","","","","","","","","","","","","","","","","","","","43.97999954223633","43.97999954223633","43.97999954223633","","",""
"12205","","","","","","","","","","","","","","","","47.349998474121094","47.349998474121094","47.349998474121094","","","","","",""
"12267","","","","","","","","","","","","","53.209999084472656","53.209999084472656","53.209999084472656","","","","","","","","",""
"12271","","","","","","","","","","","","","","","","47.15999984741211","47.15999984741211","47.15999984741211","","","","","",""
"12304","","","","","","","","","","","","","","","","","","","","","","56.02000045776367","56.02000045776367","56.02000045776367"
"12405","","","","","","","","","","","","","","","","","","","46.150001525878906","46.150001525878906","46.150001525878906","","",""
"12469","","","","","","","","","","","","","54.33000183105469","54.33000183105469","54.33000183105469","","","","","","","","",""
"12473","","","","","","","","","","","","","","","","48.58000183105469","48.58000183105469","48.58000183105469","","","","","",""
"12501","","","","","","","","","","","","","","","","","","","","","","54.66999816894531","54.66999816894531","54.66999816894531"
"12542","","","","","","","","","","","","","","","","","","","51.04999923706055","51.04999923706055","51.04999923706055","","",""
"12606","","","","","","","","","","","","","54.560001373291016","54.560001373291016","54.560001373291016","","","","","","","","",""
"12610","","","","","","","","","","","","","","","","45.33000183105469","45.33000183105469","45.33000183105469","","","","","",""
"12633","","","","","","","","","","","","","","","","","","","","","","58.150001525878906","58.150001525878906","58.150001525878906"
"12744","","","","","","","","","","","","","","","","","","","51.68000030517578","51.68000030517578","51.68000030517578","","",""
"12808","","","","","","","","","","","","","52.20000076293945","52.20000076293945","52.20000076293945","","","","","","","","",""
"12812","","","","","","","","","","","","","","","","49.13999938964844","49.13999938964844","49.13999938964844","","","","","",""
"12830","","","","","","","","","","","","","","","","","","","","","","54.86000061035156","54.86000061035156","54.86000061035156"
"12881","","","","","","","","","","","","","","","","","","","46.790000915527344","46.790000915527344","46.790000915527344","","",""
"12945","","","","","","","","","","","","","54.93000030517578","54.93000030517578","54.93000030517578","","","","","","","","",""
"12949","","","","","","","","","","","","","","","","49.59000015258789","49.59000015258789","49.59000015258789","","","","","",""
"12962","","","","","","","","","","","","","","","","","","","","","","56.540000915527344","56.540000915527344","56.540000915527344"
"13083","","","","","","","","","","","","","","","","","","","48.880001068115234","48.880001068115234","48.880001068115234","","",""
"13147","","","","","","","","","","","","","52.130001068115234","52.130001068115234","52.130001068115234","","","","","","","","",""
"13151","","","","","","","","","","","","","","","","52.619998931884766","52.619998931884766","52.619998931884766","","","","","",""
"13159","","","","","","","","","","","","","","","","","","","","","","54.66999816894531","54.66999816894531","54.66999816894531"
"13220","","","","","","","","","","","","","","","","","","","47.79999923706055","47.79999923706055","47.79999923706055","","",""
"13284","","","","","","","","","","","","","52.650001525878906","52.650001525878906","52.650001525878906","","","","","","","","",""
"13288","","","","","","","","","","","","","","","","46.709999084472656","46.709999084472656","46.709999084472656","","","","","",""
"13291","","","","","","","","","","","","","","","","","","","","","","53.59000015258789","53.59000015258789","53.59000015258789"
"13422","","","","","","","","","","","","","","","","","","","48.43000030517578","48.43000030517578","48.43000030517578","","",""
"13486","","","","","","","","","","","","","54.75","54.75","54.75","","","","","","","","",""
"13488","","","","","","","","","","","","","","","","","","","","","","57.70000076293945","57.70000076293945","57.70000076293945"
"13490","","","","","","","","","","","","","","","","54.45000076293945","54.45000076293945","54.45000076293945","","","","","",""
"13559","","","","","","","","","","","","","","","","","","","47.0099983215332","47.0099983215332","47.0099983215332","","",""
"13620","","","","","","","","","","","","","","","","","","","","","","52.650001525878906","52.650001525878906","52.650001525878906"
"13623","","","","","","","","","","","","","54.47999954223633","54.47999954223633","54.47999954223633","","","","","","","","",""
"13627","","","","","","","","","","","","","","","","55.4900016784668","55.4900016784668","55.4900016784668","","","","","",""
"13761","","","","","","","","","","","","","","","","","","","51.380001068115234","51.380001068115234","51.380001068115234","","",""
"13817","","","","","","","","","","","","","","","","","","","","","","53.54999923706055","53.54999923706055","53.54999923706055"
"13825","","","","","","","","","","","","","55.869998931884766","55.869998931884766","55.869998931884766","","","","","","","","",""
"13829","","","","","","","","","","","","","","","","50.11000061035156","50.11000061035156","50.11000061035156","","","","","",""
"13898","","","","","","","","","","","","","","","","","","","52.95000076293945","52.95000076293945","52.95000076293945","","",""
"13949","","","","","","","","","","","","","","","","","","","","","","55.900001525878906","55.900001525878906","55.900001525878906"
"13962","","","","","","","","","","","","","53.70000076293945","53.70000076293945","53.70000076293945","","","","","","","","",""
"13966","","","","","","","","","","","","","","","","50.150001525878906","50.150001525878906","50.150001525878906","","","","","",""
"14100","","","","","","","","","","","","","","","","","","","49.439998626708984","49.439998626708984","49.439998626708984","","",""
"14146","","","","","","","","","","","","","","","","","","","","","","54.45000076293945","54.45000076293945","54.45000076293945"
"14164","","","","","","","","","","","","","50.52000045776367","50.52000045776367","50.52000045776367","","","","","","","","",""
"14168","","","","","","","","","","","","","","","","49.88999938964844","49.88999938964844","49.88999938964844","","","","","",""
"14237","","","","","","","","","","","","","","","","","","","51.720001220703125","51.720001220703125","51.720001220703125","","",""
"14278","","","","","","","","","","","","","","","","","","","","","","52.650001525878906","52.650001525878906","52.650001525878906"
"14301","","","","","","","","","","","","","52.84000015258789","52.84000015258789","52.84000015258789","","","","","","","","",""
"14305","","","","","","","","","","","","","","","","49.5099983215332","49.5099983215332","49.5099983215332","","","","","",""
"14439","","","","","","","","","","","","","","","","","","","47.380001068115234","47.380001068115234","47.380001068115234","","",""
"14475","","","","","","","","","","","","","","","","","","","","","","59.0099983215332","59.0099983215332","59.0099983215332"
"14503","","","","","","","","","","","","","52.09000015258789","52.09000015258789","52.09000015258789","","","","","","","","",""
"14507","","","","","","","","","","","","","","","","46.900001525878906","46.900001525878906","46.900001525878906","","","","","",""
"14576","","","","","","","","","","","","","","","","","","","49.25","49.25","49.25","","",""
"14607","","","","","","","","","","","","","","","","","","","","","","54.369998931884766","54.369998931884766","54.369998931884766"
"14640","","","","","","","","","","","","","52.43000030517578","52.43000030517578","52.43000030517578","","","","","","","","",""
"14644","","","","","","","","","","","","","","","","45.93000030517578","45.93000030517578","45.93000030517578","","","","","",""
"14778","","","","","","","","","","","","","","","","","","","49.54999923706055","49.54999923706055","49.54999923706055","","",""
"14804","","","","","","","","","","","","","","","","","","","","","","54.779998779296875","54.779998779296875","54.779998779296875"
"14842","","","","","","","","","","","","","55.040000915527344","55.040000915527344","55.040000915527344","","","","","","","","",""
"14846","","","","","","","","","","","","","","","","50.560001373291016","50.560001373291016","50.560001373291016","","","","","",""
"14915","","","","","","","","","","","","","","","","","","","49.06999969482422","49.06999969482422","49.06999969482422","","",""
"14936","","","","","","","","","","","","","","","","","","","","","","52.58000183105469","52.58000183105469","52.58000183105469"
"14979","","","","","","","","","","","","","54.11000061035156","54.11000061035156","54.11000061035156","","","","","","","","",""
"14983","","","","","","","","","","","","","","","","50.4900016784668","50.4900016784668","50.4900016784668","","","","","",""
"15117","","","","","","","","","","","","","","","","","","","50.560001373291016","50.560001373291016","50.560001373291016","","",""
"15133","","","","","","","","","","","","","","","","","","","","","","52.349998474121094","52.349998474121094","52.349998474121094"
"15181","","","","","","","","","","","","","53.54999923706055","53.54999923706055","53.54999923706055","","","","","","","","",""
"15185","","","","","","","","","","","","","","","","48.5099983215332","48.5099983215332","48.5099983215332","","","","","",""
"15192","","","","","","","","","","","","","","","","48.5099983215332","48.5099983215332","48.5099983215332","","","","","",""
"15254","","","","","","","","","","","","","","","","","","","48.880001068115234","48.880001068115234","48.880001068115234","","",""
"15265","","","","","","","","","","","","","","","","","","","","","","49.099998474121094","49.099998474121094","49.099998474121094"
"15318","","","","","","","","","","","","","56.90999984741211","56.90999984741211","56.90999984741211","","","","","","","","",""
"15388","","","","","","","","","","","","","","","","48.209999084472656","48.209999084472656","48.209999084472656","","","","","",""
"15456","","","","","","","","","","","","","","","","","","","51.97999954223633","51.97999954223633","51.97999954223633","","",""
"15462","","","","","","","","","","","","","","","","","","","","","","53.5099983215332","53.5099983215332","53.5099983215332"
"15463","","","","","","","","","","","","","","","","","","","51.97999954223633","51.97999954223633","51.97999954223633","","",""
"15520","","","","","","","","","","","","","54.06999969482422","54.06999969482422","54.06999969482422","","","","","","","","",""
"15525","","","","","","","","","","","","","","","","51.869998931884766","51.869998931884766","51.869998931884766","","","","","",""
"15529","","","","","","","","","","","","","","","","","","","44.880001068115234","44.880001068115234","44.880001068115234","","",""
"15594","","","","","","","","","","","","","","","","","","","","","","51.869998931884766","51.869998931884766","51.869998931884766"
"15657","","","","","","","","","","","","","54.150001525878906","54.150001525878906","54.150001525878906","","","","","","","","",""
"15666","","","","","","","","","","","","","","","","","","","46.52000045776367","46.52000045776367","46.52000045776367","","",""
"15727","","","","","","","","","","","","","","","","51.349998474121094","51.349998474121094","51.349998474121094","","","","","",""
"15791","","","","","","","","","","","","","","","","","","","","","","50.86000061035156","50.86000061035156","50.86000061035156"
"15859","","","","","","","","","","","","","54.29999923706055","54.29999923706055","54.29999923706055","","","","","","","","",""
"15864","","","","","","","","","","","","","","","","51.27000045776367","51.27000045776367","51.27000045776367","","","","","",""
"15868","","","","","","","","","","","","","","","","","","","46.599998474121094","46.599998474121094","46.599998474121094","","",""
"15923","","","","","","","","","","","","","","","","","","","","","","54.52000045776367","54.52000045776367","54.52000045776367"
"15925","","","","","","","","","","","","","","","","","","","","","","54.52000045776367","54.52000045776367","54.52000045776367"
"15996","","","","","","","","","","","","","50.75","50.75","50.75","","","","","","","","",""
"16005","","","","","","","","","","","","","","","","","","","49.13999938964844","49.13999938964844","49.13999938964844","","",""
"16066","","","","","","","","","","","","","","","","52.95000076293945","52.95000076293945","52.95000076293945","","","","","",""
"16198","","","","","","","","","","","","","54","54","54","","","","","","","","",""
"16203","","","","","","","","","","","","","","","","50.93000030517578","50.93000030517578","50.93000030517578","","","","","",""
"16207","","","","","","","","","","","","","","","","","","","51.939998626708984","51.939998626708984","51.939998626708984","","",""
"16335","","","","","","","","","","","","","52.470001220703125","52.470001220703125","52.470001220703125","","","","","","","","",""
"16344","","","","","","","","","","","","","","","","","","","51.20000076293945","51.20000076293945","51.20000076293945","","",""
"16405","","","","","","","","","","","","","","","","49.25","49.25","49.25","","","","","",""
"16537","","","","","","","","","","","","","53.54999923706055","53.54999923706055","53.54999923706055","","","","","","","","",""
"16542","","","","","","","","","","","","","","","","52.43000030517578","52.43000030517578","52.43000030517578","","","","","",""
"16546","","","","","","","","","","","","","","","","","","","48.43000030517578","48.43000030517578","48.43000030517578","","",""
"16674","","","","","","","","","","","","","54.560001373291016","54.560001373291016","54.560001373291016","","","","","","","","",""
"16683","","","","","","","","","","","","","","","","","","","48.09000015258789","48.09000015258789","48.09000015258789","","",""
"16744","","","","","","","","","","","","","","","","52.619998931884766","52.619998931884766","52.619998931884766","","","","","",""
"16876","","","","","","","","","","","","","53.59000015258789","53.59000015258789","53.59000015258789","","","","","","","","",""
"16881","","","","","","","","","","","","","","","","46.63999938964844","46.63999938964844","46.63999938964844","","","","","",""
"16885","","","","","","","","","","","","","","","","","","","46.380001068115234","46.380001068115234","46.380001068115234","","",""
"16888","","","","","","","","","","","","","","","","46.63999938964844","46.63999938964844","46.63999938964844","","","","","",""
"16892","","","","","","","","","","","","","","","","","","","46.380001068115234","46.380001068115234","46.380001068115234","","",""
"17013","","","","","","","","","","","","","51.119998931884766","51.119998931884766","51.119998931884766","","","","","","","","",""
"17215","","","","","","","","","","","","","50.52000045776367","50.52000045776367","50.52000045776367","","","","","","","","",""
"17352","","","","","","","","","","","","","49.220001220703125","49.220001220703125","49.220001220703125","","","","","","","","",""
"17554","","","","","","","","","","","","","51.41999816894531","51.41999816894531","51.41999816894531","","","","","","","","",""
"17691","","","","","","","","","","","","","52.619998931884766","52.619998931884766","52.619998931884766","","","","","","","","",""
"17893","","","","","","","","","","","","","51.22999954223633","51.22999954223633","51.22999954223633","","","","","","","","",""
"18030","","","","","","","","","","","","","53.47999954223633","53.47999954223633","53.47999954223633","","","","","","","","",""