"Step","Group: text1-vision0 - evaluation/blimp/quantifiers","Group: text1-vision0 - evaluation/blimp/quantifiers__MIN","Group: text1-vision0 - evaluation/blimp/quantifiers__MAX","Group: text1-vision100 - evaluation/blimp/quantifiers","Group: text1-vision100 - evaluation/blimp/quantifiers__MIN","Group: text1-vision100 - evaluation/blimp/quantifiers__MAX","Group: text1-vision10 - evaluation/blimp/quantifiers","Group: text1-vision10 - evaluation/blimp/quantifiers__MIN","Group: text1-vision10 - evaluation/blimp/quantifiers__MAX","Group: text1-vision1 - evaluation/blimp/quantifiers","Group: text1-vision1 - evaluation/blimp/quantifiers__MIN","Group: text1-vision1 - evaluation/blimp/quantifiers__MAX","Group: text10-vision1 - evaluation/blimp/quantifiers","Group: text10-vision1 - evaluation/blimp/quantifiers__MIN","Group: text10-vision1 - evaluation/blimp/quantifiers__MAX","Group: text10-vision100 - evaluation/blimp/quantifiers","Group: text10-vision100 - evaluation/blimp/quantifiers__MIN","Group: text10-vision100 - evaluation/blimp/quantifiers__MAX","Group: text10-vision10 - evaluation/blimp/quantifiers","Group: text10-vision10 - evaluation/blimp/quantifiers__MIN","Group: text10-vision10 - evaluation/blimp/quantifiers__MAX","Group: text10-vision0 - evaluation/blimp/quantifiers","Group: text10-vision0 - evaluation/blimp/quantifiers__MIN","Group: text10-vision0 - evaluation/blimp/quantifiers__MAX"
"130","44.760000228881836","39.439998626708984","50.08000183105469","55.22999954223633","55.22999954223633","55.22999954223633","56.34000015258789","56.34000015258789","56.34000015258789","32.970001220703125","32.970001220703125","32.970001220703125","46.68000030517578","46.68000030517578","46.68000030517578","","","","","","","","",""
"131","","","","","","","","","","","","","","","","36.72999954223633","36.72999954223633","36.72999954223633","39.15999984741211","39.15999984741211","39.15999984741211","40.97999954223633","40.97999954223633","40.97999954223633"
"327","39.88999938964844","39.04999923706055","40.72999954223633","","","","","","","","","","","","","","","","","","","","",""
"328","","","","","","","","","","","","","","","","","","","","","","40.34000015258789","40.34000015258789","40.34000015258789"
"332","","","","47.810001373291016","47.810001373291016","47.810001373291016","46.2599983215332","46.2599983215332","46.2599983215332","35.189998626708984","35.189998626708984","35.189998626708984","38.04999923706055","38.04999923706055","38.04999923706055","","","","","","","","",""
"333","","","","","","","","","","","","","","","","42.13999938964844","42.13999938964844","42.13999938964844","45.029998779296875","45.029998779296875","45.029998779296875","","",""
"459","37.19499969482422","37.119998931884766","37.27000045776367","","","","","","","","","","","","","","","","","","","","",""
"460","","","","","","","","","","","","","","","","","","","","","","39.029998779296875","39.029998779296875","39.029998779296875"
"469","","","","47.810001373291016","47.810001373291016","47.810001373291016","50.619998931884766","50.619998931884766","50.619998931884766","31.219999313354492","31.219999313354492","31.219999313354492","32.77000045776367","32.77000045776367","32.77000045776367","","","","","","","","",""
"470","","","","","","","","","","","","","","","","47.27000045776367","47.27000045776367","47.27000045776367","41.290000915527344","41.290000915527344","41.290000915527344","","",""
"656","34.415000915527344","32.77000045776367","36.060001373291016","","","","","","","","","","","","","","","","","","","","",""
"657","","","","","","","","","","","","","","","","","","","","","","30.579999923706055","30.579999923706055","30.579999923706055"
"671","","","","33.56999969482422","33.56999969482422","33.56999969482422","40.86000061035156","40.86000061035156","40.86000061035156","28.829999923706055","28.829999923706055","28.829999923706055","32.25","32.25","32.25","","","","","","","","",""
"672","","","","","","","","","","","","","","","","32.720001220703125","32.720001220703125","32.720001220703125","30.729999542236328","30.729999542236328","30.729999542236328","","",""
"788","41.07500076293945","39.34000015258789","42.810001373291016","","","","","","","","","","","","","","","","","","","","",""
"789","","","","","","","","","","","","","","","","","","","","","","41.45000076293945","41.45000076293945","41.45000076293945"
"808","","","","27.790000915527344","27.790000915527344","27.790000915527344","37.869998931884766","37.869998931884766","37.869998931884766","37.63999938964844","37.63999938964844","37.63999938964844","38.5099983215332","38.5099983215332","38.5099983215332","","","","","","","","",""
"809","","","","","","","","","","","","","","","","37.040000915527344","37.040000915527344","37.040000915527344","27.610000610351562","27.610000610351562","27.610000610351562","","",""
"985","43.920000076293945","42.61000061035156","45.22999954223633","","","","","","","","","","","","","","","","","","","","",""
"986","","","","","","","","","","","","","","","","","","","","","","43.06999969482422","43.06999969482422","43.06999969482422"
"1010","","","","33.2599983215332","33.2599983215332","33.2599983215332","36.400001525878906","36.400001525878906","36.400001525878906","37.869998931884766","37.869998931884766","37.869998931884766","37.7599983215332","37.7599983215332","37.7599983215332","","","","","","","","",""
"1011","","","","","","","","","","","","","","","","42.810001373291016","42.810001373291016","42.810001373291016","41.13999938964844","41.13999938964844","41.13999938964844","","",""
"1117","46.05500030517578","44.560001373291016","47.54999923706055","","","","","","","","","","","","","","","","","","","","",""
"1118","","","","","","","","","","","","","","","","","","","","","","47.0099983215332","47.0099983215332","47.0099983215332"
"1147","","","","38.02000045776367","38.02000045776367","38.02000045776367","39.77000045776367","39.77000045776367","39.77000045776367","45.209999084472656","45.209999084472656","45.209999084472656","38.900001525878906","38.900001525878906","38.900001525878906","","","","","","","","",""
"1148","","","","","","","","","","","","","","","","48.220001220703125","48.220001220703125","48.220001220703125","41.9900016784668","41.9900016784668","41.9900016784668","","",""
"1314","48.73500061035156","48.220001220703125","49.25","","","","","","","","","","","","","","","","","","","","",""
"1315","","","","","","","","","","","","","","","","","","","","","","48.47999954223633","48.47999954223633","48.47999954223633"
"1349","","","","44.310001373291016","44.310001373291016","44.310001373291016","42.25","42.25","42.25","53.349998474121094","53.349998474121094","53.349998474121094","50.70000076293945","50.70000076293945","50.70000076293945","","","","","","","","",""
"1350","","","","","","","","","","","","","","","","48.040000915527344","48.040000915527344","48.040000915527344","50.18000030517578","50.18000030517578","50.18000030517578","","",""
"1446","55.71999931335449","52.959999084472656","58.47999954223633","","","","","","","","","","","","","","","","","","","","",""
"1447","","","","","","","","","","","","","","","","","","","","","","51.2400016784668","51.2400016784668","51.2400016784668"
"1486","","","","50.93000030517578","50.93000030517578","50.93000030517578","48.02000045776367","48.02000045776367","48.02000045776367","53.91999816894531","53.91999816894531","53.91999816894531","60.380001068115234","60.380001068115234","60.380001068115234","","","","","","","","",""
"1487","","","","","","","","","","","","","","","","52.83000183105469","52.83000183105469","52.83000183105469","51.209999084472656","51.209999084472656","51.209999084472656","","",""
"1643","58.92499923706055","58.88999938964844","58.959999084472656","","","","","","","","","","","","","","","","","","","","",""
"1644","","","","","","","","","","","","","","","","","","","","","","61.77000045776367","61.77000045776367","61.77000045776367"
"1688","","","","51.93000030517578","51.93000030517578","51.93000030517578","59.33000183105469","59.33000183105469","59.33000183105469","60.43000030517578","60.43000030517578","60.43000030517578","70.58000183105469","70.58000183105469","70.58000183105469","","","","","","","","",""
"1689","","","","","","","","","","","","","","","","61.5099983215332","61.5099983215332","61.5099983215332","57.650001525878906","57.650001525878906","57.650001525878906","","",""
"1775","66.27999877929688","60.43000030517578","72.12999725341797","","","","","","","","","","","","","","","","","","","","",""
"1776","","","","","","","","","","","","","","","","","","","","","","62.439998626708984","62.439998626708984","62.439998626708984"
"1825","","","","55.7400016784668","55.7400016784668","55.7400016784668","57.38999938964844","57.38999938964844","57.38999938964844","61.77000045776367","61.77000045776367","61.77000045776367","68.02999877929688","68.02999877929688","68.02999877929688","","","","","","","","",""
"1826","","","","","","","","","","","","","","","","59.91999816894531","59.91999816894531","59.91999816894531","54.63999938964844","54.63999938964844","54.63999938964844","","",""
"1972","66.38500022888184","63.630001068115234","69.13999938964844","","","","","","","","","","","","","","","","","","","","",""
"1973","","","","","","","","","","","","","","","","","","","","","","69.01000213623047","69.01000213623047","69.01000213623047"
"2027","","","","63.810001373291016","63.810001373291016","63.810001373291016","70.0199966430664","70.0199966430664","70.0199966430664","66.91999816894531","66.91999816894531","66.91999816894531","69.6500015258789","69.6500015258789","69.6500015258789","","","","","","","","",""
"2028","","","","","","","","","","","","","","","","64.25","64.25","64.25","61.95000076293945","61.95000076293945","61.95000076293945","","",""
"2104","67.63000106811523","66.1500015258789","69.11000061035156","","","","","","","","","","","","","","","","","","","","",""
"2105","","","","","","","","","","","","","","","","","","","","","","67.72000122070312","67.72000122070312","67.72000122070312"
"2164","","","","63.90999984741211","63.90999984741211","63.90999984741211","72.36000061035156","72.36000061035156","72.36000061035156","63.68000030517578","63.68000030517578","63.68000030517578","71.87000274658203","71.87000274658203","71.87000274658203","","","","","","","","",""
"2165","","","","","","","","","","","","","","","","64.2699966430664","64.2699966430664","64.2699966430664","62.83000183105469","62.83000183105469","62.83000183105469","","",""
"2301","66.70500183105469","62.75","70.66000366210938","","","","","","","","","","","","","","","","","","","","",""
"2302","","","","","","","","","","","","","","","","","","","","","","65.16999816894531","65.16999816894531","65.16999816894531"
"2366","","","","62.650001525878906","62.650001525878906","62.650001525878906","71.3499984741211","71.3499984741211","71.3499984741211","61.619998931884766","61.619998931884766","61.619998931884766","69.31999969482422","69.31999969482422","69.31999969482422","","","","","","","","",""
"2367","","","","","","","","","","","","","","","","69.31999969482422","69.31999969482422","69.31999969482422","67.75","67.75","67.75","","",""
"2433","67.11499977111816","63.2400016784668","70.98999786376953","","","","","","","","","","","","","","","","","","","","",""
"2434","","","","","","","","","","","","","","","","","","","","","","64.70999908447266","64.70999908447266","64.70999908447266"
"2503","","","","61.36000061035156","61.36000061035156","61.36000061035156","65.55999755859375","65.55999755859375","65.55999755859375","57.880001068115234","57.880001068115234","57.880001068115234","70.13999938964844","70.13999938964844","70.13999938964844","","","","","","","","",""
"2504","","","","","","","","","","","","","","","","69.13999938964844","69.13999938964844","69.13999938964844","72.56999969482422","72.56999969482422","72.56999969482422","","",""
"2630","65.3499984741211","61.099998474121094","69.5999984741211","","","","","","","","","","","","","","","","","","","","",""
"2631","","","","","","","","","","","","","","","","","","","","","","59.9900016784668","59.9900016784668","59.9900016784668"
"2705","","","","66.06999969482422","66.06999969482422","66.06999969482422","70.19999694824219","70.19999694824219","70.19999694824219","54.61000061035156","54.61000061035156","54.61000061035156","65.33000183105469","65.33000183105469","65.33000183105469","","","","","","","","",""
"2706","","","","","","","","","","","","","","","","67.69999694824219","67.69999694824219","67.69999694824219","70.83999633789062","70.83999633789062","70.83999633789062","","",""
"2762","64.4900016784668","62.11000061035156","66.87000274658203","","","","","","","","","","","","","","","","","","","","",""
"2763","","","","","","","","","","","","","","","","","","","","","","59.9900016784668","59.9900016784668","59.9900016784668"
"2842","","","","64.97000122070312","64.97000122070312","64.97000122070312","69.68000030517578","69.68000030517578","69.68000030517578","65.43000030517578","65.43000030517578","65.43000030517578","62.880001068115234","62.880001068115234","62.880001068115234","","","","","","","","",""
"2843","","","","","","","","","","","","","","","","68.29000091552734","68.29000091552734","68.29000091552734","68.86000061035156","68.86000061035156","68.86000061035156","","",""
"2959","63.55000114440918","60.7400016784668","66.36000061035156","","","","","","","","","","","","","","","","","","","","",""
"2960","","","","","","","","","","","","","","","","","","","","","","60.95000076293945","60.95000076293945","60.95000076293945"
"3044","","","","65.81999969482422","65.81999969482422","65.81999969482422","67.56999969482422","67.56999969482422","67.56999969482422","61.75","61.75","61.75","63.13999938964844","63.13999938964844","63.13999938964844","","","","","","","","",""
"3045","","","","","","","","","","","","","","","","65.22000122070312","65.22000122070312","65.22000122070312","65.66000366210938","65.66000366210938","65.66000366210938","","",""
"3091","63.67499923706055","62.36000061035156","64.98999786376953","","","","","","","","","","","","","","","","","","","","",""
"3092","","","","","","","","","","","","","","","","","","","","","","58.2400016784668","58.2400016784668","58.2400016784668"
"3181","","","","60.560001373291016","60.560001373291016","60.560001373291016","65.55999755859375","65.55999755859375","65.55999755859375","66.1500015258789","66.1500015258789","66.1500015258789","66.36000061035156","66.36000061035156","66.36000061035156","","","","","","","","",""
"3182","","","","","","","","","","","","","","","","66.58999633789062","66.58999633789062","66.58999633789062","68.01000213623047","68.01000213623047","68.01000213623047","","",""
"3288","62.01500129699707","59.9900016784668","64.04000091552734","","","","","","","","","","","","","","","","","","","","",""
"3289","","","","","","","","","","","","","","","","","","","","","","58.86000061035156","58.86000061035156","58.86000061035156"
"3383","","","","66.27999877929688","66.27999877929688","66.27999877929688","61.79999923706055","61.79999923706055","61.79999923706055","56.75","56.75","56.75","64.2699966430664","64.2699966430664","64.2699966430664","","","","","","","","",""
"3384","","","","","","","","","","","","","","","","60.22999954223633","60.22999954223633","60.22999954223633","65.81999969482422","65.81999969482422","65.81999969482422","","",""
"3420","61.845001220703125","58.290000915527344","65.4000015258789","","","","","","","","","","","","","","","","","","","","",""
"3421","","","","","","","","","","","","","","","","","","","","","","59.040000915527344","59.040000915527344","59.040000915527344"
"3520","","","","60.18000030517578","60.18000030517578","60.18000030517578","66.55999755859375","66.55999755859375","66.55999755859375","69.2699966430664","69.2699966430664","69.2699966430664","67.5199966430664","67.5199966430664","67.5199966430664","","","","","","","","",""
"3521","","","","","","","","","","","","","","","","60.869998931884766","60.869998931884766","60.869998931884766","67.02999877929688","67.02999877929688","67.02999877929688","","",""
"3617","64.34499740600586","62.66999816894531","66.0199966430664","","","","","","","","","","","","","","","","","","","","",""
"3618","","","","","","","","","","","","","","","","","","","","","","56.650001525878906","56.650001525878906","56.650001525878906"
"3722","","","","66","66","66","64.44999694824219","64.44999694824219","64.44999694824219","66.87000274658203","66.87000274658203","66.87000274658203","67.36000061035156","67.36000061035156","67.36000061035156","","","","","","","","",""
"3723","","","","","","","","","","","","","","","","64.22000122070312","64.22000122070312","64.22000122070312","68.62000274658203","68.62000274658203","68.62000274658203","","",""
"3749","60.829999923706055","60.29999923706055","61.36000061035156","","","","","","","","","","","","","","","","","","","","",""
"3750","","","","","","","","","","","","","","","","","","","","","","62.34000015258789","62.34000015258789","62.34000015258789"
"3859","","","","61.75","61.75","61.75","63.9900016784668","63.9900016784668","63.9900016784668","59.61000061035156","59.61000061035156","59.61000061035156","62.56999969482422","62.56999969482422","62.56999969482422","","","","","","","","",""
"3860","","","","","","","","","","","","","","","","65.19999694824219","65.19999694824219","65.19999694824219","61.900001525878906","61.900001525878906","61.900001525878906","","",""
"3946","64.46499824523926","61.97999954223633","66.94999694824219","","","","","","","","","","","","","","","","","","","","",""
"3947","","","","","","","","","","","","","","","","","","","","","","59.16999816894531","59.16999816894531","59.16999816894531"
"4061","","","","62.4900016784668","62.4900016784668","62.4900016784668","63.72999954223633","63.72999954223633","63.72999954223633","62.959999084472656","62.959999084472656","62.959999084472656","61.36000061035156","61.36000061035156","61.36000061035156","","","","","","","","",""
"4062","","","","","","","","","","","","","","","","59.630001068115234","59.630001068115234","59.630001068115234","63.290000915527344","63.290000915527344","63.290000915527344","","",""
"4078","61.56500053405762","59.09000015258789","64.04000091552734","","","","","","","","","","","","","","","","","","","","",""
"4079","","","","","","","","","","","","","","","","","","","","","","59.16999816894531","59.16999816894531","59.16999816894531"
"4198","","","","59.7599983215332","59.7599983215332","59.7599983215332","59.529998779296875","59.529998779296875","59.529998779296875","65.66000366210938","65.66000366210938","65.66000366210938","65.22000122070312","65.22000122070312","65.22000122070312","","","","","","","","",""
"4199","","","","","","","","","","","","","","","","60.22999954223633","60.22999954223633","60.22999954223633","63.880001068115234","63.880001068115234","63.880001068115234","","",""
"4275","60.48500061035156","59.58000183105469","61.38999938964844","","","","","","","","","","","","","","","","","","","","",""
"4276","","","","","","","","","","","","","","","","","","","","","","60.869998931884766","60.869998931884766","60.869998931884766"
"4400","","","","59.65999984741211","59.65999984741211","59.65999984741211","60.91999816894531","60.91999816894531","60.91999816894531","63.290000915527344","63.290000915527344","63.290000915527344","61.97999954223633","61.97999954223633","61.97999954223633","","","","","","","","",""
"4401","","","","","","","","","","","","","","","","59.400001525878906","59.400001525878906","59.400001525878906","65.0199966430664","65.0199966430664","65.0199966430664","","",""
"4407","64.26999855041504","60.5099983215332","68.02999877929688","","","","","","","","","","","","","","","","","","","","",""
"4408","","","","","","","","","","","","","","","","","","","","","","61.720001220703125","61.720001220703125","61.720001220703125"
"4537","","","","60.02000045776367","60.02000045776367","60.02000045776367","62.34000015258789","62.34000015258789","62.34000015258789","","","","60.380001068115234","60.380001068115234","60.380001068115234","","","","","","","","",""
"4538","","","","","","","","","","","","","","","","57.38999938964844","57.38999938964844","57.38999938964844","64.70999908447266","64.70999908447266","64.70999908447266","","",""
"4604","61.954999923706055","59.689998626708984","64.22000122070312","","","","","","","","","","","","","","","","","","","","",""
"4605","","","","","","","","","","","","","","","","","","","","","","61.81999969482422","61.81999969482422","61.81999969482422"
"4668","","","","","","","","","","62.75","62.75","62.75","","","","","","","","","","","",""
"4736","59.27000045776367","56.540000915527344","62","","","","","","","","","","","","","","","","","","","","",""
"4737","","","","","","","","","","","","","","","","","","","","","","59.06999969482422","59.06999969482422","59.06999969482422"
"4739","","","","59.7400016784668","59.7400016784668","59.7400016784668","64.08999633789062","64.08999633789062","64.08999633789062","","","","56.4900016784668","56.4900016784668","56.4900016784668","","","","","","","","",""
"4740","","","","","","","","","","","","","","","","57.9900016784668","57.9900016784668","57.9900016784668","70.62999725341797","70.62999725341797","70.62999725341797","","",""
"4870","","","","","","","","","","62.72999954223633","62.72999954223633","62.72999954223633","","","","","","","","","","","",""
"4876","","","","60.47999954223633","60.47999954223633","60.47999954223633","62.75","62.75","62.75","","","","62.029998779296875","62.029998779296875","62.029998779296875","","","","","","","","",""
"4877","","","","","","","","","","","","","","","","60.91999816894531","60.91999816894531","60.91999816894531","59.689998626708984","59.689998626708984","59.689998626708984","","",""
"4933","59.875","57.93000030517578","61.81999969482422","","","","","","","","","","","","","","","","","","","","",""
"4934","","","","","","","","","","","","","","","","","","","","","","55.81999969482422","55.81999969482422","55.81999969482422"
"5007","","","","","","","","","","58.68000030517578","58.68000030517578","58.68000030517578","","","","","","","","","","","",""
"5065","61.125","58.11000061035156","64.13999938964844","","","","","","","","","","","","","","","","","","","","",""
"5066","","","","","","","","","","","","","","","","","","","","","","57.75","57.75","57.75"
"5078","","","","60.43000030517578","60.43000030517578","60.43000030517578","65.3499984741211","65.3499984741211","65.3499984741211","","","","58.68000030517578","58.68000030517578","58.68000030517578","","","","","","","","",""
"5079","","","","","","","","","","","","","","","","61.310001373291016","61.310001373291016","61.310001373291016","62.599998474121094","62.599998474121094","62.599998474121094","","",""
"5209","","","","","","","","","","55.04999923706055","55.04999923706055","55.04999923706055","","","","","","","","","","","",""
"5215","","","","58.5","58.5","58.5","65.04000091552734","65.04000091552734","65.04000091552734","","","","56.880001068115234","56.880001068115234","56.880001068115234","","","","","","","","",""
"5216","","","","","","","","","","","","","","","","59.61000061035156","59.61000061035156","59.61000061035156","64.5","64.5","64.5","","",""
"5262","60.19000053405762","56.83000183105469","63.54999923706055","","","","","","","","","","","","","","","","","","","","",""
"5263","","","","","","","","","","","","","","","","","","","","","","57.2400016784668","57.2400016784668","57.2400016784668"
"5264","63.54999923706055","63.54999923706055","63.54999923706055","","","","","","","","","","","","","","","","","","","","",""
"5346","","","","","","","","","","61.81999969482422","61.81999969482422","61.81999969482422","","","","","","","","","","","",""
"5394","59.43000030517578","59.43000030517578","59.43000030517578","","","","","","","","","","","","","","","","","","","","",""
"5395","","","","","","","","","","","","","","","","","","","","","","55.380001068115234","55.380001068115234","55.380001068115234"
"5417","","","","59.7599983215332","59.7599983215332","59.7599983215332","65.45999908447266","65.45999908447266","65.45999908447266","","","","56.34000015258789","56.34000015258789","56.34000015258789","","","","","","","","",""
"5418","","","","","","","","","","","","","","","","57.9900016784668","57.9900016784668","57.9900016784668","62.880001068115234","62.880001068115234","62.880001068115234","","",""
"5548","","","","","","","","","","55.59000015258789","55.59000015258789","55.59000015258789","","","","","","","","","","","",""
"5554","","","","65.55999755859375","65.55999755859375","65.55999755859375","63.630001068115234","63.630001068115234","63.630001068115234","","","","61.81999969482422","61.81999969482422","61.81999969482422","","","","","","","","",""
"5555","","","","","","","","","","","","","","","","57.619998931884766","57.619998931884766","57.619998931884766","64.31999969482422","64.31999969482422","64.31999969482422","","",""
"5592","","","","","","","","","","","","","","","","","","","","","","60.59000015258789","60.59000015258789","60.59000015258789"
"5685","","","","","","","","","","58.09000015258789","58.09000015258789","58.09000015258789","","","","","","","","","","","",""
"5724","","","","","","","","","","","","","","","","","","","","","","57.959999084472656","57.959999084472656","57.959999084472656"
"5756","","","","61.099998474121094","61.099998474121094","61.099998474121094","59.810001373291016","59.810001373291016","59.810001373291016","","","","58.27000045776367","58.27000045776367","58.27000045776367","","","","","","","","",""
"5757","","","","","","","","","","","","","","","","59.970001220703125","59.970001220703125","59.970001220703125","65.25","65.25","65.25","","",""
"5887","","","","","","","","","","60.06999969482422","60.06999969482422","60.06999969482422","","","","","","","","","","","",""
"5893","","","","59.65999984741211","59.65999984741211","59.65999984741211","62.56999969482422","62.56999969482422","62.56999969482422","","","","57.209999084472656","57.209999084472656","57.209999084472656","","","","","","","","",""
"5894","","","","","","","","","","","","","","","","60.119998931884766","60.119998931884766","60.119998931884766","62.650001525878906","62.650001525878906","62.650001525878906","","",""
"5921","","","","","","","","","","","","","","","","","","","","","","56.52000045776367","56.52000045776367","56.52000045776367"
"6024","","","","","","","","","","59.58000183105469","59.58000183105469","59.58000183105469","","","","","","","","","","","",""
"6053","","","","","","","","","","","","","","","","","","","","","","57.13999938964844","57.13999938964844","57.13999938964844"
"6095","","","","57.290000915527344","57.290000915527344","57.290000915527344","58.349998474121094","58.349998474121094","58.349998474121094","","","","54.65999984741211","54.65999984741211","54.65999984741211","","","","","","","","",""
"6096","","","","","","","","","","","","","","","","56.4900016784668","56.4900016784668","56.4900016784668","64.7300033569336","64.7300033569336","64.7300033569336","","",""
"6226","","","","","","","","","","58.599998474121094","58.599998474121094","58.599998474121094","","","","","","","","","","","",""
"6232","","","","59.220001220703125","59.220001220703125","59.220001220703125","62.779998779296875","62.779998779296875","62.779998779296875","","","","","","","","","","","","","","",""
"6233","","","","","","","","","","","","","56.619998931884766","56.619998931884766","56.619998931884766","55.18000030517578","55.18000030517578","55.18000030517578","60.63999938964844","60.63999938964844","60.63999938964844","","",""
"6250","","","","","","","","","","","","","","","","","","","","","","58.84000015258789","58.84000015258789","58.84000015258789"
"6363","","","","","","","","","","58.709999084472656","58.709999084472656","58.709999084472656","","","","","","","","","","","",""
"6382","","","","","","","","","","","","","","","","","","","","","","55.91999816894531","55.91999816894531","55.91999816894531"
"6434","","","","59.47999954223633","59.47999954223633","59.47999954223633","64.2699966430664","64.2699966430664","64.2699966430664","","","","","","","","","","","","","","",""
"6435","","","","","","","","","","","","","55.849998474121094","55.849998474121094","55.849998474121094","58.220001220703125","58.220001220703125","58.220001220703125","62.18000030517578","62.18000030517578","62.18000030517578","","",""
"6565","","","","","","","","","","57.959999084472656","57.959999084472656","57.959999084472656","","","","","","","","","","","",""
"6571","","","","58.040000915527344","58.040000915527344","58.040000915527344","63.209999084472656","63.209999084472656","63.209999084472656","","","","","","","","","","","","","","",""
"6572","","","","","","","","","","","","","59.27000045776367","59.27000045776367","59.27000045776367","57.470001220703125","57.470001220703125","57.470001220703125","63.290000915527344","63.290000915527344","63.290000915527344","","",""
"6579","","","","","","","","","","","","","","","","","","","","","","56.540000915527344","56.540000915527344","56.540000915527344"
"6702","","","","","","","","","","64.44999694824219","64.44999694824219","64.44999694824219","","","","","","","","","","","",""
"6711","","","","","","","","","","","","","","","","","","","","","","55.2599983215332","55.2599983215332","55.2599983215332"
"6773","","","","61.95000076293945","61.95000076293945","61.95000076293945","64.83999633789062","64.83999633789062","64.83999633789062","","","","","","","","","","","","","","",""
"6774","","","","","","","","","","","","","58.779998779296875","58.779998779296875","58.779998779296875","59.529998779296875","59.529998779296875","59.529998779296875","58.84000015258789","58.84000015258789","58.84000015258789","","",""
"6904","","","","","","","","","","57.599998474121094","57.599998474121094","57.599998474121094","","","","","","","","","","","",""
"6908","","","","","","","","","","","","","","","","","","","","","","58.13999938964844","58.13999938964844","58.13999938964844"
"6910","","","","58.630001068115234","58.630001068115234","58.630001068115234","62.72999954223633","62.72999954223633","62.72999954223633","","","","","","","","","","","","","","",""
"6911","","","","","","","","","","","","","56.36000061035156","56.36000061035156","56.36000061035156","58.86000061035156","58.86000061035156","58.86000061035156","61.81999969482422","61.81999969482422","61.81999969482422","","",""
"7040","","","","","","","","","","","","","","","","","","","","","","58.84000015258789","58.84000015258789","58.84000015258789"
"7041","","","","","","","","","","60.59000015258789","60.59000015258789","60.59000015258789","","","","","","","","","","","",""
"7112","","","","57.86000061035156","57.86000061035156","57.86000061035156","60.7400016784668","60.7400016784668","60.7400016784668","","","","","","","","","","","","","","",""
"7113","","","","","","","","","","","","","59.869998931884766","59.869998931884766","59.869998931884766","58.959999084472656","58.959999084472656","58.959999084472656","62.08000183105469","62.08000183105469","62.08000183105469","","",""
"7237","","","","","","","","","","","","","","","","","","","","","","52.45000076293945","52.45000076293945","52.45000076293945"
"7243","","","","","","","","","","62.79999923706055","62.79999923706055","62.79999923706055","","","","","","","","","","","",""
"7249","","","","60.25","60.25","60.25","61.439998626708984","61.439998626708984","61.439998626708984","","","","","","","","","","","","","","",""
"7250","","","","","","","","","","","","","58.27000045776367","58.27000045776367","58.27000045776367","58.5","58.5","58.5","55.689998626708984","55.689998626708984","55.689998626708984","","",""
"7369","","","","","","","","","","","","","","","","","","","","","","59.869998931884766","59.869998931884766","59.869998931884766"
"7380","","","","","","","","","","60.91999816894531","60.91999816894531","60.91999816894531","","","","","","","","","","","",""
"7451","","","","58.5","58.5","58.5","64.3499984741211","64.3499984741211","64.3499984741211","","","","","","","","","","","","","","",""
"7452","","","","","","","","","","","","","55.619998931884766","55.619998931884766","55.619998931884766","55.130001068115234","55.130001068115234","55.130001068115234","59.9900016784668","59.9900016784668","59.9900016784668","","",""
"7566","","","","","","","","","","","","","","","","","","","","","","60.29999923706055","60.29999923706055","60.29999923706055"
"7582","","","","","","","","","","59.529998779296875","59.529998779296875","59.529998779296875","","","","","","","","","","","",""
"7588","","","","61","61","61","61.59000015258789","61.59000015258789","61.59000015258789","","","","","","","","","","","","","","",""
"7589","","","","","","","","","","","","","58.189998626708984","58.189998626708984","58.189998626708984","60.84000015258789","60.84000015258789","60.84000015258789","65.7699966430664","65.7699966430664","65.7699966430664","","",""
"7698","","","","","","","","","","","","","","","","","","","","","","61.04999923706055","61.04999923706055","61.04999923706055"
"7719","","","","","","","","","","59.689998626708984","59.689998626708984","59.689998626708984","","","","","","","","","","","",""
"7790","","","","60.84000015258789","60.84000015258789","60.84000015258789","62.130001068115234","62.130001068115234","62.130001068115234","","","","","","","","","","","","","","",""
"7791","","","","","","","","","","","","","58.709999084472656","58.709999084472656","58.709999084472656","56.029998779296875","56.029998779296875","56.029998779296875","60.63999938964844","60.63999938964844","60.63999938964844","","",""
"7895","","","","","","","","","","","","","","","","","","","","","","58.709999084472656","58.709999084472656","58.709999084472656"
"7921","","","","","","","","","","59.939998626708984","59.939998626708984","59.939998626708984","","","","","","","","","","","",""
"7927","","","","59.970001220703125","59.970001220703125","59.970001220703125","64.4800033569336","64.4800033569336","64.4800033569336","","","","","","","","","","","","","","",""
"7928","","","","","","","","","","","","","60.119998931884766","60.119998931884766","60.119998931884766","53.88999938964844","53.88999938964844","53.88999938964844","59.29999923706055","59.29999923706055","59.29999923706055","","",""
"8027","","","","","","","","","","","","","","","","","","","","","","56.83000183105469","56.83000183105469","56.83000183105469"
"8058","","","","","","","","","","58.27000045776367","58.27000045776367","58.27000045776367","","","","","","","","","","","",""
"8129","","","","60.59000015258789","60.59000015258789","60.59000015258789","64.16999816894531","64.16999816894531","64.16999816894531","","","","","","","","","","","","","","",""
"8130","","","","","","","","","","","","","56.40999984741211","56.40999984741211","56.40999984741211","55.150001525878906","55.150001525878906","55.150001525878906","60.95000076293945","60.95000076293945","60.95000076293945","","",""
"8224","","","","","","","","","","","","","","","","","","","","","","57.54999923706055","57.54999923706055","57.54999923706055"
"8260","","","","","","","","","","57.2599983215332","57.2599983215332","57.2599983215332","","","","","","","","","","","",""
"8266","","","","60.900001525878906","60.900001525878906","60.900001525878906","","","","","","","","","","","","","","","","","",""
"8267","","","","","","","","","","","","","54.459999084472656","54.459999084472656","54.459999084472656","60.47999954223633","60.47999954223633","60.47999954223633","64.3499984741211","64.3499984741211","64.3499984741211","","",""
"8356","","","","","","","","","","","","","","","","","","","","","","56.2599983215332","56.2599983215332","56.2599983215332"
"8397","","","","","","","","","","55.97999954223633","55.97999954223633","55.97999954223633","","","","","","","","","","","",""
"8468","","","","62.54999923706055","62.54999923706055","62.54999923706055","","","","","","","","","","","","","","","","","",""
"8469","","","","","","","","","","","","","57.880001068115234","57.880001068115234","57.880001068115234","55.40999984741211","55.40999984741211","55.40999984741211","57.619998931884766","57.619998931884766","57.619998931884766","","",""
"8553","","","","","","","","","","","","","","","","","","","","","","56.08000183105469","56.08000183105469","56.08000183105469"
"8599","","","","","","","","","","61.75","61.75","61.75","","","","","","","","","","","",""
"8605","","","","60.61000061035156","60.61000061035156","60.61000061035156","","","","","","","","","","","","","","","","","",""
"8606","","","","","","","","","","","","","55.95000076293945","55.95000076293945","55.95000076293945","58.349998474121094","58.349998474121094","58.349998474121094","61.540000915527344","61.540000915527344","61.540000915527344","","",""
"8685","","","","","","","","","","","","","","","","","","","","","","60.5099983215332","60.5099983215332","60.5099983215332"
"8736","","","","","","","","","","58.400001525878906","58.400001525878906","58.400001525878906","","","","","","","","","","","",""
"8807","","","","59.9900016784668","59.9900016784668","59.9900016784668","","","","","","","","","","","","","","","","","",""
"8808","","","","","","","","","","","","","58.709999084472656","58.709999084472656","58.709999084472656","59.810001373291016","59.810001373291016","59.810001373291016","61.209999084472656","61.209999084472656","61.209999084472656","","",""
"8882","","","","","","","","","","","","","","","","","","","","","","61.77000045776367","61.77000045776367","61.77000045776367"
"8944","","","","58.400001525878906","58.400001525878906","58.400001525878906","","","","","","","","","","","","","","","","","",""
"8945","","","","","","","","","","","","","60.95000076293945","60.95000076293945","60.95000076293945","55.540000915527344","55.540000915527344","55.540000915527344","58.349998474121094","58.349998474121094","58.349998474121094","","",""
"9014","","","","","","","","","","","","","","","","","","","","","","57.08000183105469","57.08000183105469","57.08000183105469"
"9146","","","","60.790000915527344","60.790000915527344","60.790000915527344","","","","","","","","","","","","","","","","","",""
"9147","","","","","","","","","","","","","60.02000045776367","60.02000045776367","60.02000045776367","54.25","54.25","54.25","58.220001220703125","58.220001220703125","58.220001220703125","","",""
"9211","","","","","","","","","","","","","","","","","","","","","","60.20000076293945","60.20000076293945","60.20000076293945"
"9283","","","","61.4900016784668","61.4900016784668","61.4900016784668","","","","","","","","","","","","","","","","","",""
"9284","","","","","","","","","","","","","56.22999954223633","56.22999954223633","56.22999954223633","58.810001373291016","58.810001373291016","58.810001373291016","66.05000305175781","66.05000305175781","66.05000305175781","","",""
"9343","","","","","","","","","","","","","","","","","","","","","","61.04999923706055","61.04999923706055","61.04999923706055"
"9485","","","","63.86000061035156","63.86000061035156","63.86000061035156","","","","","","","","","","","","","","","","","",""
"9486","","","","","","","","","","","","","58.040000915527344","58.040000915527344","58.040000915527344","54.02000045776367","54.02000045776367","54.02000045776367","59.7599983215332","59.7599983215332","59.7599983215332","","",""
"9540","","","","","","","","","","","","","","","","","","","","","","57.75","57.75","57.75"
"9622","","","","61.93000030517578","61.93000030517578","61.93000030517578","","","","","","","","","","","","","","","","","",""
"9623","","","","","","","","","","","","","60.04999923706055","60.04999923706055","60.04999923706055","57.72999954223633","57.72999954223633","57.72999954223633","61.130001068115234","61.130001068115234","61.130001068115234","","",""
"9672","","","","","","","","","","","","","","","","","","","","","","59.380001068115234","59.380001068115234","59.380001068115234"
"9824","","","","61.540000915527344","61.540000915527344","61.540000915527344","","","","","","","","","","","","","","","","","",""
"9825","","","","","","","","","","","","","62.66999816894531","62.66999816894531","62.66999816894531","56.470001220703125","56.470001220703125","56.470001220703125","65.30000305175781","65.30000305175781","65.30000305175781","","",""
"9869","","","","","","","","","","","","","","","","","","","","","","58.31999969482422","58.31999969482422","58.31999969482422"
"9961","","","","67.2300033569336","67.2300033569336","67.2300033569336","","","","","","","","","","","","","","","","","",""
"9962","","","","","","","","","","","","","56.029998779296875","56.029998779296875","56.029998779296875","57.619998931884766","57.619998931884766","57.619998931884766","62.599998474121094","62.599998474121094","62.599998474121094","","",""
"10001","","","","","","","","","","","","","","","","","","","","","","61.77000045776367","61.77000045776367","61.77000045776367"
"10163","","","","60.25","60.25","60.25","","","","","","","","","","","","","","","","","",""
"10164","","","","","","","","","","","","","58.060001373291016","58.060001373291016","58.060001373291016","57.75","57.75","57.75","62.470001220703125","62.470001220703125","62.470001220703125","","",""
"10198","","","","","","","","","","","","","","","","","","","","","","60.380001068115234","60.380001068115234","60.380001068115234"
"10301","","","","","","","","","","","","","59.25","59.25","59.25","58.810001373291016","58.810001373291016","58.810001373291016","57.38999938964844","57.38999938964844","57.38999938964844","","",""
"10330","","","","","","","","","","","","","","","","","","","","","","59.58000183105469","59.58000183105469","59.58000183105469"
"10503","","","","","","","","","","","","","55.150001525878906","55.150001525878906","55.150001525878906","","","","","","","","",""
"10527","","","","","","","","","","","","","","","","","","","","","","62.90999984741211","62.90999984741211","62.90999984741211"
"10571","","","","","","","","","","","","","","","","","","","60.22999954223633","60.22999954223633","60.22999954223633","","",""
"10640","","","","","","","","","","","","","57.029998779296875","57.029998779296875","57.029998779296875","","","","","","","","",""
"10659","","","","","","","","","","","","","","","","","","","","","","56.4900016784668","56.4900016784668","56.4900016784668"
"10698","","","","","","","","","","","","","","","","49.849998474121094","49.849998474121094","49.849998474121094","","","","","",""
"10773","","","","","","","","","","","","","","","","","","","58.369998931884766","58.369998931884766","58.369998931884766","","",""
"10835","","","","","","","","","","","","","","","","57.439998626708984","57.439998626708984","57.439998626708984","","","","","",""
"10842","","","","","","","","","","","","","59.20000076293945","59.20000076293945","59.20000076293945","","","","","","","","",""
"10856","","","","","","","","","","","","","","","","","","","","","","56","56","56"
"10910","","","","","","","","","","","","","","","","","","","57.75","57.75","57.75","","",""
"10988","","","","","","","","","","","","","","","","","","","","","","57.86000061035156","57.86000061035156","57.86000061035156"
"11037","","","","","","","","","","","","","","","","59.27000045776367","59.27000045776367","59.27000045776367","","","","","",""
"11045","","","","","","","","","","","","","60.459999084472656","60.459999084472656","60.459999084472656","","","","","","","","",""
"11112","","","","","","","","","","","","","","","","","","","58.90999984741211","58.90999984741211","58.90999984741211","","",""
"11174","","","","","","","","","","","","","","","","56.59000015258789","56.59000015258789","56.59000015258789","","","","","",""
"11182","","","","","","","","","","","","","65.19999694824219","65.19999694824219","65.19999694824219","","","","","","","","",""
"11185","","","","","","","","","","","","","","","","","","","","","","58.779998779296875","58.779998779296875","58.779998779296875"
"11249","","","","","","","","","","","","","","","","","","","64.01000213623047","64.01000213623047","64.01000213623047","","",""
"11317","","","","","","","","","","","","","","","","","","","","","","58.88999938964844","58.88999938964844","58.88999938964844"
"11376","","","","","","","","","","","","","","","","54.7400016784668","54.7400016784668","54.7400016784668","","","","","",""
"11384","","","","","","","","","","","","","57.56999969482422","57.56999969482422","57.56999969482422","","","","","","","","",""
"11451","","","","","","","","","","","","","","","","","","","59.529998779296875","59.529998779296875","59.529998779296875","","",""
"11513","","","","","","","","","","","","","","","","56.34000015258789","56.34000015258789","56.34000015258789","","","","","",""
"11514","","","","","","","","","","","","","","","","","","","","","","56.79999923706055","56.79999923706055","56.79999923706055"
"11521","","","","","","","","","","","","","61.18000030517578","61.18000030517578","61.18000030517578","","","","","","","","",""
"11588","","","","","","","","","","","","","","","","","","","59.88999938964844","59.88999938964844","59.88999938964844","","",""
"11646","","","","","","","","","","","","","","","","","","","","","","55.36000061035156","55.36000061035156","55.36000061035156"
"11715","","","","","","","","","","","","","","","","56.70000076293945","56.70000076293945","56.70000076293945","","","","","",""
"11723","","","","","","","","","","","","","59.47999954223633","59.47999954223633","59.47999954223633","","","","","","","","",""
"11725","","","","","","","","","","","","","","","","","","","57.52000045776367","57.52000045776367","57.52000045776367","","",""
"11732","","","","","","","","","","","","","","","","","","","57.52000045776367","57.52000045776367","57.52000045776367","","",""
"11843","","","","","","","","","","","","","","","","","","","","","","57.189998626708984","57.189998626708984","57.189998626708984"
"11852","","","","","","","","","","","","","","","","56.38999938964844","56.38999938964844","56.38999938964844","","","","","",""
"11863","","","","","","","","","","","","","","","","","","","58.27000045776367","58.27000045776367","58.27000045776367","","",""
"11870","","","","","","","","","","","","","","","","","","","58.27000045776367","58.27000045776367","58.27000045776367","","",""
"11926","","","","","","","","","","","","","61.279998779296875","61.279998779296875","61.279998779296875","","","","","","","","",""
"11975","","","","","","","","","","","","","","","","","","","","","","57.08000183105469","57.08000183105469","57.08000183105469"
"12054","","","","","","","","","","","","","","","","58.84000015258789","58.84000015258789","58.84000015258789","","","","","",""
"12066","","","","","","","","","","","","","","","","","","","57.75","57.75","57.75","","",""
"12129","","","","","","","","","","","","","58.5","58.5","58.5","","","","","","","","",""
"12172","","","","","","","","","","","","","","","","","","","","","","55.95000076293945","55.95000076293945","55.95000076293945"
"12191","","","","","","","","","","","","","","","","54.7400016784668","54.7400016784668","54.7400016784668","","","","","",""
"12198","","","","","","","","","","","","","","","","55.06999969482422","55.06999969482422","55.06999969482422","","","","","",""
"12203","","","","","","","","","","","","","","","","","","","57.13999938964844","57.13999938964844","57.13999938964844","","",""
"12205","","","","","","","","","","","","","","","","55.06999969482422","55.06999969482422","55.06999969482422","","","","","",""
"12267","","","","","","","","","","","","","60.869998931884766","60.869998931884766","60.869998931884766","","","","","","","","",""
"12271","","","","","","","","","","","","","","","","54.06999969482422","54.06999969482422","54.06999969482422","","","","","",""
"12304","","","","","","","","","","","","","","","","","","","","","","59.709999084472656","59.709999084472656","59.709999084472656"
"12405","","","","","","","","","","","","","","","","","","","58.060001373291016","58.060001373291016","58.060001373291016","","",""
"12469","","","","","","","","","","","","","58.5","58.5","58.5","","","","","","","","",""
"12473","","","","","","","","","","","","","","","","56.66999816894531","56.66999816894531","56.66999816894531","","","","","",""
"12501","","","","","","","","","","","","","","","","","","","","","","58.31999969482422","58.31999969482422","58.31999969482422"
"12542","","","","","","","","","","","","","","","","","","","56.290000915527344","56.290000915527344","56.290000915527344","","",""
"12606","","","","","","","","","","","","","56.66999816894531","56.66999816894531","56.66999816894531","","","","","","","","",""
"12610","","","","","","","","","","","","","","","","56","56","56","","","","","",""
"12633","","","","","","","","","","","","","","","","","","","","","","55.81999969482422","55.81999969482422","55.81999969482422"
"12744","","","","","","","","","","","","","","","","","","","58.7599983215332","58.7599983215332","58.7599983215332","","",""
"12808","","","","","","","","","","","","","56.93000030517578","56.93000030517578","56.93000030517578","","","","","","","","",""
"12812","","","","","","","","","","","","","","","","60.02000045776367","60.02000045776367","60.02000045776367","","","","","",""
"12830","","","","","","","","","","","","","","","","","","","","","","56.70000076293945","56.70000076293945","56.70000076293945"
"12881","","","","","","","","","","","","","","","","","","","57.369998931884766","57.369998931884766","57.369998931884766","","",""
"12945","","","","","","","","","","","","","59.220001220703125","59.220001220703125","59.220001220703125","","","","","","","","",""
"12949","","","","","","","","","","","","","","","","55.099998474121094","55.099998474121094","55.099998474121094","","","","","",""
"12962","","","","","","","","","","","","","","","","","","","","","","55.4900016784668","55.4900016784668","55.4900016784668"
"13083","","","","","","","","","","","","","","","","","","","58.11000061035156","58.11000061035156","58.11000061035156","","",""
"13147","","","","","","","","","","","","","54.84000015258789","54.84000015258789","54.84000015258789","","","","","","","","",""
"13151","","","","","","","","","","","","","","","","54.349998474121094","54.349998474121094","54.349998474121094","","","","","",""
"13159","","","","","","","","","","","","","","","","","","","","","","55.540000915527344","55.540000915527344","55.540000915527344"
"13220","","","","","","","","","","","","","","","","","","","57.52000045776367","57.52000045776367","57.52000045776367","","",""
"13284","","","","","","","","","","","","","60.720001220703125","60.720001220703125","60.720001220703125","","","","","","","","",""
"13288","","","","","","","","","","","","","","","","55.099998474121094","55.099998474121094","55.099998474121094","","","","","",""
"13291","","","","","","","","","","","","","","","","","","","","","","61.099998474121094","61.099998474121094","61.099998474121094"
"13422","","","","","","","","","","","","","","","","","","","59.5099983215332","59.5099983215332","59.5099983215332","","",""
"13486","","","","","","","","","","","","","58.810001373291016","58.810001373291016","58.810001373291016","","","","","","","","",""
"13488","","","","","","","","","","","","","","","","","","","","","","57.810001373291016","57.810001373291016","57.810001373291016"
"13490","","","","","","","","","","","","","","","","55.439998626708984","55.439998626708984","55.439998626708984","","","","","",""
"13559","","","","","","","","","","","","","","","","","","","56.18000030517578","56.18000030517578","56.18000030517578","","",""
"13620","","","","","","","","","","","","","","","","","","","","","","57.5","57.5","57.5"
"13623","","","","","","","","","","","","","60.279998779296875","60.279998779296875","60.279998779296875","","","","","","","","",""
"13627","","","","","","","","","","","","","","","","52.90999984741211","52.90999984741211","52.90999984741211","","","","","",""
"13761","","","","","","","","","","","","","","","","","","","60.36000061035156","60.36000061035156","60.36000061035156","","",""
"13817","","","","","","","","","","","","","","","","","","","","","","56.439998626708984","56.439998626708984","56.439998626708984"
"13825","","","","","","","","","","","","","58.16999816894531","58.16999816894531","58.16999816894531","","","","","","","","",""
"13829","","","","","","","","","","","","","","","","58.54999923706055","58.54999923706055","58.54999923706055","","","","","",""
"13898","","","","","","","","","","","","","","","","","","","56.59000015258789","56.59000015258789","56.59000015258789","","",""
"13949","","","","","","","","","","","","","","","","","","","","","","57.34000015258789","57.34000015258789","57.34000015258789"
"13962","","","","","","","","","","","","","57.93000030517578","57.93000030517578","57.93000030517578","","","","","","","","",""
"13966","","","","","","","","","","","","","","","","59.20000076293945","59.20000076293945","59.20000076293945","","","","","",""
"14100","","","","","","","","","","","","","","","","","","","56.900001525878906","56.900001525878906","56.900001525878906","","",""
"14146","","","","","","","","","","","","","","","","","","","","","","53.68000030517578","53.68000030517578","53.68000030517578"
"14164","","","","","","","","","","","","","58.7599983215332","58.7599983215332","58.7599983215332","","","","","","","","",""
"14168","","","","","","","","","","","","","","","","57.72999954223633","57.72999954223633","57.72999954223633","","","","","",""
"14237","","","","","","","","","","","","","","","","","","","59.119998931884766","59.119998931884766","59.119998931884766","","",""
"14278","","","","","","","","","","","","","","","","","","","","","","57.86000061035156","57.86000061035156","57.86000061035156"
"14301","","","","","","","","","","","","","57.68000030517578","57.68000030517578","57.68000030517578","","","","","","","","",""
"14305","","","","","","","","","","","","","","","","56.290000915527344","56.290000915527344","56.290000915527344","","","","","",""
"14439","","","","","","","","","","","","","","","","","","","62.130001068115234","62.130001068115234","62.130001068115234","","",""
"14475","","","","","","","","","","","","","","","","","","","","","","62.38999938964844","62.38999938964844","62.38999938964844"
"14503","","","","","","","","","","","","","59.5099983215332","59.5099983215332","59.5099983215332","","","","","","","","",""
"14507","","","","","","","","","","","","","","","","55.59000015258789","55.59000015258789","55.59000015258789","","","","","",""
"14576","","","","","","","","","","","","","","","","","","","57.470001220703125","57.470001220703125","57.470001220703125","","",""
"14607","","","","","","","","","","","","","","","","","","","","","","58.13999938964844","58.13999938964844","58.13999938964844"
"14640","","","","","","","","","","","","","58.68000030517578","58.68000030517578","58.68000030517578","","","","","","","","",""
"14644","","","","","","","","","","","","","","","","56.310001373291016","56.310001373291016","56.310001373291016","","","","","",""
"14778","","","","","","","","","","","","","","","","","","","56.4900016784668","56.4900016784668","56.4900016784668","","",""
"14804","","","","","","","","","","","","","","","","","","","","","","60.459999084472656","60.459999084472656","60.459999084472656"
"14842","","","","","","","","","","","","","59.709999084472656","59.709999084472656","59.709999084472656","","","","","","","","",""
"14846","","","","","","","","","","","","","","","","55.79999923706055","55.79999923706055","55.79999923706055","","","","","",""
"14915","","","","","","","","","","","","","","","","","","","61.04999923706055","61.04999923706055","61.04999923706055","","",""
"14936","","","","","","","","","","","","","","","","","","","","","","60.7400016784668","60.7400016784668","60.7400016784668"
"14979","","","","","","","","","","","","","56.470001220703125","56.470001220703125","56.470001220703125","","","","","","","","",""
"14983","","","","","","","","","","","","","","","","56.650001525878906","56.650001525878906","56.650001525878906","","","","","",""
"15117","","","","","","","","","","","","","","","","","","","59.91999816894531","59.91999816894531","59.91999816894531","","",""
"15133","","","","","","","","","","","","","","","","","","","","","","57.290000915527344","57.290000915527344","57.290000915527344"
"15181","","","","","","","","","","","","","58.41999816894531","58.41999816894531","58.41999816894531","","","","","","","","",""
"15185","","","","","","","","","","","","","","","","61.59000015258789","61.59000015258789","61.59000015258789","","","","","",""
"15192","","","","","","","","","","","","","","","","61.59000015258789","61.59000015258789","61.59000015258789","","","","","",""
"15254","","","","","","","","","","","","","","","","","","","58.88999938964844","58.88999938964844","58.88999938964844","","",""
"15265","","","","","","","","","","","","","","","","","","","","","","60.459999084472656","60.459999084472656","60.459999084472656"
"15318","","","","","","","","","","","","","57.959999084472656","57.959999084472656","57.959999084472656","","","","","","","","",""
"15388","","","","","","","","","","","","","","","","64.88999938964844","64.88999938964844","64.88999938964844","","","","","",""
"15456","","","","","","","","","","","","","","","","","","","58.9900016784668","58.9900016784668","58.9900016784668","","",""
"15462","","","","","","","","","","","","","","","","","","","","","","60.540000915527344","60.540000915527344","60.540000915527344"
"15463","","","","","","","","","","","","","","","","","","","58.9900016784668","58.9900016784668","58.9900016784668","","",""
"15520","","","","","","","","","","","","","56.66999816894531","56.66999816894531","56.66999816894531","","","","","","","","",""
"15525","","","","","","","","","","","","","","","","60.40999984741211","60.40999984741211","60.40999984741211","","","","","",""
"15529","","","","","","","","","","","","","","","","","","","58.220001220703125","58.220001220703125","58.220001220703125","","",""
"15594","","","","","","","","","","","","","","","","","","","","","","57.31999969482422","57.31999969482422","57.31999969482422"
"15657","","","","","","","","","","","","","59.869998931884766","59.869998931884766","59.869998931884766","","","","","","","","",""
"15666","","","","","","","","","","","","","","","","","","","58.31999969482422","58.31999969482422","58.31999969482422","","",""
"15727","","","","","","","","","","","","","","","","55.91999816894531","55.91999816894531","55.91999816894531","","","","","",""
"15791","","","","","","","","","","","","","","","","","","","","","","57.41999816894531","57.41999816894531","57.41999816894531"
"15859","","","","","","","","","","","","","58.810001373291016","58.810001373291016","58.810001373291016","","","","","","","","",""
"15864","","","","","","","","","","","","","","","","59.20000076293945","59.20000076293945","59.20000076293945","","","","","",""
"15868","","","","","","","","","","","","","","","","","","","53.91999816894531","53.91999816894531","53.91999816894531","","",""
"15923","","","","","","","","","","","","","","","","","","","","","","60.43000030517578","60.43000030517578","60.43000030517578"
"15925","","","","","","","","","","","","","","","","","","","","","","60.43000030517578","60.43000030517578","60.43000030517578"
"15996","","","","","","","","","","","","","57.880001068115234","57.880001068115234","57.880001068115234","","","","","","","","",""
"16005","","","","","","","","","","","","","","","","","","","56.880001068115234","56.880001068115234","56.880001068115234","","",""
"16066","","","","","","","","","","","","","","","","57.650001525878906","57.650001525878906","57.650001525878906","","","","","",""
"16198","","","","","","","","","","","","","60.720001220703125","60.720001220703125","60.720001220703125","","","","","","","","",""
"16203","","","","","","","","","","","","","","","","55.97999954223633","55.97999954223633","55.97999954223633","","","","","",""
"16207","","","","","","","","","","","","","","","","","","","59.380001068115234","59.380001068115234","59.380001068115234","","",""
"16335","","","","","","","","","","","","","59.560001373291016","59.560001373291016","59.560001373291016","","","","","","","","",""
"16344","","","","","","","","","","","","","","","","","","","62.880001068115234","62.880001068115234","62.880001068115234","","",""
"16405","","","","","","","","","","","","","","","","58.68000030517578","58.68000030517578","58.68000030517578","","","","","",""
"16537","","","","","","","","","","","","","57.86000061035156","57.86000061035156","57.86000061035156","","","","","","","","",""
"16542","","","","","","","","","","","","","","","","53.189998626708984","53.189998626708984","53.189998626708984","","","","","",""
"16546","","","","","","","","","","","","","","","","","","","60.47999954223633","60.47999954223633","60.47999954223633","","",""
"16674","","","","","","","","","","","","","59.349998474121094","59.349998474121094","59.349998474121094","","","","","","","","",""
"16683","","","","","","","","","","","","","","","","","","","57.52000045776367","57.52000045776367","57.52000045776367","","",""
"16744","","","","","","","","","","","","","","","","57.060001373291016","57.060001373291016","57.060001373291016","","","","","",""
"16876","","","","","","","","","","","","","56.56999969482422","56.56999969482422","56.56999969482422","","","","","","","","",""
"16881","","","","","","","","","","","","","","","","54.16999816894531","54.16999816894531","54.16999816894531","","","","","",""
"16885","","","","","","","","","","","","","","","","","","","60.04999923706055","60.04999923706055","60.04999923706055","","",""
"16888","","","","","","","","","","","","","","","","54.16999816894531","54.16999816894531","54.16999816894531","","","","","",""
"16892","","","","","","","","","","","","","","","","","","","60.04999923706055","60.04999923706055","60.04999923706055","","",""
"17013","","","","","","","","","","","","","59.88999938964844","59.88999938964844","59.88999938964844","","","","","","","","",""
"17215","","","","","","","","","","","","","61.38999938964844","61.38999938964844","61.38999938964844","","","","","","","","",""
"17352","","","","","","","","","","","","","59.7400016784668","59.7400016784668","59.7400016784668","","","","","","","","",""
"17554","","","","","","","","","","","","","58.72999954223633","58.72999954223633","58.72999954223633","","","","","","","","",""
"17691","","","","","","","","","","","","","58.54999923706055","58.54999923706055","58.54999923706055","","","","","","","","",""
"17893","","","","","","","","","","","","","57.34000015258789","57.34000015258789","57.34000015258789","","","","","","","","",""
"18030","","","","","","","","","","","","","61.5099983215332","61.5099983215332","61.5099983215332","","","","","","","","",""