"Step","Group: text10-vision0 - evaluation/blimp/anaphor_agreement","Group: text10-vision0 - evaluation/blimp/anaphor_agreement__MIN","Group: text10-vision0 - evaluation/blimp/anaphor_agreement__MAX","Group: text1-vision0 - evaluation/blimp/anaphor_agreement","Group: text1-vision0 - evaluation/blimp/anaphor_agreement__MIN","Group: text1-vision0 - evaluation/blimp/anaphor_agreement__MAX","Group: text1-vision100 - evaluation/blimp/anaphor_agreement","Group: text1-vision100 - evaluation/blimp/anaphor_agreement__MIN","Group: text1-vision100 - evaluation/blimp/anaphor_agreement__MAX","Group: text1-vision10 - evaluation/blimp/anaphor_agreement","Group: text1-vision10 - evaluation/blimp/anaphor_agreement__MIN","Group: text1-vision10 - evaluation/blimp/anaphor_agreement__MAX","Group: text1-vision1 - evaluation/blimp/anaphor_agreement","Group: text1-vision1 - evaluation/blimp/anaphor_agreement__MIN","Group: text1-vision1 - evaluation/blimp/anaphor_agreement__MAX","Group: text10-vision1 - evaluation/blimp/anaphor_agreement","Group: text10-vision1 - evaluation/blimp/anaphor_agreement__MIN","Group: text10-vision1 - evaluation/blimp/anaphor_agreement__MAX","Group: text10-vision10 - evaluation/blimp/anaphor_agreement","Group: text10-vision10 - evaluation/blimp/anaphor_agreement__MIN","Group: text10-vision10 - evaluation/blimp/anaphor_agreement__MAX","Group: text10-vision100 - evaluation/blimp/anaphor_agreement","Group: text10-vision100 - evaluation/blimp/anaphor_agreement__MIN","Group: text10-vision100 - evaluation/blimp/anaphor_agreement__MAX"
"130","35.51000118255615","31.190000534057617","39.83000183105469","36.579999923706055","30.110000610351562","43.04999923706055","33.59000015258789","33.59000015258789","33.59000015258789","44.16999816894531","44.16999816894531","44.16999816894531","54.810001373291016","54.810001373291016","54.810001373291016","41.5099983215332","41.5099983215332","41.5099983215332","","","","","",""
"131","32.11000061035156","32.11000061035156","32.11000061035156","","","","","","","","","","","","","","","","33.380001068115234","33.380001068115234","33.380001068115234","33.279998779296875","33.279998779296875","33.279998779296875"
"327","33.769999504089355","31.600000381469727","35.939998626708984","29.425000190734863","29.399999618530273","29.450000762939453","","","","","","","","","","","","","","","","","",""
"328","29.450000762939453","29.450000762939453","29.450000762939453","","","","","","","","","","","","","","","","","","","","",""
"332","","","","","","","29.399999618530273","29.399999618530273","29.399999618530273","30.31999969482422","30.31999969482422","30.31999969482422","33.900001525878906","33.900001525878906","33.900001525878906","39.779998779296875","39.779998779296875","39.779998779296875","","","","","",""
"333","","","","","","","","","","","","","","","","","","","28.68000030517578","28.68000030517578","28.68000030517578","31.34000015258789","31.34000015258789","31.34000015258789"
"459","34.329999923706055","32","36.65999984741211","31.34000015258789","27.610000610351562","35.06999969482422","","","","","","","","","","","","","","","","","",""
"460","35.58000183105469","35.58000183105469","35.58000183105469","","","","","","","","","","","","","","","","","","","","",""
"469","","","","","","","29.139999389648438","29.139999389648438","29.139999389648438","37.06999969482422","37.06999969482422","37.06999969482422","38.290000915527344","38.290000915527344","38.290000915527344","36.810001373291016","36.810001373291016","36.810001373291016","","","","","",""
"470","","","","","","","","","","","","","","","","","","","34.40999984741211","34.40999984741211","34.40999984741211","36.54999923706055","36.54999923706055","36.54999923706055"
"656","34.970001220703125","33.130001068115234","36.810001373291016","32.260000228881836","29.139999389648438","35.380001068115234","","","","","","","","","","","","","","","","","",""
"657","35.33000183105469","35.33000183105469","35.33000183105469","","","","","","","","","","","","","","","","","","","","",""
"671","","","","","","","32.81999969482422","32.81999969482422","32.81999969482422","37.06999969482422","37.06999969482422","37.06999969482422","41.40999984741211","41.40999984741211","41.40999984741211","43.709999084472656","43.709999084472656","43.709999084472656","","","","","",""
"672","","","","","","","","","","","","","","","","","","","37.470001220703125","37.470001220703125","37.470001220703125","38.79999923706055","38.79999923706055","38.79999923706055"
"788","36.53000068664551","31.34000015258789","41.720001220703125","40.23500061035156","32.310001373291016","48.15999984741211","","","","","","","","","","","","","","","","","",""
"789","45.959999084472656","45.959999084472656","45.959999084472656","","","","","","","","","","","","","","","","","","","","",""
"808","","","","","","","39.720001220703125","39.720001220703125","39.720001220703125","47.189998626708984","47.189998626708984","47.189998626708984","51.22999954223633","51.22999954223633","51.22999954223633","53.72999954223633","53.72999954223633","53.72999954223633","","","","","",""
"809","","","","","","","","","","","","","","","","","","","44.84000015258789","44.84000015258789","44.84000015258789","46.52000045776367","46.52000045776367","46.52000045776367"
"985","41.05500030517578","33.4900016784668","48.619998931884766","42.510000228881836","37.779998779296875","47.2400016784668","","","","","","","","","","","","","","","","","",""
"986","46.779998779296875","46.779998779296875","46.779998779296875","","","","","","","","","","","","","","","","","","","","",""
"1010","","","","","","","51.279998779296875","51.279998779296875","51.279998779296875","48.2599983215332","48.2599983215332","48.2599983215332","51.18000030517578","51.18000030517578","51.18000030517578","60.88999938964844","60.88999938964844","60.88999938964844","","","","","",""
"1011","","","","","","","","","","","","","","","","","","","40.130001068115234","40.130001068115234","40.130001068115234","41.459999084472656","41.459999084472656","41.459999084472656"
"1117","48.28499984741211","41.40999984741211","55.15999984741211","45.32499885559082","42.689998626708984","47.959999084472656","","","","","","","","","","","","","","","","","",""
"1118","47.959999084472656","47.959999084472656","47.959999084472656","","","","","","","","","","","","","","","","","","","","",""
"1147","","","","","","","45.54999923706055","45.54999923706055","45.54999923706055","62.119998931884766","62.119998931884766","62.119998931884766","55.27000045776367","55.27000045776367","55.27000045776367","70.44999694824219","70.44999694824219","70.44999694824219","","","","","",""
"1148","","","","","","","","","","","","","","","","","","","53.27000045776367","53.27000045776367","53.27000045776367","47.09000015258789","47.09000015258789","47.09000015258789"
"1314","50.81999969482422","50.81999969482422","50.81999969482422","43.76500129699707","43.560001373291016","43.970001220703125","","","","","","","","","","","","","","","","","",""
"1315","47.959999084472656","47.959999084472656","47.959999084472656","","","","","","","","","","","","","","","","","","","","",""
"1349","","","","","","","55.31999969482422","55.31999969482422","55.31999969482422","56.2400016784668","56.2400016784668","56.2400016784668","62.31999969482422","62.31999969482422","62.31999969482422","61.810001373291016","61.810001373291016","61.810001373291016","","","","","",""
"1350","","","","","","","","","","","","","","","","","","","49.22999954223633","49.22999954223633","49.22999954223633","47.849998474121094","47.849998474121094","47.849998474121094"
"1446","57.364999771118164","53.43000030517578","61.29999923706055","47.67499923706055","46.68000030517578","48.66999816894531","","","","","","","","","","","","","","","","","",""
"1447","44.9900016784668","44.9900016784668","44.9900016784668","","","","","","","","","","","","","","","","","","","","",""
"1486","","","","","","","49.22999954223633","49.22999954223633","49.22999954223633","52.400001525878906","52.400001525878906","52.400001525878906","64.56999969482422","64.56999969482422","64.56999969482422","56.650001525878906","56.650001525878906","56.650001525878906","","","","","",""
"1487","","","","","","","","","","","","","","","","","","","43.349998474121094","43.349998474121094","43.349998474121094","56.439998626708984","56.439998626708984","56.439998626708984"
"1643","55.72999954223633","48.0099983215332","63.45000076293945","50.48500061035156","50.20000076293945","50.77000045776367","","","","","","","","","","","","","","","","","",""
"1644","47.34000015258789","47.34000015258789","47.34000015258789","","","","","","","","","","","","","","","","","","","","",""
"1688","","","","","","","43.400001525878906","43.400001525878906","43.400001525878906","51.22999954223633","51.22999954223633","51.22999954223633","51.43000030517578","51.43000030517578","51.43000030517578","66.41000366210938","66.41000366210938","66.41000366210938","","","","","",""
"1689","","","","","","","","","","","","","","","","","","","50.970001220703125","50.970001220703125","50.970001220703125","46.630001068115234","46.630001068115234","46.630001068115234"
"1775","50.20500183105469","46.83000183105469","53.58000183105469","49.310001373291016","48.470001220703125","50.150001525878906","","","","","","","","","","","","","","","","","",""
"1776","50.65999984741211","50.65999984741211","50.65999984741211","","","","","","","","","","","","","","","","","","","","",""
"1825","","","","","","","51.119998931884766","51.119998931884766","51.119998931884766","54.400001525878906","54.400001525878906","54.400001525878906","55.93000030517578","55.93000030517578","55.93000030517578","58.790000915527344","58.790000915527344","58.790000915527344","","","","","",""
"1826","","","","","","","","","","","","","","","","","","","42.59000015258789","42.59000015258789","42.59000015258789","39.720001220703125","39.720001220703125","39.720001220703125"
"1972","52.94000053405762","52.810001373291016","53.06999969482422","52.55999946594238","51.22999954223633","53.88999938964844","","","","","","","","","","","","","","","","","",""
"1973","59","59","59","","","","","","","","","","","","","","","","","","","","",""
"2027","","","","","","","56.900001525878906","56.900001525878906","56.900001525878906","58.18000030517578","58.18000030517578","58.18000030517578","63.09000015258789","63.09000015258789","63.09000015258789","66.97000122070312","66.97000122070312","66.97000122070312","","","","","",""
"2028","","","","","","","","","","","","","","","","","","","47.34000015258789","47.34000015258789","47.34000015258789","50.65999984741211","50.65999984741211","50.65999984741211"
"2104","57.15500068664551","56.4900016784668","57.81999969482422","56.619998931884766","55.369998931884766","57.869998931884766","","","","","","","","","","","","","","","","","",""
"2105","61.810001373291016","61.810001373291016","61.810001373291016","","","","","","","","","","","","","","","","","","","","",""
"2164","","","","","","","58.63999938964844","58.63999938964844","58.63999938964844","63.09000015258789","63.09000015258789","63.09000015258789","59.5099983215332","59.5099983215332","59.5099983215332","71.7300033569336","71.7300033569336","71.7300033569336","","","","","",""
"2165","","","","","","","","","","","","","","","","","","","51.7400016784668","51.7400016784668","51.7400016784668","51.22999954223633","51.22999954223633","51.22999954223633"
"2301","60.60500144958496","56.95000076293945","64.26000213623047","58.459999084472656","55.209999084472656","61.709999084472656","","","","","","","","","","","","","","","","","",""
"2302","63.90999984741211","63.90999984741211","63.90999984741211","","","","","","","","","","","","","","","","","","","","",""
"2366","","","","","","","58.689998626708984","58.689998626708984","58.689998626708984","66.51000213623047","66.51000213623047","66.51000213623047","62.31999969482422","62.31999969482422","62.31999969482422","76.43000030517578","76.43000030517578","76.43000030517578","","","","","",""
"2367","","","","","","","","","","","","","","","","","","","59.869998931884766","59.869998931884766","59.869998931884766","59.150001525878906","59.150001525878906","59.150001525878906"
"2433","63.395002365112305","60.7400016784668","66.05000305175781","61.09499931335449","60.529998779296875","61.65999984741211","","","","","","","","","","","","","","","","","",""
"2434","64.30999755859375","64.30999755859375","64.30999755859375","","","","","","","","","","","","","","","","","","","","",""
"2503","","","","","","","65.75","65.75","65.75","67.94000244140625","67.94000244140625","67.94000244140625","62.41999816894531","62.41999816894531","62.41999816894531","76.12000274658203","76.12000274658203","76.12000274658203","","","","","",""
"2504","","","","","","","","","","","","","","","","","","","52.65999984741211","52.65999984741211","52.65999984741211","54.13999938964844","54.13999938964844","54.13999938964844"
"2630","64.16000175476074","61.90999984741211","66.41000366210938","67.05000305175781","64.9800033569336","69.12000274658203","","","","","","","","","","","","","","","","","",""
"2631","69.22000122070312","69.22000122070312","69.22000122070312","","","","","","","","","","","","","","","","","","","","",""
"2705","","","","","","","63.45000076293945","63.45000076293945","63.45000076293945","74.58999633789062","74.58999633789062","74.58999633789062","62.31999969482422","62.31999969482422","62.31999969482422","83.79000091552734","83.79000091552734","83.79000091552734","","","","","",""
"2706","","","","","","","","","","","","","","","","","","","64.30999755859375","64.30999755859375","64.30999755859375","59.970001220703125","59.970001220703125","59.970001220703125"
"2762","63.829999923706055","63.45000076293945","64.20999908447266","71.06000137329102","69.7300033569336","72.38999938964844","","","","","","","","","","","","","","","","","",""
"2763","72.75","72.75","72.75","","","","","","","","","","","","","","","","","","","","",""
"2842","","","","","","","64.20999908447266","64.20999908447266","64.20999908447266","74.9000015258789","74.9000015258789","74.9000015258789","71.05999755859375","71.05999755859375","71.05999755859375","85.94000244140625","85.94000244140625","85.94000244140625","","","","","",""
"2843","","","","","","","","","","","","","","","","","","","59.709999084472656","59.709999084472656","59.709999084472656","62.72999954223633","62.72999954223633","62.72999954223633"
"2959","68.88999938964844","68.55999755859375","69.22000122070312","70.3499984741211","69.06999969482422","71.62999725341797","","","","","","","","","","","","","","","","","",""
"2960","77.1500015258789","77.1500015258789","77.1500015258789","","","","","","","","","","","","","","","","","","","","",""
"3044","","","","","","","69.58000183105469","69.58000183105469","69.58000183105469","76.69000244140625","76.69000244140625","76.69000244140625","72.55000305175781","72.55000305175781","72.55000305175781","86.25","86.25","86.25","","","","","",""
"3045","","","","","","","","","","","","","","","","","","","66.62000274658203","66.62000274658203","66.62000274658203","62.93000030517578","62.93000030517578","62.93000030517578"
"3091","70.95999908447266","70.5999984741211","71.31999969482422","74.4900016784668","73.62000274658203","75.36000061035156","","","","","","","","","","","","","","","","","",""
"3092","79.6500015258789","79.6500015258789","79.6500015258789","","","","","","","","","","","","","","","","","","","","",""
"3181","","","","","","","67.37999725341797","67.37999725341797","67.37999725341797","79.13999938964844","79.13999938964844","79.13999938964844","77.51000213623047","77.51000213623047","77.51000213623047","83.48999786376953","83.48999786376953","83.48999786376953","","","","","",""
"3182","","","","","","","","","","","","","","","","","","","70.6500015258789","70.6500015258789","70.6500015258789","68.3499984741211","68.3499984741211","68.3499984741211"
"3288","75.02999877929688","70.70999908447266","79.3499984741211","76.58499908447266","74.73999786376953","78.43000030517578","","","","","","","","","","","","","","","","","",""
"3289","79.6500015258789","79.6500015258789","79.6500015258789","","","","","","","","","","","","","","","","","","","","",""
"3383","","","","","","","73.66999816894531","73.66999816894531","73.66999816894531","83.94999694824219","83.94999694824219","83.94999694824219","68.19999694824219","68.19999694824219","68.19999694824219","89.87999725341797","89.87999725341797","89.87999725341797","","","","","",""
"3384","","","","","","","","","","","","","","","","","","","73.56999969482422","73.56999969482422","73.56999969482422","67.2300033569336","67.2300033569336","67.2300033569336"
"3420","76.65999984741211","74.02999877929688","79.29000091552734","80.1150016784668","77.25","82.9800033569336","","","","","","","","","","","","","","","","","",""
"3421","79.5","79.5","79.5","","","","","","","","","","","","","","","","","","","","",""
"3520","","","","","","","71.7300033569336","71.7300033569336","71.7300033569336","78.98999786376953","78.98999786376953","78.98999786376953","81.80000305175781","81.80000305175781","81.80000305175781","92.73999786376953","92.73999786376953","92.73999786376953","","","","","",""
"3521","","","","","","","","","","","","","","","","","","","66.20999908447266","66.20999908447266","66.20999908447266","70.25","70.25","70.25"
"3617","76.79000091552734","76.27999877929688","77.30000305175781","76.20499801635742","72.13999938964844","80.2699966430664","","","","","","","","","","","","","","","","","",""
"3618","83.73999786376953","83.73999786376953","83.73999786376953","","","","","","","","","","","","","","","","","","","","",""
"3722","","","","","","","78.4800033569336","78.4800033569336","78.4800033569336","84.05000305175781","84.05000305175781","84.05000305175781","76.12000274658203","76.12000274658203","76.12000274658203","91.7699966430664","91.7699966430664","91.7699966430664","","","","","",""
"3723","","","","","","","","","","","","","","","","","","","72.5999984741211","72.5999984741211","72.5999984741211","75.72000122070312","75.72000122070312","75.72000122070312"
"3749","78.42499923706055","76.33000183105469","80.5199966430664","78.5","76.0199966430664","80.9800033569336","","","","","","","","","","","","","","","","","",""
"3750","87.58000183105469","87.58000183105469","87.58000183105469","","","","","","","","","","","","","","","","","","","","",""
"3859","","","","","","","76.98999786376953","76.98999786376953","76.98999786376953","80.87999725341797","80.87999725341797","80.87999725341797","81.69999694824219","81.69999694824219","81.69999694824219","92.83999633789062","92.83999633789062","92.83999633789062","","","","","",""
"3860","","","","","","","","","","","","","","","","","","","71.68000030517578","71.68000030517578","71.68000030517578","69.58000183105469","69.58000183105469","69.58000183105469"
"3946","82.3599967956543","79.08999633789062","85.62999725341797","81.08500289916992","80.01000213623047","82.16000366210938","","","","","","","","","","","","","","","","","",""
"3947","90.63999938964844","90.63999938964844","90.63999938964844","","","","","","","","","","","","","","","","","","","","",""
"4061","","","","","","","78.16999816894531","78.16999816894531","78.16999816894531","81.33999633789062","81.33999633789062","81.33999633789062","78.88999938964844","78.88999938964844","78.88999938964844","90.48999786376953","90.48999786376953","90.48999786376953","","","","","",""
"4062","","","","","","","","","","","","","","","","","","","71.7300033569336","71.7300033569336","71.7300033569336","72.08999633789062","72.08999633789062","72.08999633789062"
"4078","86.11999893188477","86.04000091552734","86.19999694824219","77.47500228881836","75.66000366210938","79.29000091552734","","","","","","","","","","","","","","","","","",""
"4079","90.29000091552734","90.29000091552734","90.29000091552734","","","","","","","","","","","","","","","","","","","","",""
"4198","","","","","","","78.43000030517578","78.43000030517578","78.43000030517578","82.20999908447266","82.20999908447266","82.20999908447266","79.3499984741211","79.3499984741211","79.3499984741211","89.83000183105469","89.83000183105469","89.83000183105469","","","","","",""
"4199","","","","","","","","","","","","","","","","","","","81.48999786376953","81.48999786376953","81.48999786376953","83.37999725341797","83.37999725341797","83.37999725341797"
"4275","87.5250015258789","86.66000366210938","88.38999938964844","78.09500122070312","76.69000244140625","79.5","","","","","","","","","","","","","","","","","",""
"4276","91.05000305175781","91.05000305175781","91.05000305175781","","","","","","","","","","","","","","","","","","","","",""
"4400","","","","","","","77.4000015258789","77.4000015258789","77.4000015258789","81.08000183105469","81.08000183105469","81.08000183105469","76.52999877929688","76.52999877929688","76.52999877929688","90.38999938964844","90.38999938964844","90.38999938964844","","","","","",""
"4401","","","","","","","","","","","","","","","","","","","71.41999816894531","71.41999816894531","71.41999816894531","76.4800033569336","76.4800033569336","76.4800033569336"
"4407","82.9000015258789","77.97000122070312","87.83000183105469","78.93500137329102","75.05000305175781","82.81999969482422","","","","","","","","","","","","","","","","","",""
"4408","86.61000061035156","86.61000061035156","86.61000061035156","","","","","","","","","","","","","","","","","","","","",""
"4537","","","","","","","81.48999786376953","81.48999786376953","81.48999786376953","84","84","84","","","","90.8499984741211","90.8499984741211","90.8499984741211","","","","","",""
"4538","","","","","","","","","","","","","","","","","","","78.83000183105469","78.83000183105469","78.83000183105469","76.33000183105469","76.33000183105469","76.33000183105469"
"4604","87.19499969482422","85.83999633789062","88.55000305175781","76.27999877929688","75.72000122070312","76.83999633789062","","","","","","","","","","","","","","","","","",""
"4605","92.27999877929688","92.27999877929688","92.27999877929688","","","","","","","","","","","","","","","","","","","","",""
"4668","","","","","","","","","","","","","80.31999969482422","80.31999969482422","80.31999969482422","","","","","","","","",""
"4736","87.36999893188477","85.22000122070312","89.5199966430664","74.84500122070312","74.63999938964844","75.05000305175781","","","","","","","","","","","","","","","","","",""
"4737","92.54000091552734","92.54000091552734","92.54000091552734","","","","","","","","","","","","","","","","","","","","",""
"4739","","","","","","","80.05999755859375","80.05999755859375","80.05999755859375","86.44999694824219","86.44999694824219","86.44999694824219","","","","92.27999877929688","92.27999877929688","92.27999877929688","","","","","",""
"4740","","","","","","","","","","","","","","","","","","","82.45999908447266","82.45999908447266","82.45999908447266","78.88999938964844","78.88999938964844","78.88999938964844"
"4870","","","","","","","","","","","","","81.48999786376953","81.48999786376953","81.48999786376953","","","","","","","","",""
"4876","","","","","","","78.37000274658203","78.37000274658203","78.37000274658203","82.05999755859375","82.05999755859375","82.05999755859375","","","","94.12000274658203","94.12000274658203","94.12000274658203","","","","","",""
"4877","","","","","","","","","","","","","","","","","","","85.79000091552734","85.79000091552734","85.79000091552734","79.19000244140625","79.19000244140625","79.19000244140625"
"4933","89.03499984741211","87.06999969482422","91","77.40499877929688","76.73999786376953","78.06999969482422","","","","","","","","","","","","","","","","","",""
"4934","92.73999786376953","92.73999786376953","92.73999786376953","","","","","","","","","","","","","","","","","","","","",""
"5007","","","","","","","","","","","","","79.95999908447266","79.95999908447266","79.95999908447266","","","","","","","","",""
"5065","89.97999954223633","88.13999938964844","91.81999969482422","75.04999923706055","70.3499984741211","79.75","","","","","","","","","","","","","","","","","",""
"5066","94.52999877929688","94.52999877929688","94.52999877929688","","","","","","","","","","","","","","","","","","","","",""
"5078","","","","","","","76.88999938964844","76.88999938964844","76.88999938964844","71.16999816894531","71.16999816894531","71.16999816894531","","","","91.26000213623047","91.26000213623047","91.26000213623047","","","","","",""
"5079","","","","","","","","","","","","","","","","","","","85.58000183105469","85.58000183105469","85.58000183105469","81.12999725341797","81.12999725341797","81.12999725341797"
"5209","","","","","","","","","","","","","82.81999969482422","82.81999969482422","82.81999969482422","","","","","","","","",""
"5215","","","","","","","81.6500015258789","81.6500015258789","81.6500015258789","77.1500015258789","77.1500015258789","77.1500015258789","","","","91.20999908447266","91.20999908447266","91.20999908447266","","","","","",""
"5216","","","","","","","","","","","","","","","","","","","80.01000213623047","80.01000213623047","80.01000213623047","84.91999816894531","84.91999816894531","84.91999816894531"
"5262","92","90.94999694824219","93.05000305175781","71.09000015258789","66.36000061035156","75.81999969482422","","","","","","","","","","","","","","","","","",""
"5263","92.83999633789062","92.83999633789062","92.83999633789062","","","","","","","","","","","","","","","","","","","","",""
"5264","","","","66.36000061035156","66.36000061035156","66.36000061035156","","","","","","","","","","","","","","","","","",""
"5346","","","","","","","","","","","","","80.16000366210938","80.16000366210938","80.16000366210938","","","","","","","","",""
"5394","89.97999954223633","87.77999877929688","92.18000030517578","78.22000122070312","78.22000122070312","78.22000122070312","","","","","","","","","","","","","","","","","",""
"5395","93","93","93","","","","","","","","","","","","","","","","","","","","",""
"5417","","","","","","","83.83999633789062","83.83999633789062","83.83999633789062","80.37000274658203","80.37000274658203","80.37000274658203","","","","93.97000122070312","93.97000122070312","93.97000122070312","","","","","",""
"5418","","","","","","","","","","","","","","","","","","","84","84","84","86.3499984741211","86.3499984741211","86.3499984741211"
"5548","","","","","","","","","","","","","83.37999725341797","83.37999725341797","83.37999725341797","","","","","","","","",""
"5554","","","","","","","81.33999633789062","81.33999633789062","81.33999633789062","82.20999908447266","82.20999908447266","82.20999908447266","","","","94.83999633789062","94.83999633789062","94.83999633789062","","","","","",""
"5555","","","","","","","","","","","","","","","","","","","83.73999786376953","83.73999786376953","83.73999786376953","88.5","88.5","88.5"
"5591","92.89500045776367","91.91999816894531","93.87000274658203","","","","","","","","","","","","","","","","","","","","",""
"5592","94.7300033569336","94.7300033569336","94.7300033569336","","","","","","","","","","","","","","","","","","","","",""
"5685","","","","","","","","","","","","","79.95999908447266","79.95999908447266","79.95999908447266","","","","","","","","",""
"5723","93.07500076293945","91.62000274658203","94.52999877929688","","","","","","","","","","","","","","","","","","","","",""
"5724","92.63999938964844","92.63999938964844","92.63999938964844","","","","","","","","","","","","","","","","","","","","",""
"5756","","","","","","","76.37999725341797","76.37999725341797","76.37999725341797","82.62000274658203","82.62000274658203","82.62000274658203","","","","93.76000213623047","93.76000213623047","93.76000213623047","","","","","",""
"5757","","","","","","","","","","","","","","","","","","","81.6500015258789","81.6500015258789","81.6500015258789","84.55999755859375","84.55999755859375","84.55999755859375"
"5887","","","","","","","","","","","","","79.95999908447266","79.95999908447266","79.95999908447266","","","","","","","","",""
"5893","","","","","","","79.80999755859375","79.80999755859375","79.80999755859375","83.18000030517578","83.18000030517578","83.18000030517578","","","","94.43000030517578","94.43000030517578","94.43000030517578","","","","","",""
"5894","","","","","","","","","","","","","","","","","","","87.2699966430664","87.2699966430664","87.2699966430664","87.37000274658203","87.37000274658203","87.37000274658203"
"5920","91.7699966430664","90.33999633789062","93.19999694824219","","","","","","","","","","","","","","","","","","","","",""
"5921","92.2300033569336","92.2300033569336","92.2300033569336","","","","","","","","","","","","","","","","","","","","",""
"6024","","","","","","","","","","","","","78.58000183105469","78.58000183105469","78.58000183105469","","","","","","","","",""
"6052","91.10499954223633","89.5199966430664","92.69000244140625","","","","","","","","","","","","","","","","","","","","",""
"6053","94.52999877929688","94.52999877929688","94.52999877929688","","","","","","","","","","","","","","","","","","","","",""
"6095","","","","","","","82.11000061035156","82.11000061035156","82.11000061035156","82.41000366210938","82.41000366210938","82.41000366210938","","","","93.97000122070312","93.97000122070312","93.97000122070312","","","","","",""
"6096","","","","","","","","","","","","","","","","","","","87.12000274658203","87.12000274658203","87.12000274658203","84.05000305175781","84.05000305175781","84.05000305175781"
"6226","","","","","","","","","","","","","83.79000091552734","83.79000091552734","83.79000091552734","","","","","","","","",""
"6232","","","","","","","79.91000366210938","79.91000366210938","79.91000366210938","81.02999877929688","81.02999877929688","81.02999877929688","","","","","","","","","","","",""
"6233","","","","","","","","","","","","","","","","94.4800033569336","94.4800033569336","94.4800033569336","84.05000305175781","84.05000305175781","84.05000305175781","85.83999633789062","85.83999633789062","85.83999633789062"
"6249","93.07500076293945","91.36000061035156","94.79000091552734","","","","","","","","","","","","","","","","","","","","",""
"6250","95.04000091552734","95.04000091552734","95.04000091552734","","","","","","","","","","","","","","","","","","","","",""
"6363","","","","","","","","","","","","","84.25","84.25","84.25","","","","","","","","",""
"6381","92.94499969482422","92.58999633789062","93.30000305175781","","","","","","","","","","","","","","","","","","","","",""
"6382","95.04000091552734","95.04000091552734","95.04000091552734","","","","","","","","","","","","","","","","","","","","",""
"6434","","","","","","","75.97000122070312","75.97000122070312","75.97000122070312","83.63999938964844","83.63999938964844","83.63999938964844","","","","","","","","","","","",""
"6435","","","","","","","","","","","","","","","","95.4000015258789","95.4000015258789","95.4000015258789","89.01000213623047","89.01000213623047","89.01000213623047","86.5","86.5","86.5"
"6565","","","","","","","","","","","","","82.5199966430664","82.5199966430664","82.5199966430664","","","","","","","","",""
"6571","","","","","","","82.05999755859375","82.05999755859375","82.05999755859375","80.66999816894531","80.66999816894531","80.66999816894531","","","","","","","","","","","",""
"6572","","","","","","","","","","","","","","","","94.16999816894531","94.16999816894531","94.16999816894531","88.33999633789062","88.33999633789062","88.33999633789062","87.16999816894531","87.16999816894531","87.16999816894531"
"6578","92.94499969482422","91.30999755859375","94.58000183105469","","","","","","","","","","","","","","","","","","","","",""
"6579","95.30000305175781","95.30000305175781","95.30000305175781","","","","","","","","","","","","","","","","","","","","",""
"6702","","","","","","","","","","","","","85.4800033569336","85.4800033569336","85.4800033569336","","","","","","","","",""
"6710","93.25","91.7699966430664","94.7300033569336","","","","","","","","","","","","","","","","","","","","",""
"6711","93.70999908447266","93.70999908447266","93.70999908447266","","","","","","","","","","","","","","","","","","","","",""
"6773","","","","","","","76.0199966430664","76.0199966430664","76.0199966430664","82.5199966430664","82.5199966430664","82.5199966430664","","","","","","","","","","","",""
"6774","","","","","","","","","","","","","","","","93.80999755859375","93.80999755859375","93.80999755859375","88.19000244140625","88.19000244140625","88.19000244140625","90.12999725341797","90.12999725341797","90.12999725341797"
"6904","","","","","","","","","","","","","86.91000366210938","86.91000366210938","86.91000366210938","","","","","","","","",""
"6907","93.73500061035156","91.91999816894531","95.55000305175781","","","","","","","","","","","","","","","","","","","","",""
"6908","92.58999633789062","92.58999633789062","92.58999633789062","","","","","","","","","","","","","","","","","","","","",""
"6910","","","","","","","83.79000091552734","83.79000091552734","83.79000091552734","81.23999786376953","81.23999786376953","81.23999786376953","","","","","","","","","","","",""
"6911","","","","","","","","","","","","","","","","94.37999725341797","94.37999725341797","94.37999725341797","86.66000366210938","86.66000366210938","86.66000366210938","89.93000030517578","89.93000030517578","89.93000030517578"
"7039","94.70999908447266","94.43000030517578","94.98999786376953","","","","","","","","","","","","","","","","","","","","",""
"7040","96.2699966430664","96.2699966430664","96.2699966430664","","","","","","","","","","","","","","","","","","","","",""
"7041","","","","","","","","","","","","","85.88999938964844","85.88999938964844","85.88999938964844","","","","","","","","",""
"7112","","","","","","","78.94000244140625","78.94000244140625","78.94000244140625","82.81999969482422","82.81999969482422","82.81999969482422","","","","","","","","","","","",""
"7113","","","","","","","","","","","","","","","","93.91999816894531","93.91999816894531","93.91999816894531","85.06999969482422","85.06999969482422","85.06999969482422","86.1500015258789","86.1500015258789","86.1500015258789"
"7236","94.83499908447266","94.16999816894531","95.5","","","","","","","","","","","","","","","","","","","","",""
"7237","93.61000061035156","93.61000061035156","93.61000061035156","","","","","","","","","","","","","","","","","","","","",""
"7243","","","","","","","","","","","","","81.44000244140625","81.44000244140625","81.44000244140625","","","","","","","","",""
"7249","","","","","","","79.86000061035156","79.86000061035156","79.86000061035156","85.33000183105469","85.33000183105469","85.33000183105469","","","","","","","","","","","",""
"7250","","","","","","","","","","","","","","","","91.41000366210938","91.41000366210938","91.41000366210938","89.72000122070312","89.72000122070312","89.72000122070312","86.86000061035156","86.86000061035156","86.86000061035156"
"7368","93.17499923706055","92.43000030517578","93.91999816894531","","","","","","","","","","","","","","","","","","","","",""
"7369","93.87000274658203","93.87000274658203","93.87000274658203","","","","","","","","","","","","","","","","","","","","",""
"7380","","","","","","","","","","","","","81.19000244140625","81.19000244140625","81.19000244140625","","","","","","","","",""
"7451","","","","","","","79.29000091552734","79.29000091552734","79.29000091552734","83.54000091552734","83.54000091552734","83.54000091552734","","","","","","","","","","","",""
"7452","","","","","","","","","","","","","","","","92.94000244140625","92.94000244140625","92.94000244140625","85.22000122070312","85.22000122070312","85.22000122070312","83.02999877929688","83.02999877929688","83.02999877929688"
"7565","94.09500122070312","92.94000244140625","95.25","","","","","","","","","","","","","","","","","","","","",""
"7566","91.87000274658203","91.87000274658203","91.87000274658203","","","","","","","","","","","","","","","","","","","","",""
"7582","","","","","","","","","","","","","84.66000366210938","84.66000366210938","84.66000366210938","","","","","","","","",""
"7588","","","","","","","76.2300033569336","76.2300033569336","76.2300033569336","82.30999755859375","82.30999755859375","82.30999755859375","","","","","","","","","","","",""
"7589","","","","","","","","","","","","","","","","91.66999816894531","91.66999816894531","91.66999816894531","81.8499984741211","81.8499984741211","81.8499984741211","84.36000061035156","84.36000061035156","84.36000061035156"
"7697","94.01499938964844","92.83999633789062","95.19000244140625","","","","","","","","","","","","","","","","","","","","",""
"7698","94.0199966430664","94.0199966430664","94.0199966430664","","","","","","","","","","","","","","","","","","","","",""
"7719","","","","","","","","","","","","","83.58999633789062","83.58999633789062","83.58999633789062","","","","","","","","",""
"7790","","","","","","","75.0999984741211","75.0999984741211","75.0999984741211","83.54000091552734","83.54000091552734","83.54000091552734","","","","","","","","","","","",""
"7791","","","","","","","","","","","","","","","","93.61000061035156","93.61000061035156","93.61000061035156","88.29000091552734","88.29000091552734","88.29000091552734","89.41999816894531","89.41999816894531","89.41999816894531"
"7894","95.19499969482422","94.62999725341797","95.76000213623047","","","","","","","","","","","","","","","","","","","","",""
"7895","96.16999816894531","96.16999816894531","96.16999816894531","","","","","","","","","","","","","","","","","","","","",""
"7921","","","","","","","","","","","","","78.94000244140625","78.94000244140625","78.94000244140625","","","","","","","","",""
"7927","","","","","","","81.29000091552734","81.29000091552734","81.29000091552734","77.30000305175781","77.30000305175781","77.30000305175781","","","","","","","","","","","",""
"7928","","","","","","","","","","","","","","","","94.06999969482422","94.06999969482422","94.06999969482422","85.22000122070312","85.22000122070312","85.22000122070312","86.04000091552734","86.04000091552734","86.04000091552734"
"8026","93.73999786376953","92.58999633789062","94.88999938964844","","","","","","","","","","","","","","","","","","","","",""
"8027","95.95999908447266","95.95999908447266","95.95999908447266","","","","","","","","","","","","","","","","","","","","",""
"8058","","","","","","","","","","","","","83.37999725341797","83.37999725341797","83.37999725341797","","","","","","","","",""
"8129","","","","","","","76.69000244140625","76.69000244140625","76.69000244140625","81.08000183105469","81.08000183105469","81.08000183105469","","","","","","","","","","","",""
"8130","","","","","","","","","","","","","","","","91.30999755859375","91.30999755859375","91.30999755859375","91.26000213623047","91.26000213623047","91.26000213623047","92.94000244140625","92.94000244140625","92.94000244140625"
"8223","94.2249984741211","93.45999908447266","94.98999786376953","","","","","","","","","","","","","","","","","","","","",""
"8224","95.76000213623047","95.76000213623047","95.76000213623047","","","","","","","","","","","","","","","","","","","","",""
"8260","","","","","","","","","","","","","86.25","86.25","86.25","","","","","","","","",""
"8266","","","","","","","76.58000183105469","76.58000183105469","76.58000183105469","","","","","","","","","","","","","","",""
"8267","","","","","","","","","","","","","","","","91.91999816894531","91.91999816894531","91.91999816894531","90.58999633789062","90.58999633789062","90.58999633789062","89.41999816894531","89.41999816894531","89.41999816894531"
"8355","94.55499649047852","94.0199966430664","95.08999633789062","","","","","","","","","","","","","","","","","","","","",""
"8356","96.56999969482422","96.56999969482422","96.56999969482422","","","","","","","","","","","","","","","","","","","","",""
"8397","","","","","","","","","","","","","82.66999816894531","82.66999816894531","82.66999816894531","","","","","","","","",""
"8468","","","","","","","76.98999786376953","76.98999786376953","76.98999786376953","","","","","","","","","","","","","","",""
"8469","","","","","","","","","","","","","","","","94.94000244140625","94.94000244140625","94.94000244140625","88.91000366210938","88.91000366210938","88.91000366210938","88.19000244140625","88.19000244140625","88.19000244140625"
"8552","93.76000213623047","92.94000244140625","94.58000183105469","","","","","","","","","","","","","","","","","","","","",""
"8553","95.55000305175781","95.55000305175781","95.55000305175781","","","","","","","","","","","","","","","","","","","","",""
"8599","","","","","","","","","","","","","75.51000213623047","75.51000213623047","75.51000213623047","","","","","","","","",""
"8605","","","","","","","82.87000274658203","82.87000274658203","82.87000274658203","","","","","","","","","","","","","","",""
"8606","","","","","","","","","","","","","","","","94.22000122070312","94.22000122070312","94.22000122070312","92.37999725341797","92.37999725341797","92.37999725341797","90.69999694824219","90.69999694824219","90.69999694824219"
"8684","94.06999969482422","93.70999908447266","94.43000030517578","","","","","","","","","","","","","","","","","","","","",""
"8685","95.70999908447266","95.70999908447266","95.70999908447266","","","","","","","","","","","","","","","","","","","","",""
"8736","","","","","","","","","","","","","79.6500015258789","79.6500015258789","79.6500015258789","","","","","","","","",""
"8807","","","","","","","78.68000030517578","78.68000030517578","78.68000030517578","","","","","","","","","","","","","","",""
"8808","","","","","","","","","","","","","","","","94.94000244140625","94.94000244140625","94.94000244140625","92.37999725341797","92.37999725341797","92.37999725341797","91.20999908447266","91.20999908447266","91.20999908447266"
"8881","94.33000183105469","93.87000274658203","94.79000091552734","","","","","","","","","","","","","","","","","","","","",""
"8882","96.87999725341797","96.87999725341797","96.87999725341797","","","","","","","","","","","","","","","","","","","","",""
"8944","","","","","","","71.87999725341797","71.87999725341797","71.87999725341797","","","","","","","","","","","","","","",""
"8945","","","","","","","","","","","","","","","","93.61000061035156","93.61000061035156","93.61000061035156","93","93","93","90.9000015258789","90.9000015258789","90.9000015258789"
"9013","94.58000183105469","94.22000122070312","94.94000244140625","","","","","","","","","","","","","","","","","","","","",""
"9014","95.91000366210938","95.91000366210938","95.91000366210938","","","","","","","","","","","","","","","","","","","","",""
"9146","","","","","","","73.20999908447266","73.20999908447266","73.20999908447266","","","","","","","","","","","","","","",""
"9147","","","","","","","","","","","","","","","","94.83999633789062","94.83999633789062","94.83999633789062","91.81999969482422","91.81999969482422","91.81999969482422","92.12999725341797","92.12999725341797","92.12999725341797"
"9210","94.20000076293945","94.06999969482422","94.33000183105469","","","","","","","","","","","","","","","","","","","","",""
"9211","95.30000305175781","95.30000305175781","95.30000305175781","","","","","","","","","","","","","","","","","","","","",""
"9283","","","","","","","75.51000213623047","75.51000213623047","75.51000213623047","","","","","","","","","","","","","","",""
"9284","","","","","","","","","","","","","","","","95.5","95.5","95.5","86.55000305175781","86.55000305175781","86.55000305175781","89.26000213623047","89.26000213623047","89.26000213623047"
"9342","94.52999877929688","93.55999755859375","95.5","","","","","","","","","","","","","","","","","","","","",""
"9343","94.7300033569336","94.7300033569336","94.7300033569336","","","","","","","","","","","","","","","","","","","","",""
"9485","","","","","","","80.16000366210938","80.16000366210938","80.16000366210938","","","","","","","","","","","","","","",""
"9486","","","","","","","","","","","","","","","","95.04000091552734","95.04000091552734","95.04000091552734","91.05000305175781","91.05000305175781","91.05000305175781","91.41000366210938","91.41000366210938","91.41000366210938"
"9539","94.70999908447266","94.06999969482422","95.3499984741211","","","","","","","","","","","","","","","","","","","","",""
"9540","94.4800033569336","94.4800033569336","94.4800033569336","","","","","","","","","","","","","","","","","","","","",""
"9622","","","","","","","80.05999755859375","80.05999755859375","80.05999755859375","","","","","","","","","","","","","","",""
"9623","","","","","","","","","","","","","","","","93.51000213623047","93.51000213623047","93.51000213623047","93","93","93","94.12000274658203","94.12000274658203","94.12000274658203"
"9671","94.45000076293945","93.30000305175781","95.5999984741211","","","","","","","","","","","","","","","","","","","","",""
"9672","96.31999969482422","96.31999969482422","96.31999969482422","","","","","","","","","","","","","","","","","","","","",""
"9824","","","","","","","79.5999984741211","79.5999984741211","79.5999984741211","","","","","","","","","","","","","","",""
"9825","","","","","","","","","","","","","","","","95.25","95.25","95.25","90.54000091552734","90.54000091552734","90.54000091552734","92.58999633789062","92.58999633789062","92.58999633789062"
"9868","95.19000244140625","95.19000244140625","95.19000244140625","","","","","","","","","","","","","","","","","","","","",""
"9869","95.5999984741211","95.5999984741211","95.5999984741211","","","","","","","","","","","","","","","","","","","","",""
"9961","","","","","","","81.75","81.75","81.75","","","","","","","","","","","","","","",""
"9962","","","","","","","","","","","","","","","","95.19000244140625","95.19000244140625","95.19000244140625","89.87999725341797","89.87999725341797","89.87999725341797","94.37999725341797","94.37999725341797","94.37999725341797"
"10000","96.24499893188477","96.22000122070312","96.2699966430664","","","","","","","","","","","","","","","","","","","","",""
"10001","96.05999755859375","96.05999755859375","96.05999755859375","","","","","","","","","","","","","","","","","","","","",""
"10163","","","","","","","81.19000244140625","81.19000244140625","81.19000244140625","","","","","","","","","","","","","","",""
"10164","","","","","","","","","","","","","","","","95.44999694824219","95.44999694824219","95.44999694824219","86.61000061035156","86.61000061035156","86.61000061035156","91.7699966430664","91.7699966430664","91.7699966430664"
"10197","95.81000137329102","95.76000213623047","95.86000061035156","","","","","","","","","","","","","","","","","","","","",""
"10198","96.31999969482422","96.31999969482422","96.31999969482422","","","","","","","","","","","","","","","","","","","","",""
"10301","","","","","","","","","","","","","","","","95.44999694824219","95.44999694824219","95.44999694824219","90.12999725341797","90.12999725341797","90.12999725341797","91.51000213623047","91.51000213623047","91.51000213623047"
"10329","95.24500274658203","94.94000244140625","95.55000305175781","","","","","","","","","","","","","","","","","","","","",""
"10330","95.3499984741211","95.3499984741211","95.3499984741211","","","","","","","","","","","","","","","","","","","","",""
"10503","","","","","","","","","","","","","","","","94.52999877929688","94.52999877929688","94.52999877929688","","","","","",""
"10526","95.27000045776367","95.04000091552734","95.5","","","","","","","","","","","","","","","","","","","","",""
"10527","96.5199966430664","96.5199966430664","96.5199966430664","","","","","","","","","","","","","","","","","","","","",""
"10571","","","","","","","","","","","","","","","","","","","86.95999908447266","86.95999908447266","86.95999908447266","","",""
"10640","","","","","","","","","","","","","","","","93.4000015258789","93.4000015258789","93.4000015258789","","","","","",""
"10658","95.90999984741211","94.98999786376953","96.83000183105469","","","","","","","","","","","","","","","","","","","","",""
"10659","96.16999816894531","96.16999816894531","96.16999816894531","","","","","","","","","","","","","","","","","","","","",""
"10698","","","","","","","","","","","","","","","","","","","","","","94.06999969482422","94.06999969482422","94.06999969482422"
"10773","","","","","","","","","","","","","","","","","","","91.20999908447266","91.20999908447266","91.20999908447266","","",""
"10835","","","","","","","","","","","","","","","","","","","","","","91.41000366210938","91.41000366210938","91.41000366210938"
"10842","","","","","","","","","","","","","","","","93.3499984741211","93.3499984741211","93.3499984741211","","","","","",""
"10855","95.45000076293945","94.16999816894531","96.7300033569336","","","","","","","","","","","","","","","","","","","","",""
"10856","95.6500015258789","95.6500015258789","95.6500015258789","","","","","","","","","","","","","","","","","","","","",""
"10910","","","","","","","","","","","","","","","","","","","91.87000274658203","91.87000274658203","91.87000274658203","","",""
"10987","95.04000091552734","94.06999969482422","96.01000213623047","","","","","","","","","","","","","","","","","","","","",""
"10988","96.47000122070312","96.47000122070312","96.47000122070312","","","","","","","","","","","","","","","","","","","","",""
"11037","","","","","","","","","","","","","","","","","","","","","","92.33000183105469","92.33000183105469","92.33000183105469"
"11045","","","","","","","","","","","","","","","","94.79000091552734","94.79000091552734","94.79000091552734","","","","","",""
"11112","","","","","","","","","","","","","","","","","","","92.88999938964844","92.88999938964844","92.88999938964844","","",""
"11174","","","","","","","","","","","","","","","","","","","","","","93.1500015258789","93.1500015258789","93.1500015258789"
"11182","","","","","","","","","","","","","","","","91.91999816894531","91.91999816894531","91.91999816894531","","","","","",""
"11184","94.91500091552734","93.1500015258789","96.68000030517578","","","","","","","","","","","","","","","","","","","","",""
"11185","95.76000213623047","95.76000213623047","95.76000213623047","","","","","","","","","","","","","","","","","","","","",""
"11249","","","","","","","","","","","","","","","","","","","93.19999694824219","93.19999694824219","93.19999694824219","","",""
"11316","94.04499816894531","92.12999725341797","95.95999908447266","","","","","","","","","","","","","","","","","","","","",""
"11317","93.1500015258789","93.1500015258789","93.1500015258789","","","","","","","","","","","","","","","","","","","","",""
"11376","","","","","","","","","","","","","","","","","","","","","","93.3499984741211","93.3499984741211","93.3499984741211"
"11384","","","","","","","","","","","","","","","","94.58000183105469","94.58000183105469","94.58000183105469","","","","","",""
"11451","","","","","","","","","","","","","","","","","","","92.88999938964844","92.88999938964844","92.88999938964844","","",""
"11513","95.72999954223633","94.68000030517578","96.77999877929688","","","","","","","","","","","","","","","","","","","93.70999908447266","93.70999908447266","93.70999908447266"
"11514","96.5199966430664","96.5199966430664","96.5199966430664","","","","","","","","","","","","","","","","","","","","",""
"11521","","","","","","","","","","","","","","","","95.6500015258789","95.6500015258789","95.6500015258789","","","","","",""
"11588","","","","","","","","","","","","","","","","","","","92.43000030517578","92.43000030517578","92.43000030517578","","",""
"11645","94.3499984741211","92.83999633789062","95.86000061035156","","","","","","","","","","","","","","","","","","","","",""
"11646","95.80999755859375","95.80999755859375","95.80999755859375","","","","","","","","","","","","","","","","","","","","",""
"11715","","","","","","","","","","","","","","","","","","","","","","93.55999755859375","93.55999755859375","93.55999755859375"
"11723","","","","","","","","","","","","","","","","94.58000183105469","94.58000183105469","94.58000183105469","","","","","",""
"11725","","","","","","","","","","","","","","","","","","","90.9000015258789","90.9000015258789","90.9000015258789","","",""
"11732","","","","","","","","","","","","","","","","","","","90.9000015258789","90.9000015258789","90.9000015258789","","",""
"11842","93.71500015258789","91.72000122070312","95.70999908447266","","","","","","","","","","","","","","","","","","","","",""
"11843","95.55000305175781","95.55000305175781","95.55000305175781","","","","","","","","","","","","","","","","","","","","",""
"11852","","","","","","","","","","","","","","","","","","","","","","92.88999938964844","92.88999938964844","92.88999938964844"
"11863","","","","","","","","","","","","","","","","","","","90.02999877929688","90.02999877929688","90.02999877929688","","",""
"11870","","","","","","","","","","","","","","","","","","","90.02999877929688","90.02999877929688","90.02999877929688","","",""
"11926","","","","","","","","","","","","","","","","94.62999725341797","94.62999725341797","94.62999725341797","","","","","",""
"11974","94.73500061035156","92.79000091552734","96.68000030517578","","","","","","","","","","","","","","","","","","","","",""
"11975","95.91000366210938","95.91000366210938","95.91000366210938","","","","","","","","","","","","","","","","","","","","",""
"12054","","","","","","","","","","","","","","","","","","","","","","93.87000274658203","93.87000274658203","93.87000274658203"
"12066","","","","","","","","","","","","","","","","","","","89.56999969482422","89.56999969482422","89.56999969482422","","",""
"12129","","","","","","","","","","","","","","","","94.2699966430664","94.2699966430664","94.2699966430664","","","","","",""
"12171","94.96500015258789","93.05000305175781","96.87999725341797","","","","","","","","","","","","","","","","","","","","",""
"12172","95.76000213623047","95.76000213623047","95.76000213623047","","","","","","","","","","","","","","","","","","","","",""
"12191","","","","","","","","","","","","","","","","","","","","","","94.79000091552734","94.79000091552734","94.79000091552734"
"12198","","","","","","","","","","","","","","","","","","","","","","95.04000091552734","95.04000091552734","95.04000091552734"
"12203","","","","","","","","","","","","","","","","","","","93.87000274658203","93.87000274658203","93.87000274658203","","",""
"12205","","","","","","","","","","","","","","","","","","","","","","95.04000091552734","95.04000091552734","95.04000091552734"
"12267","","","","","","","","","","","","","","","","95.5","95.5","95.5","","","","","",""
"12271","","","","","","","","","","","","","","","","","","","","","","93.80999755859375","93.80999755859375","93.80999755859375"
"12303","94.65500259399414","93.4000015258789","95.91000366210938","","","","","","","","","","","","","","","","","","","","",""
"12304","96.5199966430664","96.5199966430664","96.5199966430664","","","","","","","","","","","","","","","","","","","","",""
"12405","","","","","","","","","","","","","","","","","","","92.33000183105469","92.33000183105469","92.33000183105469","","",""
"12469","","","","","","","","","","","","","","","","94.0199966430664","94.0199966430664","94.0199966430664","","","","","",""
"12473","","","","","","","","","","","","","","","","","","","","","","93.70999908447266","93.70999908447266","93.70999908447266"
"12500","94.16999816894531","91.45999908447266","96.87999725341797","","","","","","","","","","","","","","","","","","","","",""
"12501","96.05999755859375","96.05999755859375","96.05999755859375","","","","","","","","","","","","","","","","","","","","",""
"12542","","","","","","","","","","","","","","","","","","","90.18000030517578","90.18000030517578","90.18000030517578","","",""
"12606","","","","","","","","","","","","","","","","94.16999816894531","94.16999816894531","94.16999816894531","","","","","",""
"12610","","","","","","","","","","","","","","","","","","","","","","95.13999938964844","95.13999938964844","95.13999938964844"
"12632","94.9900016784668","94.12000274658203","95.86000061035156","","","","","","","","","","","","","","","","","","","","",""
"12633","95.08999633789062","95.08999633789062","95.08999633789062","","","","","","","","","","","","","","","","","","","","",""
"12744","","","","","","","","","","","","","","","","","","","94.4800033569336","94.4800033569336","94.4800033569336","","",""
"12808","","","","","","","","","","","","","","","","95.80999755859375","95.80999755859375","95.80999755859375","","","","","",""
"12812","","","","","","","","","","","","","","","","","","","","","","96.2699966430664","96.2699966430664","96.2699966430664"
"12829","95.19499969482422","94.16999816894531","96.22000122070312","","","","","","","","","","","","","","","","","","","","",""
"12830","94.83999633789062","94.83999633789062","94.83999633789062","","","","","","","","","","","","","","","","","","","","",""
"12881","","","","","","","","","","","","","","","","","","","91.30999755859375","91.30999755859375","91.30999755859375","","",""
"12945","","","","","","","","","","","","","","","","95.19000244140625","95.19000244140625","95.19000244140625","","","","","",""
"12949","","","","","","","","","","","","","","","","","","","","","","95.55000305175781","95.55000305175781","95.55000305175781"
"12961","94.53000259399414","93.05000305175781","96.01000213623047","","","","","","","","","","","","","","","","","","","","",""
"12962","95.25","95.25","95.25","","","","","","","","","","","","","","","","","","","","",""
"13083","","","","","","","","","","","","","","","","","","","91.45999908447266","91.45999908447266","91.45999908447266","","",""
"13147","","","","","","","","","","","","","","","","95.70999908447266","95.70999908447266","95.70999908447266","","","","","",""
"13151","","","","","","","","","","","","","","","","","","","","","","96.41999816894531","96.41999816894531","96.41999816894531"
"13158","94.55500030517578","92.73999786376953","96.37000274658203","","","","","","","","","","","","","","","","","","","","",""
"13159","93.97000122070312","93.97000122070312","93.97000122070312","","","","","","","","","","","","","","","","","","","","",""
"13220","","","","","","","","","","","","","","","","","","","93.05000305175781","93.05000305175781","93.05000305175781","","",""
"13284","","","","","","","","","","","","","","","","95.76000213623047","95.76000213623047","95.76000213623047","","","","","",""
"13288","","","","","","","","","","","","","","","","","","","","","","94.94000244140625","94.94000244140625","94.94000244140625"
"13290","93.96500015258789","92.4800033569336","95.44999694824219","","","","","","","","","","","","","","","","","","","","",""
"13291","94.33000183105469","94.33000183105469","94.33000183105469","","","","","","","","","","","","","","","","","","","","",""
"13422","","","","","","","","","","","","","","","","","","","92.79000091552734","92.79000091552734","92.79000091552734","","",""
"13486","","","","","","","","","","","","","","","","95.55000305175781","95.55000305175781","95.55000305175781","","","","","",""
"13487","94.25","93.70999908447266","94.79000091552734","","","","","","","","","","","","","","","","","","","","",""
"13488","95.95999908447266","95.95999908447266","95.95999908447266","","","","","","","","","","","","","","","","","","","","",""
"13490","","","","","","","","","","","","","","","","","","","","","","93.3499984741211","93.3499984741211","93.3499984741211"
"13559","","","","","","","","","","","","","","","","","","","94.0199966430664","94.0199966430664","94.0199966430664","","",""
"13619","94.78499984741211","93","96.56999969482422","","","","","","","","","","","","","","","","","","","","",""
"13620","96.2699966430664","96.2699966430664","96.2699966430664","","","","","","","","","","","","","","","","","","","","",""
"13623","","","","","","","","","","","","","","","","95.3499984741211","95.3499984741211","95.3499984741211","","","","","",""
"13627","","","","","","","","","","","","","","","","","","","","","","93.19999694824219","93.19999694824219","93.19999694824219"
"13761","","","","","","","","","","","","","","","","","","","89.87999725341797","89.87999725341797","89.87999725341797","","",""
"13816","93.63500213623047","91.05000305175781","96.22000122070312","","","","","","","","","","","","","","","","","","","","",""
"13817","94.43000030517578","94.43000030517578","94.43000030517578","","","","","","","","","","","","","","","","","","","","",""
"13825","","","","","","","","","","","","","","","","95.44999694824219","95.44999694824219","95.44999694824219","","","","","",""
"13829","","","","","","","","","","","","","","","","","","","","","","95.19000244140625","95.19000244140625","95.19000244140625"
"13898","","","","","","","","","","","","","","","","","","","94.33000183105469","94.33000183105469","94.33000183105469","","",""
"13948","95.68000030517578","95.19000244140625","96.16999816894531","","","","","","","","","","","","","","","","","","","","",""
"13949","95.5","95.5","95.5","","","","","","","","","","","","","","","","","","","","",""
"13962","","","","","","","","","","","","","","","","94.98999786376953","94.98999786376953","94.98999786376953","","","","","",""
"13966","","","","","","","","","","","","","","","","","","","","","","92.69000244140625","92.69000244140625","92.69000244140625"
"14100","","","","","","","","","","","","","","","","","","","90.9000015258789","90.9000015258789","90.9000015258789","","",""
"14145","94.14500045776367","93.1500015258789","95.13999938964844","","","","","","","","","","","","","","","","","","","","",""
"14146","95.5","95.5","95.5","","","","","","","","","","","","","","","","","","","","",""
"14164","","","","","","","","","","","","","","","","96.11000061035156","96.11000061035156","96.11000061035156","","","","","",""
"14168","","","","","","","","","","","","","","","","","","","","","","94.22000122070312","94.22000122070312","94.22000122070312"
"14237","","","","","","","","","","","","","","","","","","","92.88999938964844","92.88999938964844","92.88999938964844","","",""
"14277","94.29999923706055","91.7699966430664","96.83000183105469","","","","","","","","","","","","","","","","","","","","",""
"14278","96.31999969482422","96.31999969482422","96.31999969482422","","","","","","","","","","","","","","","","","","","","",""
"14301","","","","","","","","","","","","","","","","95.6500015258789","95.6500015258789","95.6500015258789","","","","","",""
"14305","","","","","","","","","","","","","","","","","","","","","","94.43000030517578","94.43000030517578","94.43000030517578"
"14439","","","","","","","","","","","","","","","","","","","90.02999877929688","90.02999877929688","90.02999877929688","","",""
"14474","94.68000030517578","92.43000030517578","96.93000030517578","","","","","","","","","","","","","","","","","","","","",""
"14475","94.52999877929688","94.52999877929688","94.52999877929688","","","","","","","","","","","","","","","","","","","","",""
"14503","","","","","","","","","","","","","","","","95.6500015258789","95.6500015258789","95.6500015258789","","","","","",""
"14507","","","","","","","","","","","","","","","","","","","","","","94.0199966430664","94.0199966430664","94.0199966430664"
"14576","","","","","","","","","","","","","","","","","","","96.62999725341797","96.62999725341797","96.62999725341797","","",""
"14606","96.09000015258789","95.3499984741211","96.83000183105469","","","","","","","","","","","","","","","","","","","","",""
"14607","94.12000274658203","94.12000274658203","94.12000274658203","","","","","","","","","","","","","","","","","","","","",""
"14640","","","","","","","","","","","","","","","","95.76000213623047","95.76000213623047","95.76000213623047","","","","","",""
"14644","","","","","","","","","","","","","","","","","","","","","","92.2300033569336","92.2300033569336","92.2300033569336"
"14778","","","","","","","","","","","","","","","","","","","92.83999633789062","92.83999633789062","92.83999633789062","","",""
"14803","95.90999984741211","95.4000015258789","96.41999816894531","","","","","","","","","","","","","","","","","","","","",""
"14804","94.06999969482422","94.06999969482422","94.06999969482422","","","","","","","","","","","","","","","","","","","","",""
"14842","","","","","","","","","","","","","","","","93.87000274658203","93.87000274658203","93.87000274658203","","","","","",""
"14846","","","","","","","","","","","","","","","","","","","","","","92.88999938964844","92.88999938964844","92.88999938964844"
"14915","","","","","","","","","","","","","","","","","","","94.37999725341797","94.37999725341797","94.37999725341797","","",""
"14935","95.24499893188477","94.37999725341797","96.11000061035156","","","","","","","","","","","","","","","","","","","","",""
"14936","96.22000122070312","96.22000122070312","96.22000122070312","","","","","","","","","","","","","","","","","","","","",""
"14979","","","","","","","","","","","","","","","","93.87000274658203","93.87000274658203","93.87000274658203","","","","","",""
"14983","","","","","","","","","","","","","","","","","","","","","","91","91","91"
"15117","","","","","","","","","","","","","","","","","","","94.88999938964844","94.88999938964844","94.88999938964844","","",""
"15132","95.70500183105469","95.5","95.91000366210938","","","","","","","","","","","","","","","","","","","","",""
"15133","96.01000213623047","96.01000213623047","96.01000213623047","","","","","","","","","","","","","","","","","","","","",""
"15181","","","","","","","","","","","","","","","","94.83999633789062","94.83999633789062","94.83999633789062","","","","","",""
"15185","","","","","","","","","","","","","","","","","","","","","","92.4800033569336","92.4800033569336","92.4800033569336"
"15192","","","","","","","","","","","","","","","","","","","","","","92.4800033569336","92.4800033569336","92.4800033569336"
"15254","","","","","","","","","","","","","","","","","","","95.86000061035156","95.86000061035156","95.86000061035156","","",""
"15264","94.60499954223633","94.58000183105469","94.62999725341797","","","","","","","","","","","","","","","","","","","","",""
"15265","94.2699966430664","94.2699966430664","94.2699966430664","","","","","","","","","","","","","","","","","","","","",""
"15318","","","","","","","","","","","","","","","","94.94000244140625","94.94000244140625","94.94000244140625","","","","","",""
"15388","","","","","","","","","","","","","","","","","","","","","","91.55999755859375","91.55999755859375","91.55999755859375"
"15456","","","","","","","","","","","","","","","","","","","93.97000122070312","93.97000122070312","93.97000122070312","","",""
"15461","94.47500228881836","93.4000015258789","95.55000305175781","","","","","","","","","","","","","","","","","","","","",""
"15462","96.41999816894531","96.41999816894531","96.41999816894531","","","","","","","","","","","","","","","","","","","","",""
"15463","","","","","","","","","","","","","","","","","","","93.97000122070312","93.97000122070312","93.97000122070312","","",""
"15520","","","","","","","","","","","","","","","","95.13999938964844","95.13999938964844","95.13999938964844","","","","","",""
"15525","","","","","","","","","","","","","","","","","","","","","","96.01000213623047","96.01000213623047","96.01000213623047"
"15529","","","","","","","","","","","","","","","","","","","81.29000091552734","81.29000091552734","81.29000091552734","","",""
"15593","94.50500106811523","93","96.01000213623047","","","","","","","","","","","","","","","","","","","","",""
"15594","96.47000122070312","96.47000122070312","96.47000122070312","","","","","","","","","","","","","","","","","","","","",""
"15657","","","","","","","","","","","","","","","","95.19000244140625","95.19000244140625","95.19000244140625","","","","","",""
"15666","","","","","","","","","","","","","","","","","","","91.0999984741211","91.0999984741211","91.0999984741211","","",""
"15727","","","","","","","","","","","","","","","","","","","","","","96.62999725341797","96.62999725341797","96.62999725341797"
"15790","94.47999954223633","93.1500015258789","95.80999755859375","","","","","","","","","","","","","","","","","","","","",""
"15791","96.16999816894531","96.16999816894531","96.16999816894531","","","","","","","","","","","","","","","","","","","","",""
"15859","","","","","","","","","","","","","","","","94.79000091552734","94.79000091552734","94.79000091552734","","","","","",""
"15864","","","","","","","","","","","","","","","","","","","","","","95.5","95.5","95.5"
"15868","","","","","","","","","","","","","","","","","","","94.68000030517578","94.68000030517578","94.68000030517578","","",""
"15922","94.45499801635742","93.19999694824219","95.70999908447266","","","","","","","","","","","","","","","","","","","","",""
"15923","95.91000366210938","95.91000366210938","95.91000366210938","","","","","","","","","","","","","","","","","","","","",""
"15925","95.91000366210938","95.91000366210938","95.91000366210938","","","","","","","","","","","","","","","","","","","","",""
"15996","","","","","","","","","","","","","","","","94.88999938964844","94.88999938964844","94.88999938964844","","","","","",""
"16005","","","","","","","","","","","","","","","","","","","94.58000183105469","94.58000183105469","94.58000183105469","","",""
"16066","","","","","","","","","","","","","","","","","","","","","","96.11000061035156","96.11000061035156","96.11000061035156"
"16119","95.68000030517578","94.98999786376953","96.37000274658203","","","","","","","","","","","","","","","","","","","","",""
"16121","94.98999786376953","94.98999786376953","94.98999786376953","","","","","","","","","","","","","","","","","","","","",""
"16198","","","","","","","","","","","","","","","","95.08999633789062","95.08999633789062","95.08999633789062","","","","","",""
"16203","","","","","","","","","","","","","","","","","","","","","","95.44999694824219","95.44999694824219","95.44999694824219"
"16207","","","","","","","","","","","","","","","","","","","92.37999725341797","92.37999725341797","92.37999725341797","","",""
"16251","95.70999908447266","95.70999908447266","95.70999908447266","","","","","","","","","","","","","","","","","","","","",""
"16335","","","","","","","","","","","","","","","","94.58000183105469","94.58000183105469","94.58000183105469","","","","","",""
"16344","","","","","","","","","","","","","","","","","","","94.43000030517578","94.43000030517578","94.43000030517578","","",""
"16405","","","","","","","","","","","","","","","","","","","","","","95.25","95.25","95.25"
"16448","94.7300033569336","94.7300033569336","94.7300033569336","","","","","","","","","","","","","","","","","","","","",""
"16537","","","","","","","","","","","","","","","","95.44999694824219","95.44999694824219","95.44999694824219","","","","","",""
"16542","","","","","","","","","","","","","","","","","","","","","","95.80999755859375","95.80999755859375","95.80999755859375"
"16546","","","","","","","","","","","","","","","","","","","91.91999816894531","91.91999816894531","91.91999816894531","","",""
"16580","95.80999755859375","95.80999755859375","95.80999755859375","","","","","","","","","","","","","","","","","","","","",""
"16674","","","","","","","","","","","","","","","","95.44999694824219","95.44999694824219","95.44999694824219","","","","","",""
"16683","","","","","","","","","","","","","","","","","","","91.30999755859375","91.30999755859375","91.30999755859375","","",""
"16744","","","","","","","","","","","","","","","","","","","","","","96.47000122070312","96.47000122070312","96.47000122070312"
"16777","93.80999755859375","93.80999755859375","93.80999755859375","","","","","","","","","","","","","","","","","","","","",""
"16876","","","","","","","","","","","","","","","","94.79000091552734","94.79000091552734","94.79000091552734","","","","","",""
"16881","","","","","","","","","","","","","","","","","","","","","","96.05999755859375","96.05999755859375","96.05999755859375"
"16885","","","","","","","","","","","","","","","","","","","92.94000244140625","92.94000244140625","92.94000244140625","","",""
"16888","","","","","","","","","","","","","","","","","","","","","","96.05999755859375","96.05999755859375","96.05999755859375"
"16892","","","","","","","","","","","","","","","","","","","92.94000244140625","92.94000244140625","92.94000244140625","","",""
"16909","94.7300033569336","94.7300033569336","94.7300033569336","","","","","","","","","","","","","","","","","","","","",""
"17013","","","","","","","","","","","","","","","","95.91000366210938","95.91000366210938","95.91000366210938","","","","","",""
"17106","95.95999908447266","95.95999908447266","95.95999908447266","","","","","","","","","","","","","","","","","","","","",""
"17215","","","","","","","","","","","","","","","","96.22000122070312","96.22000122070312","96.22000122070312","","","","","",""
"17238","95.44999694824219","95.44999694824219","95.44999694824219","","","","","","","","","","","","","","","","","","","","",""
"17352","","","","","","","","","","","","","","","","94.62999725341797","94.62999725341797","94.62999725341797","","","","","",""
"17435","96.2699966430664","96.2699966430664","96.2699966430664","","","","","","","","","","","","","","","","","","","","",""
"17554","","","","","","","","","","","","","","","","95.3499984741211","95.3499984741211","95.3499984741211","","","","","",""
"17567","94.88999938964844","94.88999938964844","94.88999938964844","","","","","","","","","","","","","","","","","","","","",""
"17691","","","","","","","","","","","","","","","","95.25","95.25","95.25","","","","","",""
"17764","95.80999755859375","95.80999755859375","95.80999755859375","","","","","","","","","","","","","","","","","","","","",""
"17893","","","","","","","","","","","","","","","","95.4000015258789","95.4000015258789","95.4000015258789","","","","","",""
"17896","94.22000122070312","94.22000122070312","94.22000122070312","","","","","","","","","","","","","","","","","","","","",""
"18030","","","","","","","","","","","","","","","","95.25","95.25","95.25","","","","","",""
"18093","95.5","95.5","95.5","","","","","","","","","","","","","","","","","","","","",""
"18225","96.56999969482422","96.56999969482422","96.56999969482422","","","","","","","","","","","","","","","","","","","","",""
"18422","96.93000030517578","96.93000030517578","96.93000030517578","","","","","","","","","","","","","","","","","","","","",""
"18554","95.91000366210938","95.91000366210938","95.91000366210938","","","","","","","","","","","","","","","","","","","","",""
"18751","94.52999877929688","94.52999877929688","94.52999877929688","","","","","","","","","","","","","","","","","","","","",""
"18883","96.37000274658203","96.37000274658203","96.37000274658203","","","","","","","","","","","","","","","","","","","","",""
"19080","96.2699966430664","96.2699966430664","96.2699966430664","","","","","","","","","","","","","","","","","","","","",""
"19212","95.5999984741211","95.5999984741211","95.5999984741211","","","","","","","","","","","","","","","","","","","","",""
"19409","94.06999969482422","94.06999969482422","94.06999969482422","","","","","","","","","","","","","","","","","","","","",""
"19541","96.62999725341797","96.62999725341797","96.62999725341797","","","","","","","","","","","","","","","","","","","","",""
"19738","96.9800033569336","96.9800033569336","96.9800033569336","","","","","","","","","","","","","","","","","","","","",""
"19870","97.02999877929688","97.02999877929688","97.02999877929688","","","","","","","","","","","","","","","","","","","","",""
"20067","96.11000061035156","96.11000061035156","96.11000061035156","","","","","","","","","","","","","","","","","","","","",""
"20199","96.62999725341797","96.62999725341797","96.62999725341797","","","","","","","","","","","","","","","","","","","","",""
"20396","96.16999816894531","96.16999816894531","96.16999816894531","","","","","","","","","","","","","","","","","","","","",""
"20528","96.41999816894531","96.41999816894531","96.41999816894531","","","","","","","","","","","","","","","","","","","","",""
"20725","96.62999725341797","96.62999725341797","96.62999725341797","","","","","","","","","","","","","","","","","","","","",""
"20857","94.98999786376953","94.98999786376953","94.98999786376953","","","","","","","","","","","","","","","","","","","","",""
"21054","96.01000213623047","96.01000213623047","96.01000213623047","","","","","","","","","","","","","","","","","","","","",""
"21186","96.16999816894531","96.16999816894531","96.16999816894531","","","","","","","","","","","","","","","","","","","","",""
"21383","96.56999969482422","96.56999969482422","96.56999969482422","","","","","","","","","","","","","","","","","","","","",""
"21515","96.2699966430664","96.2699966430664","96.2699966430664","","","","","","","","","","","","","","","","","","","","",""
"21712","96.47000122070312","96.47000122070312","96.47000122070312","","","","","","","","","","","","","","","","","","","","",""
"21844","96.37000274658203","96.37000274658203","96.37000274658203","","","","","","","","","","","","","","","","","","","","",""
"22041","96.68000030517578","96.68000030517578","96.68000030517578","","","","","","","","","","","","","","","","","","","","",""
"22173","96.05999755859375","96.05999755859375","96.05999755859375","","","","","","","","","","","","","","","","","","","","",""
"22370","94.98999786376953","94.98999786376953","94.98999786376953","","","","","","","","","","","","","","","","","","","","",""
"22502","95.76000213623047","95.76000213623047","95.76000213623047","","","","","","","","","","","","","","","","","","","","",""
"22699","95.25","95.25","95.25","","","","","","","","","","","","","","","","","","","","",""
"22831","95.55000305175781","95.55000305175781","95.55000305175781","","","","","","","","","","","","","","","","","","","","",""
"23028","94.83999633789062","94.83999633789062","94.83999633789062","","","","","","","","","","","","","","","","","","","","",""
"23160","96.01000213623047","96.01000213623047","96.01000213623047","","","","","","","","","","","","","","","","","","","","",""
"23357","96.68000030517578","96.68000030517578","96.68000030517578","","","","","","","","","","","","","","","","","","","","",""
"23489","94.52999877929688","94.52999877929688","94.52999877929688","","","","","","","","","","","","","","","","","","","","",""
"23686","94.06999969482422","94.06999969482422","94.06999969482422","","","","","","","","","","","","","","","","","","","","",""
"23818","95.86000061035156","95.86000061035156","95.86000061035156","","","","","","","","","","","","","","","","","","","","",""