"Step","Group: text10-vision0 - evaluation/blimp/argument_structure","Group: text10-vision0 - evaluation/blimp/argument_structure__MIN","Group: text10-vision0 - evaluation/blimp/argument_structure__MAX","Group: text1-vision0 - evaluation/blimp/argument_structure","Group: text1-vision0 - evaluation/blimp/argument_structure__MIN","Group: text1-vision0 - evaluation/blimp/argument_structure__MAX","Group: text1-vision100 - evaluation/blimp/argument_structure","Group: text1-vision100 - evaluation/blimp/argument_structure__MIN","Group: text1-vision100 - evaluation/blimp/argument_structure__MAX","Group: text1-vision10 - evaluation/blimp/argument_structure","Group: text1-vision10 - evaluation/blimp/argument_structure__MIN","Group: text1-vision10 - evaluation/blimp/argument_structure__MAX","Group: text1-vision1 - evaluation/blimp/argument_structure","Group: text1-vision1 - evaluation/blimp/argument_structure__MIN","Group: text1-vision1 - evaluation/blimp/argument_structure__MAX","Group: text10-vision1 - evaluation/blimp/argument_structure","Group: text10-vision1 - evaluation/blimp/argument_structure__MIN","Group: text10-vision1 - evaluation/blimp/argument_structure__MAX","Group: text10-vision10 - evaluation/blimp/argument_structure","Group: text10-vision10 - evaluation/blimp/argument_structure__MIN","Group: text10-vision10 - evaluation/blimp/argument_structure__MAX","Group: text10-vision100 - evaluation/blimp/argument_structure","Group: text10-vision100 - evaluation/blimp/argument_structure__MIN","Group: text10-vision100 - evaluation/blimp/argument_structure__MAX"
"130","60.084999084472656","59.439998626708984","60.72999954223633","58.65999984741211","58.56999969482422","58.75","60.099998474121094","60.099998474121094","60.099998474121094","57.869998931884766","57.869998931884766","57.869998931884766","60.849998474121094","60.849998474121094","60.849998474121094","58.849998474121094","58.849998474121094","58.849998474121094","","","","","",""
"131","58.560001373291016","58.560001373291016","58.560001373291016","","","","","","","","","","","","","","","","58.83000183105469","58.83000183105469","58.83000183105469","58.65999984741211","58.65999984741211","58.65999984741211"
"327","60.959999084472656","60.75","61.16999816894531","60.295000076293945","60.11000061035156","60.47999954223633","","","","","","","","","","","","","","","","","",""
"328","60.38999938964844","60.38999938964844","60.38999938964844","","","","","","","","","","","","","","","","","","","","",""
"332","","","","","","","61.2400016784668","61.2400016784668","61.2400016784668","60.099998474121094","60.099998474121094","60.099998474121094","61.31999969482422","61.31999969482422","61.31999969482422","61.720001220703125","61.720001220703125","61.720001220703125","","","","","",""
"333","","","","","","","","","","","","","","","","","","","60.619998931884766","60.619998931884766","60.619998931884766","60.560001373291016","60.560001373291016","60.560001373291016"
"459","61.329999923706055","61.31999969482422","61.34000015258789","60.97999954223633","60.790000915527344","61.16999816894531","","","","","","","","","","","","","","","","","",""
"460","61.36000061035156","61.36000061035156","61.36000061035156","","","","","","","","","","","","","","","","","","","","",""
"469","","","","","","","61.650001525878906","61.650001525878906","61.650001525878906","61.41999816894531","61.41999816894531","61.41999816894531","61.97999954223633","61.97999954223633","61.97999954223633","61.56999969482422","61.56999969482422","61.56999969482422","","","","","",""
"470","","","","","","","","","","","","","","","","","","","61.709999084472656","61.709999084472656","61.709999084472656","61.68000030517578","61.68000030517578","61.68000030517578"
"656","61.22500038146973","61.130001068115234","61.31999969482422","61.329999923706055","61.16999816894531","61.4900016784668","","","","","","","","","","","","","","","","","",""
"657","61.61000061035156","61.61000061035156","61.61000061035156","","","","","","","","","","","","","","","","","","","","",""
"671","","","","","","","61.95000076293945","61.95000076293945","61.95000076293945","61.599998474121094","61.599998474121094","61.599998474121094","62.22999954223633","62.22999954223633","62.22999954223633","61.68000030517578","61.68000030517578","61.68000030517578","","","","","",""
"672","","","","","","","","","","","","","","","","","","","61.7599983215332","61.7599983215332","61.7599983215332","61.70000076293945","61.70000076293945","61.70000076293945"
"788","61.220001220703125","61.20000076293945","61.2400016784668","61.5","60.900001525878906","62.099998474121094","","","","","","","","","","","","","","","","","",""
"789","61.709999084472656","61.709999084472656","61.709999084472656","","","","","","","","","","","","","","","","","","","","",""
"808","","","","","","","62.099998474121094","62.099998474121094","62.099998474121094","62.4900016784668","62.4900016784668","62.4900016784668","62.58000183105469","62.58000183105469","62.58000183105469","61.810001373291016","61.810001373291016","61.810001373291016","","","","","",""
"809","","","","","","","","","","","","","","","","","","","62.060001373291016","62.060001373291016","62.060001373291016","61.849998474121094","61.849998474121094","61.849998474121094"
"985","61.40999984741211","61.400001525878906","61.41999816894531","61.30999946594238","60.689998626708984","61.93000030517578","","","","","","","","","","","","","","","","","",""
"986","61.689998626708984","61.689998626708984","61.689998626708984","","","","","","","","","","","","","","","","","","","","",""
"1010","","","","","","","62.31999969482422","62.31999969482422","62.31999969482422","62.13999938964844","62.13999938964844","62.13999938964844","62.939998626708984","62.939998626708984","62.939998626708984","61.9900016784668","61.9900016784668","61.9900016784668","","","","","",""
"1011","","","","","","","","","","","","","","","","","","","62.310001373291016","62.310001373291016","62.310001373291016","62.65999984741211","62.65999984741211","62.65999984741211"
"1117","61.14999961853027","60.849998474121094","61.45000076293945","61.5049991607666","61.209999084472656","61.79999923706055","","","","","","","","","","","","","","","","","",""
"1118","61.91999816894531","61.91999816894531","61.91999816894531","","","","","","","","","","","","","","","","","","","","",""
"1147","","","","","","","62.13999938964844","62.13999938964844","62.13999938964844","62.540000915527344","62.540000915527344","62.540000915527344","62.279998779296875","62.279998779296875","62.279998779296875","62.5","62.5","62.5","","","","","",""
"1148","","","","","","","","","","","","","","","","","","","62.5099983215332","62.5099983215332","62.5099983215332","62.11000061035156","62.11000061035156","62.11000061035156"
"1314","61.34499931335449","61.279998779296875","61.40999984741211","61.83500099182129","60.880001068115234","62.790000915527344","","","","","","","","","","","","","","","","","",""
"1315","62.959999084472656","62.959999084472656","62.959999084472656","","","","","","","","","","","","","","","","","","","","",""
"1349","","","","","","","62.380001068115234","62.380001068115234","62.380001068115234","62.220001220703125","62.220001220703125","62.220001220703125","61.16999816894531","61.16999816894531","61.16999816894531","63.13999938964844","63.13999938964844","63.13999938964844","","","","","",""
"1350","","","","","","","","","","","","","","","","","","","61.91999816894531","61.91999816894531","61.91999816894531","62.290000915527344","62.290000915527344","62.290000915527344"
"1446","61.689998626708984","61.529998779296875","61.849998474121094","62.2549991607666","61.2599983215332","63.25","","","","","","","","","","","","","","","","","",""
"1447","63.650001525878906","63.650001525878906","63.650001525878906","","","","","","","","","","","","","","","","","","","","",""
"1486","","","","","","","62.08000183105469","62.08000183105469","62.08000183105469","62.970001220703125","62.970001220703125","62.970001220703125","62.349998474121094","62.349998474121094","62.349998474121094","63.06999969482422","63.06999969482422","63.06999969482422","","","","","",""
"1487","","","","","","","","","","","","","","","","","","","62.2599983215332","62.2599983215332","62.2599983215332","61.779998779296875","61.779998779296875","61.779998779296875"
"1643","62.670000076293945","62.13999938964844","63.20000076293945","62.72500038146973","61.9900016784668","63.459999084472656","","","","","","","","","","","","","","","","","",""
"1644","63.310001373291016","63.310001373291016","63.310001373291016","","","","","","","","","","","","","","","","","","","","",""
"1688","","","","","","","63.06999969482422","63.06999969482422","63.06999969482422","63.36000061035156","63.36000061035156","63.36000061035156","62.220001220703125","62.220001220703125","62.220001220703125","64.05000305175781","64.05000305175781","64.05000305175781","","","","","",""
"1689","","","","","","","","","","","","","","","","","","","62.560001373291016","62.560001373291016","62.560001373291016","63.40999984741211","63.40999984741211","63.40999984741211"
"1775","63.040000915527344","62.45000076293945","63.630001068115234","63.09499931335449","62.709999084472656","63.47999954223633","","","","","","","","","","","","","","","","","",""
"1776","63.540000915527344","63.540000915527344","63.540000915527344","","","","","","","","","","","","","","","","","","","","",""
"1825","","","","","","","63.9900016784668","63.9900016784668","63.9900016784668","63.9900016784668","63.9900016784668","63.9900016784668","64.19000244140625","64.19000244140625","64.19000244140625","63.720001220703125","63.720001220703125","63.720001220703125","","","","","",""
"1826","","","","","","","","","","","","","","","","","","","63.290000915527344","63.290000915527344","63.290000915527344","63.400001525878906","63.400001525878906","63.400001525878906"
"1972","63.64999961853027","63.04999923706055","64.25","63.32500076293945","62.900001525878906","63.75","","","","","","","","","","","","","","","","","",""
"1973","63.90999984741211","63.90999984741211","63.90999984741211","","","","","","","","","","","","","","","","","","","","",""
"2027","","","","","","","64.5999984741211","64.5999984741211","64.5999984741211","63.810001373291016","63.810001373291016","63.810001373291016","64.79000091552734","64.79000091552734","64.79000091552734","64.3499984741211","64.3499984741211","64.3499984741211","","","","","",""
"2028","","","","","","","","","","","","","","","","","","","64.51000213623047","64.51000213623047","64.51000213623047","64.5999984741211","64.5999984741211","64.5999984741211"
"2104","63.46000099182129","63.43000030517578","63.4900016784668","63.55499839782715","63.189998626708984","63.91999816894531","","","","","","","","","","","","","","","","","",""
"2105","64.5","64.5","64.5","","","","","","","","","","","","","","","","","","","","",""
"2164","","","","","","","64.0199966430664","64.0199966430664","64.0199966430664","64.13999938964844","64.13999938964844","64.13999938964844","64.12000274658203","64.12000274658203","64.12000274658203","64.30999755859375","64.30999755859375","64.30999755859375","","","","","",""
"2165","","","","","","","","","","","","","","","","","","","64.48999786376953","64.48999786376953","64.48999786376953","64.16999816894531","64.16999816894531","64.16999816894531"
"2301","63.42500114440918","63.130001068115234","63.720001220703125","63.529998779296875","63.119998931884766","63.939998626708984","","","","","","","","","","","","","","","","","",""
"2302","64.11000061035156","64.11000061035156","64.11000061035156","","","","","","","","","","","","","","","","","","","","",""
"2366","","","","","","","64.72000122070312","64.72000122070312","64.72000122070312","64.0199966430664","64.0199966430664","64.0199966430664","63.43000030517578","63.43000030517578","63.43000030517578","64.04000091552734","64.04000091552734","64.04000091552734","","","","","",""
"2367","","","","","","","","","","","","","","","","","","","63.9900016784668","63.9900016784668","63.9900016784668","64.4800033569336","64.4800033569336","64.4800033569336"
"2433","63.489999771118164","63.43000030517578","63.54999923706055","63.03000068664551","62.56999969482422","63.4900016784668","","","","","","","","","","","","","","","","","",""
"2434","64.61000061035156","64.61000061035156","64.61000061035156","","","","","","","","","","","","","","","","","","","","",""
"2503","","","","","","","63.939998626708984","63.939998626708984","63.939998626708984","63.75","63.75","63.75","63.9900016784668","63.9900016784668","63.9900016784668","63.65999984741211","63.65999984741211","63.65999984741211","","","","","",""
"2504","","","","","","","","","","","","","","","","","","","64.97000122070312","64.97000122070312","64.97000122070312","64.76000213623047","64.76000213623047","64.76000213623047"
"2630","64.0999984741211","64.08999633789062","64.11000061035156","63.78999900817871","63.060001373291016","64.5199966430664","","","","","","","","","","","","","","","","","",""
"2631","63.58000183105469","63.58000183105469","63.58000183105469","","","","","","","","","","","","","","","","","","","","",""
"2705","","","","","","","63.70000076293945","63.70000076293945","63.70000076293945","63.90999984741211","63.90999984741211","63.90999984741211","63.54999923706055","63.54999923706055","63.54999923706055","65.16999816894531","65.16999816894531","65.16999816894531","","","","","",""
"2706","","","","","","","","","","","","","","","","","","","64.25","64.25","64.25","64.7300033569336","64.7300033569336","64.7300033569336"
"2762","64.0999984741211","63.849998474121094","64.3499984741211","63.700002670288086","62.7400016784668","64.66000366210938","","","","","","","","","","","","","","","","","",""
"2763","64.13999938964844","64.13999938964844","64.13999938964844","","","","","","","","","","","","","","","","","","","","",""
"2842","","","","","","","63.720001220703125","63.720001220703125","63.720001220703125","63.09000015258789","63.09000015258789","63.09000015258789","63.400001525878906","63.400001525878906","63.400001525878906","63.540000915527344","63.540000915527344","63.540000915527344","","","","","",""
"2843","","","","","","","","","","","","","","","","","","","63.31999969482422","63.31999969482422","63.31999969482422","64.5","64.5","64.5"
"2959","64.0999984741211","64.02999877929688","64.16999816894531","63.91000175476074","63.83000183105469","63.9900016784668","","","","","","","","","","","","","","","","","",""
"2960","64.3499984741211","64.3499984741211","64.3499984741211","","","","","","","","","","","","","","","","","","","","",""
"3044","","","","","","","63.83000183105469","63.83000183105469","63.83000183105469","63.849998474121094","63.849998474121094","63.849998474121094","63.47999954223633","63.47999954223633","63.47999954223633","65.12999725341797","65.12999725341797","65.12999725341797","","","","","",""
"3045","","","","","","","","","","","","","","","","","","","63.70000076293945","63.70000076293945","63.70000076293945","63.349998474121094","63.349998474121094","63.349998474121094"
"3091","64.625","64.5999984741211","64.6500015258789","64.60000228881836","64.51000213623047","64.69000244140625","","","","","","","","","","","","","","","","","",""
"3092","64.22000122070312","64.22000122070312","64.22000122070312","","","","","","","","","","","","","","","","","","","","",""
"3181","","","","","","","63.310001373291016","63.310001373291016","63.310001373291016","64.31999969482422","64.31999969482422","64.31999969482422","64.0999984741211","64.0999984741211","64.0999984741211","64.37999725341797","64.37999725341797","64.37999725341797","","","","","",""
"3182","","","","","","","","","","","","","","","","","","","63.08000183105469","63.08000183105469","63.08000183105469","63.310001373291016","63.310001373291016","63.310001373291016"
"3288","64.3700008392334","63.77000045776367","64.97000122070312","64.61999893188477","64.4000015258789","64.83999633789062","","","","","","","","","","","","","","","","","",""
"3289","63.7400016784668","63.7400016784668","63.7400016784668","","","","","","","","","","","","","","","","","","","","",""
"3383","","","","","","","62.84000015258789","62.84000015258789","62.84000015258789","64.04000091552734","64.04000091552734","64.04000091552734","64.26000213623047","64.26000213623047","64.26000213623047","64.81999969482422","64.81999969482422","64.81999969482422","","","","","",""
"3384","","","","","","","","","","","","","","","","","","","64.51000213623047","64.51000213623047","64.51000213623047","63.34000015258789","63.34000015258789","63.34000015258789"
"3420","64.7400016784668","64.22000122070312","65.26000213623047","64.40999984741211","64.37999725341797","64.44000244140625","","","","","","","","","","","","","","","","","",""
"3421","64.48999786376953","64.48999786376953","64.48999786376953","","","","","","","","","","","","","","","","","","","","",""
"3520","","","","","","","63.869998931884766","63.869998931884766","63.869998931884766","63.849998474121094","63.849998474121094","63.849998474121094","64.12000274658203","64.12000274658203","64.12000274658203","64.7300033569336","64.7300033569336","64.7300033569336","","","","","",""
"3521","","","","","","","","","","","","","","","","","","","63.7400016784668","63.7400016784668","63.7400016784668","63.2599983215332","63.2599983215332","63.2599983215332"
"3617","65.0999984741211","64.61000061035156","65.58999633789062","64.06500053405762","63.939998626708984","64.19000244140625","","","","","","","","","","","","","","","","","",""
"3618","64.97000122070312","64.97000122070312","64.97000122070312","","","","","","","","","","","","","","","","","","","","",""
"3722","","","","","","","63.939998626708984","63.939998626708984","63.939998626708984","63.939998626708984","63.939998626708984","63.939998626708984","64.5","64.5","64.5","65.44999694824219","65.44999694824219","65.44999694824219","","","","","",""
"3723","","","","","","","","","","","","","","","","","","","64.69000244140625","64.69000244140625","64.69000244140625","64.19000244140625","64.19000244140625","64.19000244140625"
"3749","64.45499801635742","63.81999969482422","65.08999633789062","64.39000129699707","63.65999984741211","65.12000274658203","","","","","","","","","","","","","","","","","",""
"3750","64.4000015258789","64.4000015258789","64.4000015258789","","","","","","","","","","","","","","","","","","","","",""
"3859","","","","","","","63.689998626708984","63.689998626708984","63.689998626708984","63.810001373291016","63.810001373291016","63.810001373291016","63.91999816894531","63.91999816894531","63.91999816894531","64.43000030517578","64.43000030517578","64.43000030517578","","","","","",""
"3860","","","","","","","","","","","","","","","","","","","63.86000061035156","63.86000061035156","63.86000061035156","63.47999954223633","63.47999954223633","63.47999954223633"
"3946","65.25","64.8499984741211","65.6500015258789","64.5999984741211","64.45999908447266","64.73999786376953","","","","","","","","","","","","","","","","","",""
"3947","65.52999877929688","65.52999877929688","65.52999877929688","","","","","","","","","","","","","","","","","","","","",""
"4061","","","","","","","63.709999084472656","63.709999084472656","63.709999084472656","64.5","64.5","64.5","64.0999984741211","64.0999984741211","64.0999984741211","65.5199966430664","65.5199966430664","65.5199966430664","","","","","",""
"4062","","","","","","","","","","","","","","","","","","","64.70999908447266","64.70999908447266","64.70999908447266","64.7699966430664","64.7699966430664","64.7699966430664"
"4078","65.56000137329102","65.45999908447266","65.66000366210938","64.45000076293945","64.4000015258789","64.5","","","","","","","","","","","","","","","","","",""
"4079","64.91999816894531","64.91999816894531","64.91999816894531","","","","","","","","","","","","","","","","","","","","",""
"4198","","","","","","","64.79000091552734","64.79000091552734","64.79000091552734","64.30999755859375","64.30999755859375","64.30999755859375","64.20999908447266","64.20999908447266","64.20999908447266","65.86000061035156","65.86000061035156","65.86000061035156","","","","","",""
"4199","","","","","","","","","","","","","","","","","","","65.54000091552734","65.54000091552734","65.54000091552734","64.45999908447266","64.45999908447266","64.45999908447266"
"4275","65.70999908447266","65.43000030517578","65.98999786376953","63.94000053405762","63.880001068115234","64","","","","","","","","","","","","","","","","","",""
"4276","65.75","65.75","65.75","","","","","","","","","","","","","","","","","","","","",""
"4400","","","","","","","63.91999816894531","63.91999816894531","63.91999816894531","64.44999694824219","64.44999694824219","64.44999694824219","63.93000030517578","63.93000030517578","63.93000030517578","65.55999755859375","65.55999755859375","65.55999755859375","","","","","",""
"4401","","","","","","","","","","","","","","","","","","","64.7699966430664","64.7699966430664","64.7699966430664","64.31999969482422","64.31999969482422","64.31999969482422"
"4407","65.8599967956543","65.69999694824219","66.0199966430664","63.77000045776367","63.220001220703125","64.31999969482422","","","","","","","","","","","","","","","","","",""
"4408","66.25","66.25","66.25","","","","","","","","","","","","","","","","","","","","",""
"4537","","","","","","","63.25","63.25","63.25","64.2300033569336","64.2300033569336","64.2300033569336","","","","66.20999908447266","66.20999908447266","66.20999908447266","","","","","",""
"4538","","","","","","","","","","","","","","","","","","","65.47000122070312","65.47000122070312","65.47000122070312","64.55999755859375","64.55999755859375","64.55999755859375"
"4604","65.9900016784668","65.69000244140625","66.29000091552734","64.13000106811523","64.04000091552734","64.22000122070312","","","","","","","","","","","","","","","","","",""
"4605","66.19999694824219","66.19999694824219","66.19999694824219","","","","","","","","","","","","","","","","","","","","",""
"4668","","","","","","","","","","","","","63.459999084472656","63.459999084472656","63.459999084472656","","","","","","","","",""
"4736","66.95999908447266","66.62999725341797","67.29000091552734","63.17499923706055","63.06999969482422","63.279998779296875","","","","","","","","","","","","","","","","","",""
"4737","67.22000122070312","67.22000122070312","67.22000122070312","","","","","","","","","","","","","","","","","","","","",""
"4739","","","","","","","64.62999725341797","64.62999725341797","64.62999725341797","64.11000061035156","64.11000061035156","64.11000061035156","","","","66.54000091552734","66.54000091552734","66.54000091552734","","","","","",""
"4740","","","","","","","","","","","","","","","","","","","65.12999725341797","65.12999725341797","65.12999725341797","64.5999984741211","64.5999984741211","64.5999984741211"
"4870","","","","","","","","","","","","","64.76000213623047","64.76000213623047","64.76000213623047","","","","","","","","",""
"4876","","","","","","","63.650001525878906","63.650001525878906","63.650001525878906","64.5199966430664","64.5199966430664","64.5199966430664","","","","66.8499984741211","66.8499984741211","66.8499984741211","","","","","",""
"4877","","","","","","","","","","","","","","","","","","","65.18000030517578","65.18000030517578","65.18000030517578","64.62000274658203","64.62000274658203","64.62000274658203"
"4933","65.90499877929688","65.79000091552734","66.0199966430664","63.95000076293945","63.68000030517578","64.22000122070312","","","","","","","","","","","","","","","","","",""
"4934","66.9000015258789","66.9000015258789","66.9000015258789","","","","","","","","","","","","","","","","","","","","",""
"5007","","","","","","","","","","","","","63.58000183105469","63.58000183105469","63.58000183105469","","","","","","","","",""
"5065","66.375","66.30999755859375","66.44000244140625","63.01499938964844","63.0099983215332","63.02000045776367","","","","","","","","","","","","","","","","","",""
"5066","67.0199966430664","67.0199966430664","67.0199966430664","","","","","","","","","","","","","","","","","","","","",""
"5078","","","","","","","62.720001220703125","62.720001220703125","62.720001220703125","64.41999816894531","64.41999816894531","64.41999816894531","","","","65.08000183105469","65.08000183105469","65.08000183105469","","","","","",""
"5079","","","","","","","","","","","","","","","","","","","65.80999755859375","65.80999755859375","65.80999755859375","65.02999877929688","65.02999877929688","65.02999877929688"
"5209","","","","","","","","","","","","","63.77000045776367","63.77000045776367","63.77000045776367","","","","","","","","",""
"5215","","","","","","","62.90999984741211","62.90999984741211","62.90999984741211","63.09000015258789","63.09000015258789","63.09000015258789","","","","65.7699966430664","65.7699966430664","65.7699966430664","","","","","",""
"5216","","","","","","","","","","","","","","","","","","","65.93000030517578","65.93000030517578","65.93000030517578","65.08999633789062","65.08999633789062","65.08999633789062"
"5262","66.64500045776367","66.5999984741211","66.69000244140625","62.79999923706055","62.47999954223633","63.119998931884766","","","","","","","","","","","","","","","","","",""
"5263","66.9000015258789","66.9000015258789","66.9000015258789","","","","","","","","","","","","","","","","","","","","",""
"5264","","","","62.47999954223633","62.47999954223633","62.47999954223633","","","","","","","","","","","","","","","","","",""
"5346","","","","","","","","","","","","","63.7400016784668","63.7400016784668","63.7400016784668","","","","","","","","",""
"5394","66.19499969482422","65.55999755859375","66.83000183105469","63.08000183105469","63.08000183105469","63.08000183105469","","","","","","","","","","","","","","","","","",""
"5395","68.20999908447266","68.20999908447266","68.20999908447266","","","","","","","","","","","","","","","","","","","","",""
"5417","","","","","","","64.05999755859375","64.05999755859375","64.05999755859375","63.130001068115234","63.130001068115234","63.130001068115234","","","","66.29000091552734","66.29000091552734","66.29000091552734","","","","","",""
"5418","","","","","","","","","","","","","","","","","","","66.37999725341797","66.37999725341797","66.37999725341797","65.47000122070312","65.47000122070312","65.47000122070312"
"5548","","","","","","","","","","","","","63.630001068115234","63.630001068115234","63.630001068115234","","","","","","","","",""
"5554","","","","","","","64.08000183105469","64.08000183105469","64.08000183105469","63.25","63.25","63.25","","","","67.4800033569336","67.4800033569336","67.4800033569336","","","","","",""
"5555","","","","","","","","","","","","","","","","","","","65.48999786376953","65.48999786376953","65.48999786376953","65.43000030517578","65.43000030517578","65.43000030517578"
"5591","66.85000228881836","66.6500015258789","67.05000305175781","","","","","","","","","","","","","","","","","","","","",""
"5592","67.7300033569336","67.7300033569336","67.7300033569336","","","","","","","","","","","","","","","","","","","","",""
"5685","","","","","","","","","","","","","64.31999969482422","64.31999969482422","64.31999969482422","","","","","","","","",""
"5723","66.59000015258789","66.48999786376953","66.69000244140625","","","","","","","","","","","","","","","","","","","","",""
"5724","67.30999755859375","67.30999755859375","67.30999755859375","","","","","","","","","","","","","","","","","","","","",""
"5756","","","","","","","64.0199966430664","64.0199966430664","64.0199966430664","62.47999954223633","62.47999954223633","62.47999954223633","","","","66.55000305175781","66.55000305175781","66.55000305175781","","","","","",""
"5757","","","","","","","","","","","","","","","","","","","66.61000061035156","66.61000061035156","66.61000061035156","65.12999725341797","65.12999725341797","65.12999725341797"
"5887","","","","","","","","","","","","","64.7300033569336","64.7300033569336","64.7300033569336","","","","","","","","",""
"5893","","","","","","","63.619998931884766","63.619998931884766","63.619998931884766","63.75","63.75","63.75","","","","67.56999969482422","67.56999969482422","67.56999969482422","","","","","",""
"5894","","","","","","","","","","","","","","","","","","","65.76000213623047","65.76000213623047","65.76000213623047","65.79000091552734","65.79000091552734","65.79000091552734"
"5920","67.36999893188477","66.68000030517578","68.05999755859375","","","","","","","","","","","","","","","","","","","","",""
"5921","68.13999938964844","68.13999938964844","68.13999938964844","","","","","","","","","","","","","","","","","","","","",""
"6024","","","","","","","","","","","","","62.84000015258789","62.84000015258789","62.84000015258789","","","","","","","","",""
"6052","66.31999969482422","65.81999969482422","66.81999969482422","","","","","","","","","","","","","","","","","","","","",""
"6053","67.52999877929688","67.52999877929688","67.52999877929688","","","","","","","","","","","","","","","","","","","","",""
"6095","","","","","","","63.18000030517578","63.18000030517578","63.18000030517578","63.650001525878906","63.650001525878906","63.650001525878906","","","","67.75","67.75","67.75","","","","","",""
"6096","","","","","","","","","","","","","","","","","","","66.2699966430664","66.2699966430664","66.2699966430664","65.8499984741211","65.8499984741211","65.8499984741211"
"6226","","","","","","","","","","","","","63.93000030517578","63.93000030517578","63.93000030517578","","","","","","","","",""
"6232","","","","","","","62.459999084472656","62.459999084472656","62.459999084472656","64.11000061035156","64.11000061035156","64.11000061035156","","","","","","","","","","","",""
"6233","","","","","","","","","","","","","","","","66.94000244140625","66.94000244140625","66.94000244140625","66.2699966430664","66.2699966430664","66.2699966430664","65.18000030517578","65.18000030517578","65.18000030517578"
"6249","66.93499755859375","65.52999877929688","68.33999633789062","","","","","","","","","","","","","","","","","","","","",""
"6250","69.6500015258789","69.6500015258789","69.6500015258789","","","","","","","","","","","","","","","","","","","","",""
"6363","","","","","","","","","","","","","64","64","64","","","","","","","","",""
"6381","67.06999969482422","66.33000183105469","67.80999755859375","","","","","","","","","","","","","","","","","","","","",""
"6382","67.5999984741211","67.5999984741211","67.5999984741211","","","","","","","","","","","","","","","","","","","","",""
"6434","","","","","","","63.470001220703125","63.470001220703125","63.470001220703125","63.54999923706055","63.54999923706055","63.54999923706055","","","","","","","","","","","",""
"6435","","","","","","","","","","","","","","","","68.11000061035156","68.11000061035156","68.11000061035156","66.12999725341797","66.12999725341797","66.12999725341797","65.19999694824219","65.19999694824219","65.19999694824219"
"6565","","","","","","","","","","","","","62.83000183105469","62.83000183105469","62.83000183105469","","","","","","","","",""
"6571","","","","","","","62.81999969482422","62.81999969482422","62.81999969482422","63.93000030517578","63.93000030517578","63.93000030517578","","","","","","","","","","","",""
"6572","","","","","","","","","","","","","","","","68.33999633789062","68.33999633789062","68.33999633789062","66.33000183105469","66.33000183105469","66.33000183105469","66.43000030517578","66.43000030517578","66.43000030517578"
"6578","67.06500244140625","66.4800033569336","67.6500015258789","","","","","","","","","","","","","","","","","","","","",""
"6579","68.08000183105469","68.08000183105469","68.08000183105469","","","","","","","","","","","","","","","","","","","","",""
"6702","","","","","","","","","","","","","62.61000061035156","62.61000061035156","62.61000061035156","","","","","","","","",""
"6710","67.56999969482422","66.6500015258789","68.48999786376953","","","","","","","","","","","","","","","","","","","","",""
"6711","68.80000305175781","68.80000305175781","68.80000305175781","","","","","","","","","","","","","","","","","","","","",""
"6773","","","","","","","62.43000030517578","62.43000030517578","62.43000030517578","62.970001220703125","62.970001220703125","62.970001220703125","","","","","","","","","","","",""
"6774","","","","","","","","","","","","","","","","68.54000091552734","68.54000091552734","68.54000091552734","66.0999984741211","66.0999984741211","66.0999984741211","65.4800033569336","65.4800033569336","65.4800033569336"
"6904","","","","","","","","","","","","","62.83000183105469","62.83000183105469","62.83000183105469","","","","","","","","",""
"6907","66.36999893188477","65.80999755859375","66.93000030517578","","","","","","","","","","","","","","","","","","","","",""
"6908","67.81999969482422","67.81999969482422","67.81999969482422","","","","","","","","","","","","","","","","","","","","",""
"6910","","","","","","","62.13999938964844","62.13999938964844","62.13999938964844","62.65999984741211","62.65999984741211","62.65999984741211","","","","","","","","","","","",""
"6911","","","","","","","","","","","","","","","","68.97000122070312","68.97000122070312","68.97000122070312","66.58999633789062","66.58999633789062","66.58999633789062","67.05999755859375","67.05999755859375","67.05999755859375"
"7039","66.95999908447266","66.8499984741211","67.06999969482422","","","","","","","","","","","","","","","","","","","","",""
"7040","68.11000061035156","68.11000061035156","68.11000061035156","","","","","","","","","","","","","","","","","","","","",""
"7041","","","","","","","","","","","","","63.290000915527344","63.290000915527344","63.290000915527344","","","","","","","","",""
"7112","","","","","","","63.02000045776367","63.02000045776367","63.02000045776367","63.40999984741211","63.40999984741211","63.40999984741211","","","","","","","","","","","",""
"7113","","","","","","","","","","","","","","","","68.91000366210938","68.91000366210938","68.91000366210938","66.1500015258789","66.1500015258789","66.1500015258789","65.69000244140625","65.69000244140625","65.69000244140625"
"7236","67.76000213623047","67.62000274658203","67.9000015258789","","","","","","","","","","","","","","","","","","","","",""
"7237","67.79000091552734","67.79000091552734","67.79000091552734","","","","","","","","","","","","","","","","","","","","",""
"7243","","","","","","","","","","","","","62.15999984741211","62.15999984741211","62.15999984741211","","","","","","","","",""
"7249","","","","","","","63.189998626708984","63.189998626708984","63.189998626708984","63.540000915527344","63.540000915527344","63.540000915527344","","","","","","","","","","","",""
"7250","","","","","","","","","","","","","","","","67.55999755859375","67.55999755859375","67.55999755859375","67.16999816894531","67.16999816894531","67.16999816894531","65.08999633789062","65.08999633789062","65.08999633789062"
"7368","66.90499877929688","65.44999694824219","68.36000061035156","","","","","","","","","","","","","","","","","","","","",""
"7369","69.75","69.75","69.75","","","","","","","","","","","","","","","","","","","","",""
"7380","","","","","","","","","","","","","62.56999969482422","62.56999969482422","62.56999969482422","","","","","","","","",""
"7451","","","","","","","62.369998931884766","62.369998931884766","62.369998931884766","63.56999969482422","63.56999969482422","63.56999969482422","","","","","","","","","","","",""
"7452","","","","","","","","","","","","","","","","69.45999908447266","69.45999908447266","69.45999908447266","65.8499984741211","65.8499984741211","65.8499984741211","65.12999725341797","65.12999725341797","65.12999725341797"
"7565","67.24499893188477","66.5","67.98999786376953","","","","","","","","","","","","","","","","","","","","",""
"7566","68.7300033569336","68.7300033569336","68.7300033569336","","","","","","","","","","","","","","","","","","","","",""
"7582","","","","","","","","","","","","","63.400001525878906","63.400001525878906","63.400001525878906","","","","","","","","",""
"7588","","","","","","","62.880001068115234","62.880001068115234","62.880001068115234","62.369998931884766","62.369998931884766","62.369998931884766","","","","","","","","","","","",""
"7589","","","","","","","","","","","","","","","","67.16999816894531","67.16999816894531","67.16999816894531","66.2300033569336","66.2300033569336","66.2300033569336","67.05999755859375","67.05999755859375","67.05999755859375"
"7697","67.79000091552734","66.91000366210938","68.66999816894531","","","","","","","","","","","","","","","","","","","","",""
"7698","69.12999725341797","69.12999725341797","69.12999725341797","","","","","","","","","","","","","","","","","","","","",""
"7719","","","","","","","","","","","","","63.56999969482422","63.56999969482422","63.56999969482422","","","","","","","","",""
"7790","","","","","","","62.84000015258789","62.84000015258789","62.84000015258789","62.5","62.5","62.5","","","","","","","","","","","",""
"7791","","","","","","","","","","","","","","","","69.01000213623047","69.01000213623047","69.01000213623047","66.37000274658203","66.37000274658203","66.37000274658203","67.01000213623047","67.01000213623047","67.01000213623047"
"7894","67.67499923706055","66.95999908447266","68.38999938964844","","","","","","","","","","","","","","","","","","","","",""
"7895","68.12999725341797","68.12999725341797","68.12999725341797","","","","","","","","","","","","","","","","","","","","",""
"7921","","","","","","","","","","","","","62.150001525878906","62.150001525878906","62.150001525878906","","","","","","","","",""
"7927","","","","","","","63.029998779296875","63.029998779296875","63.029998779296875","62.72999954223633","62.72999954223633","62.72999954223633","","","","","","","","","","","",""
"7928","","","","","","","","","","","","","","","","67.37000274658203","67.37000274658203","67.37000274658203","66.72000122070312","66.72000122070312","66.72000122070312","66.6500015258789","66.6500015258789","66.6500015258789"
"8026","66.80500030517578","65.79000091552734","67.81999969482422","","","","","","","","","","","","","","","","","","","","",""
"8027","68.55999755859375","68.55999755859375","68.55999755859375","","","","","","","","","","","","","","","","","","","","",""
"8058","","","","","","","","","","","","","62.08000183105469","62.08000183105469","62.08000183105469","","","","","","","","",""
"8129","","","","","","","63.0099983215332","63.0099983215332","63.0099983215332","62.90999984741211","62.90999984741211","62.90999984741211","","","","","","","","","","","",""
"8130","","","","","","","","","","","","","","","","68.4000015258789","68.4000015258789","68.4000015258789","67.02999877929688","67.02999877929688","67.02999877929688","65.93000030517578","65.93000030517578","65.93000030517578"
"8223","67.625","67.4000015258789","67.8499984741211","","","","","","","","","","","","","","","","","","","","",""
"8224","68","68","68","","","","","","","","","","","","","","","","","","","","",""
"8260","","","","","","","","","","","","","63.2599983215332","63.2599983215332","63.2599983215332","","","","","","","","",""
"8266","","","","","","","62.86000061035156","62.86000061035156","62.86000061035156","","","","","","","","","","","","","","",""
"8267","","","","","","","","","","","","","","","","68","68","68","67.26000213623047","67.26000213623047","67.26000213623047","66.05999755859375","66.05999755859375","66.05999755859375"
"8355","67.64500045776367","66.8499984741211","68.44000244140625","","","","","","","","","","","","","","","","","","","","",""
"8356","68.68000030517578","68.68000030517578","68.68000030517578","","","","","","","","","","","","","","","","","","","","",""
"8397","","","","","","","","","","","","","62.369998931884766","62.369998931884766","62.369998931884766","","","","","","","","",""
"8468","","","","","","","62.68000030517578","62.68000030517578","62.68000030517578","","","","","","","","","","","","","","",""
"8469","","","","","","","","","","","","","","","","67.7699966430664","67.7699966430664","67.7699966430664","66.02999877929688","66.02999877929688","66.02999877929688","65.70999908447266","65.70999908447266","65.70999908447266"
"8552","67.45499801635742","66.58999633789062","68.31999969482422","","","","","","","","","","","","","","","","","","","","",""
"8553","68.19000244140625","68.19000244140625","68.19000244140625","","","","","","","","","","","","","","","","","","","","",""
"8599","","","","","","","","","","","","","61.65999984741211","61.65999984741211","61.65999984741211","","","","","","","","",""
"8605","","","","","","","62.310001373291016","62.310001373291016","62.310001373291016","","","","","","","","","","","","","","",""
"8606","","","","","","","","","","","","","","","","68.76000213623047","68.76000213623047","68.76000213623047","66.52999877929688","66.52999877929688","66.52999877929688","66.48999786376953","66.48999786376953","66.48999786376953"
"8684","67.41999816894531","66.8499984741211","67.98999786376953","","","","","","","","","","","","","","","","","","","","",""
"8685","68.87000274658203","68.87000274658203","68.87000274658203","","","","","","","","","","","","","","","","","","","","",""
"8736","","","","","","","","","","","","","62.61000061035156","62.61000061035156","62.61000061035156","","","","","","","","",""
"8807","","","","","","","62.959999084472656","62.959999084472656","62.959999084472656","","","","","","","","","","","","","","",""
"8808","","","","","","","","","","","","","","","","67.30000305175781","67.30000305175781","67.30000305175781","66.33999633789062","66.33999633789062","66.33999633789062","66.51000213623047","66.51000213623047","66.51000213623047"
"8881","67.54999923706055","66.8499984741211","68.25","","","","","","","","","","","","","","","","","","","","",""
"8882","68.94999694824219","68.94999694824219","68.94999694824219","","","","","","","","","","","","","","","","","","","","",""
"8944","","","","","","","62.939998626708984","62.939998626708984","62.939998626708984","","","","","","","","","","","","","","",""
"8945","","","","","","","","","","","","","","","","68.5999984741211","68.5999984741211","68.5999984741211","67.33000183105469","67.33000183105469","67.33000183105469","68.2699966430664","68.2699966430664","68.2699966430664"
"9013","68.05999755859375","66.87999725341797","69.23999786376953","","","","","","","","","","","","","","","","","","","","",""
"9014","68.55999755859375","68.55999755859375","68.55999755859375","","","","","","","","","","","","","","","","","","","","",""
"9146","","","","","","","64.0999984741211","64.0999984741211","64.0999984741211","","","","","","","","","","","","","","",""
"9147","","","","","","","","","","","","","","","","68.38999938964844","68.38999938964844","68.38999938964844","67.30000305175781","67.30000305175781","67.30000305175781","66.94999694824219","66.94999694824219","66.94999694824219"
"9210","67.07500076293945","66.73999786376953","67.41000366210938","","","","","","","","","","","","","","","","","","","","",""
"9211","68.2300033569336","68.2300033569336","68.2300033569336","","","","","","","","","","","","","","","","","","","","",""
"9283","","","","","","","62.75","62.75","62.75","","","","","","","","","","","","","","",""
"9284","","","","","","","","","","","","","","","","69.36000061035156","69.36000061035156","69.36000061035156","67.12999725341797","67.12999725341797","67.12999725341797","66.76000213623047","66.76000213623047","66.76000213623047"
"9342","68.18499755859375","68.0999984741211","68.2699966430664","","","","","","","","","","","","","","","","","","","","",""
"9343","68.37999725341797","68.37999725341797","68.37999725341797","","","","","","","","","","","","","","","","","","","","",""
"9485","","","","","","","63.20000076293945","63.20000076293945","63.20000076293945","","","","","","","","","","","","","","",""
"9486","","","","","","","","","","","","","","","","67.30999755859375","67.30999755859375","67.30999755859375","67.43000030517578","67.43000030517578","67.43000030517578","67.5199966430664","67.5199966430664","67.5199966430664"
"9539","68.42000198364258","67.36000061035156","69.4800033569336","","","","","","","","","","","","","","","","","","","","",""
"9540","67.4800033569336","67.4800033569336","67.4800033569336","","","","","","","","","","","","","","","","","","","","",""
"9622","","","","","","","62.380001068115234","62.380001068115234","62.380001068115234","","","","","","","","","","","","","","",""
"9623","","","","","","","","","","","","","","","","67.29000091552734","67.29000091552734","67.29000091552734","67.23999786376953","67.23999786376953","67.23999786376953","67.02999877929688","67.02999877929688","67.02999877929688"
"9671","67.97999954223633","67.81999969482422","68.13999938964844","","","","","","","","","","","","","","","","","","","","",""
"9672","67.37000274658203","67.37000274658203","67.37000274658203","","","","","","","","","","","","","","","","","","","","",""
"9824","","","","","","","63.47999954223633","63.47999954223633","63.47999954223633","","","","","","","","","","","","","","",""
"9825","","","","","","","","","","","","","","","","69.80000305175781","69.80000305175781","69.80000305175781","67.37000274658203","67.37000274658203","67.37000274658203","67.11000061035156","67.11000061035156","67.11000061035156"
"9868","68.1349983215332","67.87999725341797","68.38999938964844","","","","","","","","","","","","","","","","","","","","",""
"9869","67.86000061035156","67.86000061035156","67.86000061035156","","","","","","","","","","","","","","","","","","","","",""
"9961","","","","","","","62.02000045776367","62.02000045776367","62.02000045776367","","","","","","","","","","","","","","",""
"9962","","","","","","","","","","","","","","","","68.30000305175781","68.30000305175781","68.30000305175781","67.29000091552734","67.29000091552734","67.29000091552734","67.16000366210938","67.16000366210938","67.16000366210938"
"10000","68.65999984741211","68.52999877929688","68.79000091552734","","","","","","","","","","","","","","","","","","","","",""
"10001","68.72000122070312","68.72000122070312","68.72000122070312","","","","","","","","","","","","","","","","","","","","",""
"10163","","","","","","","61.79999923706055","61.79999923706055","61.79999923706055","","","","","","","","","","","","","","",""
"10164","","","","","","","","","","","","","","","","66.76000213623047","66.76000213623047","66.76000213623047","67.69999694824219","67.69999694824219","67.69999694824219","67.41999816894531","67.41999816894531","67.41999816894531"
"10197","68.22999954223633","67.98999786376953","68.47000122070312","","","","","","","","","","","","","","","","","","","","",""
"10198","68.26000213623047","68.26000213623047","68.26000213623047","","","","","","","","","","","","","","","","","","","","",""
"10301","","","","","","","","","","","","","","","","67.44999694824219","67.44999694824219","67.44999694824219","68.4000015258789","68.4000015258789","68.4000015258789","67.29000091552734","67.29000091552734","67.29000091552734"
"10329","68.80999755859375","68.27999877929688","69.33999633789062","","","","","","","","","","","","","","","","","","","","",""
"10330","68.11000061035156","68.11000061035156","68.11000061035156","","","","","","","","","","","","","","","","","","","","",""
"10503","","","","","","","","","","","","","","","","69.33999633789062","69.33999633789062","69.33999633789062","","","","","",""
"10526","67.48999786376953","67.27999877929688","67.69999694824219","","","","","","","","","","","","","","","","","","","","",""
"10527","68.27999877929688","68.27999877929688","68.27999877929688","","","","","","","","","","","","","","","","","","","","",""
"10571","","","","","","","","","","","","","","","","","","","67.18000030517578","67.18000030517578","67.18000030517578","","",""
"10640","","","","","","","","","","","","","","","","69.08000183105469","69.08000183105469","69.08000183105469","","","","","",""
"10658","68.13999938964844","67.75","68.52999877929688","","","","","","","","","","","","","","","","","","","","",""
"10659","67.7300033569336","67.7300033569336","67.7300033569336","","","","","","","","","","","","","","","","","","","","",""
"10698","","","","","","","","","","","","","","","","","","","","","","66.30999755859375","66.30999755859375","66.30999755859375"
"10773","","","","","","","","","","","","","","","","","","","68.05999755859375","68.05999755859375","68.05999755859375","","",""
"10835","","","","","","","","","","","","","","","","","","","","","","68","68","68"
"10842","","","","","","","","","","","","","","","","69.36000061035156","69.36000061035156","69.36000061035156","","","","","",""
"10855","67.41500091552734","67.4000015258789","67.43000030517578","","","","","","","","","","","","","","","","","","","","",""
"10856","68.12999725341797","68.12999725341797","68.12999725341797","","","","","","","","","","","","","","","","","","","","",""
"10910","","","","","","","","","","","","","","","","","","","67.25","67.25","67.25","","",""
"10987","68.25499725341797","67.55999755859375","68.94999694824219","","","","","","","","","","","","","","","","","","","","",""
"10988","68.0999984741211","68.0999984741211","68.0999984741211","","","","","","","","","","","","","","","","","","","","",""
"11037","","","","","","","","","","","","","","","","","","","","","","67.47000122070312","67.47000122070312","67.47000122070312"
"11045","","","","","","","","","","","","","","","","67.70999908447266","67.70999908447266","67.70999908447266","","","","","",""
"11112","","","","","","","","","","","","","","","","","","","68.04000091552734","68.04000091552734","68.04000091552734","","",""
"11174","","","","","","","","","","","","","","","","","","","","","","67.30999755859375","67.30999755859375","67.30999755859375"
"11182","","","","","","","","","","","","","","","","68.66999816894531","68.66999816894531","68.66999816894531","","","","","",""
"11184","68.34499740600586","68.12999725341797","68.55999755859375","","","","","","","","","","","","","","","","","","","","",""
"11185","67.51000213623047","67.51000213623047","67.51000213623047","","","","","","","","","","","","","","","","","","","","",""
"11249","","","","","","","","","","","","","","","","","","","67.79000091552734","67.79000091552734","67.79000091552734","","",""
"11316","68.70999908447266","68.52999877929688","68.88999938964844","","","","","","","","","","","","","","","","","","","","",""
"11317","68.05999755859375","68.05999755859375","68.05999755859375","","","","","","","","","","","","","","","","","","","","",""
"11376","","","","","","","","","","","","","","","","","","","","","","68.25","68.25","68.25"
"11384","","","","","","","","","","","","","","","","69.3499984741211","69.3499984741211","69.3499984741211","","","","","",""
"11451","","","","","","","","","","","","","","","","","","","67.62999725341797","67.62999725341797","67.62999725341797","","",""
"11513","68.70499801635742","67.8499984741211","69.55999755859375","","","","","","","","","","","","","","","","","","","66.94999694824219","66.94999694824219","66.94999694824219"
"11514","67.52999877929688","67.52999877929688","67.52999877929688","","","","","","","","","","","","","","","","","","","","",""
"11521","","","","","","","","","","","","","","","","68.61000061035156","68.61000061035156","68.61000061035156","","","","","",""
"11588","","","","","","","","","","","","","","","","","","","68.44999694824219","68.44999694824219","68.44999694824219","","",""
"11645","68","67.9000015258789","68.0999984741211","","","","","","","","","","","","","","","","","","","","",""
"11646","68.02999877929688","68.02999877929688","68.02999877929688","","","","","","","","","","","","","","","","","","","","",""
"11715","","","","","","","","","","","","","","","","","","","","","","67.69999694824219","67.69999694824219","67.69999694824219"
"11723","","","","","","","","","","","","","","","","69.87999725341797","69.87999725341797","69.87999725341797","","","","","",""
"11725","","","","","","","","","","","","","","","","","","","67.95999908447266","67.95999908447266","67.95999908447266","","",""
"11732","","","","","","","","","","","","","","","","","","","67.95999908447266","67.95999908447266","67.95999908447266","","",""
"11842","68.20499801635742","67.98999786376953","68.41999816894531","","","","","","","","","","","","","","","","","","","","",""
"11843","66.91000366210938","66.91000366210938","66.91000366210938","","","","","","","","","","","","","","","","","","","","",""
"11852","","","","","","","","","","","","","","","","","","","","","","67.7300033569336","67.7300033569336","67.7300033569336"
"11863","","","","","","","","","","","","","","","","","","","67.16000366210938","67.16000366210938","67.16000366210938","","",""
"11870","","","","","","","","","","","","","","","","","","","67.16000366210938","67.16000366210938","67.16000366210938","","",""
"11926","","","","","","","","","","","","","","","","66.7300033569336","66.7300033569336","66.7300033569336","","","","","",""
"11974","68.86999893188477","68.8499984741211","68.88999938964844","","","","","","","","","","","","","","","","","","","","",""
"11975","67.7300033569336","67.7300033569336","67.7300033569336","","","","","","","","","","","","","","","","","","","","",""
"12054","","","","","","","","","","","","","","","","","","","","","","68.16999816894531","68.16999816894531","68.16999816894531"
"12066","","","","","","","","","","","","","","","","","","","67.80000305175781","67.80000305175781","67.80000305175781","","",""
"12129","","","","","","","","","","","","","","","","65.93000030517578","65.93000030517578","65.93000030517578","","","","","",""
"12171","68.63999938964844","68.11000061035156","69.16999816894531","","","","","","","","","","","","","","","","","","","","",""
"12172","67.36000061035156","67.36000061035156","67.36000061035156","","","","","","","","","","","","","","","","","","","","",""
"12191","","","","","","","","","","","","","","","","","","","","","","68.6500015258789","68.6500015258789","68.6500015258789"
"12198","","","","","","","","","","","","","","","","","","","","","","68.87000274658203","68.87000274658203","68.87000274658203"
"12203","","","","","","","","","","","","","","","","","","","69","69","69","","",""
"12205","","","","","","","","","","","","","","","","","","","","","","68.87000274658203","68.87000274658203","68.87000274658203"
"12267","","","","","","","","","","","","","","","","68.94999694824219","68.94999694824219","68.94999694824219","","","","","",""
"12271","","","","","","","","","","","","","","","","","","","","","","69.33999633789062","69.33999633789062","69.33999633789062"
"12303","68.18999862670898","68.16999816894531","68.20999908447266","","","","","","","","","","","","","","","","","","","","",""
"12304","67.75","67.75","67.75","","","","","","","","","","","","","","","","","","","","",""
"12405","","","","","","","","","","","","","","","","","","","68.20999908447266","68.20999908447266","68.20999908447266","","",""
"12469","","","","","","","","","","","","","","","","68.5999984741211","68.5999984741211","68.5999984741211","","","","","",""
"12473","","","","","","","","","","","","","","","","","","","","","","68.69999694824219","68.69999694824219","68.69999694824219"
"12500","67.98999786376953","67.87999725341797","68.0999984741211","","","","","","","","","","","","","","","","","","","","",""
"12501","68.43000030517578","68.43000030517578","68.43000030517578","","","","","","","","","","","","","","","","","","","","",""
"12542","","","","","","","","","","","","","","","","","","","67.69999694824219","67.69999694824219","67.69999694824219","","",""
"12606","","","","","","","","","","","","","","","","69.19999694824219","69.19999694824219","69.19999694824219","","","","","",""
"12610","","","","","","","","","","","","","","","","","","","","","","68.13999938964844","68.13999938964844","68.13999938964844"
"12632","68.18999862670898","68.16999816894531","68.20999908447266","","","","","","","","","","","","","","","","","","","","",""
"12633","68.0199966430664","68.0199966430664","68.0199966430664","","","","","","","","","","","","","","","","","","","","",""
"12744","","","","","","","","","","","","","","","","","","","67.45999908447266","67.45999908447266","67.45999908447266","","",""
"12808","","","","","","","","","","","","","","","","68.13999938964844","68.13999938964844","68.13999938964844","","","","","",""
"12812","","","","","","","","","","","","","","","","","","","","","","67.44999694824219","67.44999694824219","67.44999694824219"
"12829","67.68000030517578","67.41999816894531","67.94000244140625","","","","","","","","","","","","","","","","","","","","",""
"12830","68.20999908447266","68.20999908447266","68.20999908447266","","","","","","","","","","","","","","","","","","","","",""
"12881","","","","","","","","","","","","","","","","","","","67.36000061035156","67.36000061035156","67.36000061035156","","",""
"12945","","","","","","","","","","","","","","","","69.30000305175781","69.30000305175781","69.30000305175781","","","","","",""
"12949","","","","","","","","","","","","","","","","","","","","","","68.02999877929688","68.02999877929688","68.02999877929688"
"12961","68.54000091552734","68","69.08000183105469","","","","","","","","","","","","","","","","","","","","",""
"12962","67.22000122070312","67.22000122070312","67.22000122070312","","","","","","","","","","","","","","","","","","","","",""
"13083","","","","","","","","","","","","","","","","","","","67.5","67.5","67.5","","",""
"13147","","","","","","","","","","","","","","","","68.38999938964844","68.38999938964844","68.38999938964844","","","","","",""
"13151","","","","","","","","","","","","","","","","","","","","","","68.44999694824219","68.44999694824219","68.44999694824219"
"13158","69.01499938964844","68.68000030517578","69.3499984741211","","","","","","","","","","","","","","","","","","","","",""
"13159","67.9000015258789","67.9000015258789","67.9000015258789","","","","","","","","","","","","","","","","","","","","",""
"13220","","","","","","","","","","","","","","","","","","","68.95999908447266","68.95999908447266","68.95999908447266","","",""
"13284","","","","","","","","","","","","","","","","68.4800033569336","68.4800033569336","68.4800033569336","","","","","",""
"13288","","","","","","","","","","","","","","","","","","","","","","68.7300033569336","68.7300033569336","68.7300033569336"
"13290","68.16500091552734","67.95999908447266","68.37000274658203","","","","","","","","","","","","","","","","","","","","",""
"13291","68.55000305175781","68.55000305175781","68.55000305175781","","","","","","","","","","","","","","","","","","","","",""
"13422","","","","","","","","","","","","","","","","","","","68.30999755859375","68.30999755859375","68.30999755859375","","",""
"13486","","","","","","","","","","","","","","","","70.38999938964844","70.38999938964844","70.38999938964844","","","","","",""
"13487","68.04000091552734","67.80000305175781","68.27999877929688","","","","","","","","","","","","","","","","","","","","",""
"13488","68.66000366210938","68.66000366210938","68.66000366210938","","","","","","","","","","","","","","","","","","","","",""
"13490","","","","","","","","","","","","","","","","","","","","","","67.63999938964844","67.63999938964844","67.63999938964844"
"13559","","","","","","","","","","","","","","","","","","","68.36000061035156","68.36000061035156","68.36000061035156","","",""
"13619","69.18999862670898","69.02999877929688","69.3499984741211","","","","","","","","","","","","","","","","","","","","",""
"13620","67.68000030517578","67.68000030517578","67.68000030517578","","","","","","","","","","","","","","","","","","","","",""
"13623","","","","","","","","","","","","","","","","69.76000213623047","69.76000213623047","69.76000213623047","","","","","",""
"13627","","","","","","","","","","","","","","","","","","","","","","68.25","68.25","68.25"
"13761","","","","","","","","","","","","","","","","","","","68.94000244140625","68.94000244140625","68.94000244140625","","",""
"13816","68.34000015258789","67.9800033569336","68.69999694824219","","","","","","","","","","","","","","","","","","","","",""
"13817","67.58000183105469","67.58000183105469","67.58000183105469","","","","","","","","","","","","","","","","","","","","",""
"13825","","","","","","","","","","","","","","","","70.26000213623047","70.26000213623047","70.26000213623047","","","","","",""
"13829","","","","","","","","","","","","","","","","","","","","","","68.2300033569336","68.2300033569336","68.2300033569336"
"13898","","","","","","","","","","","","","","","","","","","68.47000122070312","68.47000122070312","68.47000122070312","","",""
"13948","67.62000274658203","67.58000183105469","67.66000366210938","","","","","","","","","","","","","","","","","","","","",""
"13949","68.51000213623047","68.51000213623047","68.51000213623047","","","","","","","","","","","","","","","","","","","","",""
"13962","","","","","","","","","","","","","","","","70.16000366210938","70.16000366210938","70.16000366210938","","","","","",""
"13966","","","","","","","","","","","","","","","","","","","","","","67.75","67.75","67.75"
"14100","","","","","","","","","","","","","","","","","","","69.18000030517578","69.18000030517578","69.18000030517578","","",""
"14145","68.71999740600586","68.5999984741211","68.83999633789062","","","","","","","","","","","","","","","","","","","","",""
"14146","68.55999755859375","68.55999755859375","68.55999755859375","","","","","","","","","","","","","","","","","","","","",""
"14164","","","","","","","","","","","","","","","","69.93000030517578","69.93000030517578","69.93000030517578","","","","","",""
"14168","","","","","","","","","","","","","","","","","","","","","","68.26000213623047","68.26000213623047","68.26000213623047"
"14237","","","","","","","","","","","","","","","","","","","69.30000305175781","69.30000305175781","69.30000305175781","","",""
"14277","68.26000213623047","67.91000366210938","68.61000061035156","","","","","","","","","","","","","","","","","","","","",""
"14278","68.83000183105469","68.83000183105469","68.83000183105469","","","","","","","","","","","","","","","","","","","","",""
"14301","","","","","","","","","","","","","","","","70.8499984741211","70.8499984741211","70.8499984741211","","","","","",""
"14305","","","","","","","","","","","","","","","","","","","","","","68.30000305175781","68.30000305175781","68.30000305175781"
"14439","","","","","","","","","","","","","","","","","","","67.95999908447266","67.95999908447266","67.95999908447266","","",""
"14474","68.27999877929688","68.16999816894531","68.38999938964844","","","","","","","","","","","","","","","","","","","","",""
"14475","68.79000091552734","68.79000091552734","68.79000091552734","","","","","","","","","","","","","","","","","","","","",""
"14503","","","","","","","","","","","","","","","","69.80999755859375","69.80999755859375","69.80999755859375","","","","","",""
"14507","","","","","","","","","","","","","","","","","","","","","","69.12000274658203","69.12000274658203","69.12000274658203"
"14576","","","","","","","","","","","","","","","","","","","68.62000274658203","68.62000274658203","68.62000274658203","","",""
"14606","68.38000106811523","67.26000213623047","69.5","","","","","","","","","","","","","","","","","","","","",""
"14607","68.37000274658203","68.37000274658203","68.37000274658203","","","","","","","","","","","","","","","","","","","","",""
"14640","","","","","","","","","","","","","","","","70.0199966430664","70.0199966430664","70.0199966430664","","","","","",""
"14644","","","","","","","","","","","","","","","","","","","","","","68.98999786376953","68.98999786376953","68.98999786376953"
"14778","","","","","","","","","","","","","","","","","","","68.0999984741211","68.0999984741211","68.0999984741211","","",""
"14803","68.81499862670898","68.02999877929688","69.5999984741211","","","","","","","","","","","","","","","","","","","","",""
"14804","69.30999755859375","69.30999755859375","69.30999755859375","","","","","","","","","","","","","","","","","","","","",""
"14842","","","","","","","","","","","","","","","","69.2699966430664","69.2699966430664","69.2699966430664","","","","","",""
"14846","","","","","","","","","","","","","","","","","","","","","","67.97000122070312","67.97000122070312","67.97000122070312"
"14915","","","","","","","","","","","","","","","","","","","68.94999694824219","68.94999694824219","68.94999694824219","","",""
"14935","68.52499771118164","67.87999725341797","69.16999816894531","","","","","","","","","","","","","","","","","","","","",""
"14936","68.08000183105469","68.08000183105469","68.08000183105469","","","","","","","","","","","","","","","","","","","","",""
"14979","","","","","","","","","","","","","","","","68.87999725341797","68.87999725341797","68.87999725341797","","","","","",""
"14983","","","","","","","","","","","","","","","","","","","","","","67.19999694824219","67.19999694824219","67.19999694824219"
"15117","","","","","","","","","","","","","","","","","","","68.68000030517578","68.68000030517578","68.68000030517578","","",""
"15132","69.03499984741211","68.55000305175781","69.5199966430664","","","","","","","","","","","","","","","","","","","","",""
"15133","67.33999633789062","67.33999633789062","67.33999633789062","","","","","","","","","","","","","","","","","","","","",""
"15181","","","","","","","","","","","","","","","","69.3499984741211","69.3499984741211","69.3499984741211","","","","","",""
"15185","","","","","","","","","","","","","","","","","","","","","","68.91000366210938","68.91000366210938","68.91000366210938"
"15192","","","","","","","","","","","","","","","","","","","","","","68.91000366210938","68.91000366210938","68.91000366210938"
"15254","","","","","","","","","","","","","","","","","","","69.05000305175781","69.05000305175781","69.05000305175781","","",""
"15264","68.34500122070312","67.56999969482422","69.12000274658203","","","","","","","","","","","","","","","","","","","","",""
"15265","69.30999755859375","69.30999755859375","69.30999755859375","","","","","","","","","","","","","","","","","","","","",""
"15318","","","","","","","","","","","","","","","","70.0199966430664","70.0199966430664","70.0199966430664","","","","","",""
"15388","","","","","","","","","","","","","","","","","","","","","","68.7699966430664","68.7699966430664","68.7699966430664"
"15456","","","","","","","","","","","","","","","","","","","69.80999755859375","69.80999755859375","69.80999755859375","","",""
"15461","68.73999786376953","68.41999816894531","69.05999755859375","","","","","","","","","","","","","","","","","","","","",""
"15462","68.44999694824219","68.44999694824219","68.44999694824219","","","","","","","","","","","","","","","","","","","","",""
"15463","","","","","","","","","","","","","","","","","","","69.80999755859375","69.80999755859375","69.80999755859375","","",""
"15520","","","","","","","","","","","","","","","","68.87999725341797","68.87999725341797","68.87999725341797","","","","","",""
"15525","","","","","","","","","","","","","","","","","","","","","","68.83999633789062","68.83999633789062","68.83999633789062"
"15529","","","","","","","","","","","","","","","","","","","68.31999969482422","68.31999969482422","68.31999969482422","","",""
"15593","68.48500061035156","68.44000244140625","68.52999877929688","","","","","","","","","","","","","","","","","","","","",""
"15594","67.9800033569336","67.9800033569336","67.9800033569336","","","","","","","","","","","","","","","","","","","","",""
"15657","","","","","","","","","","","","","","","","69.66999816894531","69.66999816894531","69.66999816894531","","","","","",""
"15666","","","","","","","","","","","","","","","","","","","69","69","69","","",""
"15727","","","","","","","","","","","","","","","","","","","","","","69.19999694824219","69.19999694824219","69.19999694824219"
"15790","68.35499954223633","68.19999694824219","68.51000213623047","","","","","","","","","","","","","","","","","","","","",""
"15791","67.9000015258789","67.9000015258789","67.9000015258789","","","","","","","","","","","","","","","","","","","","",""
"15859","","","","","","","","","","","","","","","","70.2699966430664","70.2699966430664","70.2699966430664","","","","","",""
"15864","","","","","","","","","","","","","","","","","","","","","","67.9000015258789","67.9000015258789","67.9000015258789"
"15868","","","","","","","","","","","","","","","","","","","68.95999908447266","68.95999908447266","68.95999908447266","","",""
"15922","69.21999740600586","69.16999816894531","69.2699966430664","","","","","","","","","","","","","","","","","","","","",""
"15923","69.80000305175781","69.80000305175781","69.80000305175781","","","","","","","","","","","","","","","","","","","","",""
"15925","69.80000305175781","69.80000305175781","69.80000305175781","","","","","","","","","","","","","","","","","","","","",""
"15996","","","","","","","","","","","","","","","","69","69","69","","","","","",""
"16005","","","","","","","","","","","","","","","","","","","68.93000030517578","68.93000030517578","68.93000030517578","","",""
"16066","","","","","","","","","","","","","","","","","","","","","","67.69000244140625","67.69000244140625","67.69000244140625"
"16119","68.11499786376953","67.27999877929688","68.94999694824219","","","","","","","","","","","","","","","","","","","","",""
"16121","67.27999877929688","67.27999877929688","67.27999877929688","","","","","","","","","","","","","","","","","","","","",""
"16198","","","","","","","","","","","","","","","","70.5999984741211","70.5999984741211","70.5999984741211","","","","","",""
"16203","","","","","","","","","","","","","","","","","","","","","","68.98999786376953","68.98999786376953","68.98999786376953"
"16207","","","","","","","","","","","","","","","","","","","68.1500015258789","68.1500015258789","68.1500015258789","","",""
"16251","69.44999694824219","69.44999694824219","69.44999694824219","","","","","","","","","","","","","","","","","","","","",""
"16335","","","","","","","","","","","","","","","","71.04000091552734","71.04000091552734","71.04000091552734","","","","","",""
"16344","","","","","","","","","","","","","","","","","","","69.16000366210938","69.16000366210938","69.16000366210938","","",""
"16405","","","","","","","","","","","","","","","","","","","","","","68.0199966430664","68.0199966430664","68.0199966430664"
"16448","69.70999908447266","69.70999908447266","69.70999908447266","","","","","","","","","","","","","","","","","","","","",""
"16537","","","","","","","","","","","","","","","","70.08999633789062","70.08999633789062","70.08999633789062","","","","","",""
"16542","","","","","","","","","","","","","","","","","","","","","","68.72000122070312","68.72000122070312","68.72000122070312"
"16546","","","","","","","","","","","","","","","","","","","69.01000213623047","69.01000213623047","69.01000213623047","","",""
"16580","70.02999877929688","70.02999877929688","70.02999877929688","","","","","","","","","","","","","","","","","","","","",""
"16674","","","","","","","","","","","","","","","","70.30999755859375","70.30999755859375","70.30999755859375","","","","","",""
"16683","","","","","","","","","","","","","","","","","","","67.87999725341797","67.87999725341797","67.87999725341797","","",""
"16744","","","","","","","","","","","","","","","","","","","","","","69.11000061035156","69.11000061035156","69.11000061035156"
"16777","70.26000213623047","70.26000213623047","70.26000213623047","","","","","","","","","","","","","","","","","","","","",""
"16876","","","","","","","","","","","","","","","","69.76000213623047","69.76000213623047","69.76000213623047","","","","","",""
"16881","","","","","","","","","","","","","","","","","","","","","","68.38999938964844","68.38999938964844","68.38999938964844"
"16885","","","","","","","","","","","","","","","","","","","68.54000091552734","68.54000091552734","68.54000091552734","","",""
"16888","","","","","","","","","","","","","","","","","","","","","","68.38999938964844","68.38999938964844","68.38999938964844"
"16892","","","","","","","","","","","","","","","","","","","68.54000091552734","68.54000091552734","68.54000091552734","","",""
"16909","68.7300033569336","68.7300033569336","68.7300033569336","","","","","","","","","","","","","","","","","","","","",""
"17013","","","","","","","","","","","","","","","","69.05000305175781","69.05000305175781","69.05000305175781","","","","","",""
"17106","69.86000061035156","69.86000061035156","69.86000061035156","","","","","","","","","","","","","","","","","","","","",""
"17215","","","","","","","","","","","","","","","","69.30999755859375","69.30999755859375","69.30999755859375","","","","","",""
"17238","69.02999877929688","69.02999877929688","69.02999877929688","","","","","","","","","","","","","","","","","","","","",""
"17352","","","","","","","","","","","","","","","","69.94000244140625","69.94000244140625","69.94000244140625","","","","","",""
"17435","69.16999816894531","69.16999816894531","69.16999816894531","","","","","","","","","","","","","","","","","","","","",""
"17554","","","","","","","","","","","","","","","","70.04000091552734","70.04000091552734","70.04000091552734","","","","","",""
"17567","69.25","69.25","69.25","","","","","","","","","","","","","","","","","","","","",""
"17691","","","","","","","","","","","","","","","","69.5199966430664","69.5199966430664","69.5199966430664","","","","","",""
"17764","70.16999816894531","70.16999816894531","70.16999816894531","","","","","","","","","","","","","","","","","","","","",""
"17893","","","","","","","","","","","","","","","","71.05999755859375","71.05999755859375","71.05999755859375","","","","","",""
"17896","69.12999725341797","69.12999725341797","69.12999725341797","","","","","","","","","","","","","","","","","","","","",""
"18030","","","","","","","","","","","","","","","","70","70","70","","","","","",""
"18093","69.33000183105469","69.33000183105469","69.33000183105469","","","","","","","","","","","","","","","","","","","","",""
"18225","70.33000183105469","70.33000183105469","70.33000183105469","","","","","","","","","","","","","","","","","","","","",""
"18422","69.70999908447266","69.70999908447266","69.70999908447266","","","","","","","","","","","","","","","","","","","","",""
"18554","69.12999725341797","69.12999725341797","69.12999725341797","","","","","","","","","","","","","","","","","","","","",""
"18751","69.44000244140625","69.44000244140625","69.44000244140625","","","","","","","","","","","","","","","","","","","","",""
"18883","70.0999984741211","70.0999984741211","70.0999984741211","","","","","","","","","","","","","","","","","","","","",""
"19080","70.0199966430664","70.0199966430664","70.0199966430664","","","","","","","","","","","","","","","","","","","","",""
"19212","68.44999694824219","68.44999694824219","68.44999694824219","","","","","","","","","","","","","","","","","","","","",""
"19409","68.93000030517578","68.93000030517578","68.93000030517578","","","","","","","","","","","","","","","","","","","","",""
"19541","68.7300033569336","68.7300033569336","68.7300033569336","","","","","","","","","","","","","","","","","","","","",""
"19738","69.58999633789062","69.58999633789062","69.58999633789062","","","","","","","","","","","","","","","","","","","","",""
"19870","67.80000305175781","67.80000305175781","67.80000305175781","","","","","","","","","","","","","","","","","","","","",""
"20067","68.38999938964844","68.38999938964844","68.38999938964844","","","","","","","","","","","","","","","","","","","","",""
"20199","68.62999725341797","68.62999725341797","68.62999725341797","","","","","","","","","","","","","","","","","","","","",""
"20396","68.44999694824219","68.44999694824219","68.44999694824219","","","","","","","","","","","","","","","","","","","","",""
"20528","69.83999633789062","69.83999633789062","69.83999633789062","","","","","","","","","","","","","","","","","","","","",""
"20725","69.4000015258789","69.4000015258789","69.4000015258789","","","","","","","","","","","","","","","","","","","","",""
"20857","68.55000305175781","68.55000305175781","68.55000305175781","","","","","","","","","","","","","","","","","","","","",""
"21054","68.37999725341797","68.37999725341797","68.37999725341797","","","","","","","","","","","","","","","","","","","","",""
"21186","69.38999938964844","69.38999938964844","69.38999938964844","","","","","","","","","","","","","","","","","","","","",""
"21383","69.5999984741211","69.5999984741211","69.5999984741211","","","","","","","","","","","","","","","","","","","","",""
"21515","69.33999633789062","69.33999633789062","69.33999633789062","","","","","","","","","","","","","","","","","","","","",""
"21712","69.4800033569336","69.4800033569336","69.4800033569336","","","","","","","","","","","","","","","","","","","","",""
"21844","68.31999969482422","68.31999969482422","68.31999969482422","","","","","","","","","","","","","","","","","","","","",""
"22041","70.0199966430664","70.0199966430664","70.0199966430664","","","","","","","","","","","","","","","","","","","","",""
"22173","69.62999725341797","69.62999725341797","69.62999725341797","","","","","","","","","","","","","","","","","","","","",""
"22370","69.01000213623047","69.01000213623047","69.01000213623047","","","","","","","","","","","","","","","","","","","","",""
"22502","69.01000213623047","69.01000213623047","69.01000213623047","","","","","","","","","","","","","","","","","","","","",""
"22699","69.29000091552734","69.29000091552734","69.29000091552734","","","","","","","","","","","","","","","","","","","","",""
"22831","68.69999694824219","68.69999694824219","68.69999694824219","","","","","","","","","","","","","","","","","","","","",""
"23028","68.94999694824219","68.94999694824219","68.94999694824219","","","","","","","","","","","","","","","","","","","","",""
"23160","69.69999694824219","69.69999694824219","69.69999694824219","","","","","","","","","","","","","","","","","","","","",""
"23357","69.7699966430664","69.7699966430664","69.7699966430664","","","","","","","","","","","","","","","","","","","","",""
"23489","69.75","69.75","69.75","","","","","","","","","","","","","","","","","","","","",""
"23686","68.95999908447266","68.95999908447266","68.95999908447266","","","","","","","","","","","","","","","","","","","","",""
"23818","69.41999816894531","69.41999816894531","69.41999816894531","","","","","","","","","","","","","","","","","","","","",""