"Step","Group: text10-vision0 - evaluation/blimp/binding","Group: text10-vision0 - evaluation/blimp/binding__MIN","Group: text10-vision0 - evaluation/blimp/binding__MAX","Group: text1-vision0 - evaluation/blimp/binding","Group: text1-vision0 - evaluation/blimp/binding__MIN","Group: text1-vision0 - evaluation/blimp/binding__MAX","Group: text1-vision100 - evaluation/blimp/binding","Group: text1-vision100 - evaluation/blimp/binding__MIN","Group: text1-vision100 - evaluation/blimp/binding__MAX","Group: text1-vision10 - evaluation/blimp/binding","Group: text1-vision10 - evaluation/blimp/binding__MIN","Group: text1-vision10 - evaluation/blimp/binding__MAX","Group: text1-vision1 - evaluation/blimp/binding","Group: text1-vision1 - evaluation/blimp/binding__MIN","Group: text1-vision1 - evaluation/blimp/binding__MAX","Group: text10-vision1 - evaluation/blimp/binding","Group: text10-vision1 - evaluation/blimp/binding__MIN","Group: text10-vision1 - evaluation/blimp/binding__MAX","Group: text10-vision10 - evaluation/blimp/binding","Group: text10-vision10 - evaluation/blimp/binding__MIN","Group: text10-vision10 - evaluation/blimp/binding__MAX","Group: text10-vision100 - evaluation/blimp/binding","Group: text10-vision100 - evaluation/blimp/binding__MIN","Group: text10-vision100 - evaluation/blimp/binding__MAX"
"130","65.15999984741211","64.68000030517578","65.63999938964844","62.53000068664551","60.630001068115234","64.43000030517578","68.33999633789062","68.33999633789062","68.33999633789062","53.4900016784668","53.4900016784668","53.4900016784668","61.400001525878906","61.400001525878906","61.400001525878906","61.4900016784668","61.4900016784668","61.4900016784668","","","","","",""
"131","60.38999938964844","60.38999938964844","60.38999938964844","","","","","","","","","","","","","","","","60.81999969482422","60.81999969482422","60.81999969482422","61.060001373291016","61.060001373291016","61.060001373291016"
"327","63.28499984741211","61.61000061035156","64.95999908447266","63.80500030517578","63.18000030517578","64.43000030517578","","","","","","","","","","","","","","","","","",""
"328","63.130001068115234","63.130001068115234","63.130001068115234","","","","","","","","","","","","","","","","","","","","",""
"332","","","","","","","63.97999954223633","63.97999954223633","63.97999954223633","66.36000061035156","66.36000061035156","66.36000061035156","64.51000213623047","64.51000213623047","64.51000213623047","65.41000366210938","65.41000366210938","65.41000366210938","","","","","",""
"333","","","","","","","","","","","","","","","","","","","64.3499984741211","64.3499984741211","64.3499984741211","63.279998779296875","63.279998779296875","63.279998779296875"
"459","62.744998931884766","62.66999816894531","62.81999969482422","63.69000053405762","62.70000076293945","64.68000030517578","","","","","","","","","","","","","","","","","",""
"460","63.68000030517578","63.68000030517578","63.68000030517578","","","","","","","","","","","","","","","","","","","","",""
"469","","","","","","","65.88999938964844","65.88999938964844","65.88999938964844","64.5999984741211","64.5999984741211","64.5999984741211","64.4000015258789","64.4000015258789","64.4000015258789","65.54000091552734","65.54000091552734","65.54000091552734","","","","","",""
"470","","","","","","","","","","","","","","","","","","","63.88999938964844","63.88999938964844","63.88999938964844","63.25","63.25","63.25"
"656","63.82500076293945","63.43000030517578","64.22000122070312","63.4900016784668","62.900001525878906","64.08000183105469","","","","","","","","","","","","","","","","","",""
"657","63.880001068115234","63.880001068115234","63.880001068115234","","","","","","","","","","","","","","","","","","","","",""
"671","","","","","","","63.33000183105469","63.33000183105469","63.33000183105469","65.75","65.75","65.75","64.83000183105469","64.83000183105469","64.83000183105469","64.22000122070312","64.22000122070312","64.22000122070312","","","","","",""
"672","","","","","","","","","","","","","","","","","","","62.209999084472656","62.209999084472656","62.209999084472656","62.36000061035156","62.36000061035156","62.36000061035156"
"788","63.05999946594238","62.41999816894531","63.70000076293945","63","61.06999969482422","64.93000030517578","","","","","","","","","","","","","","","","","",""
"789","63.02000045776367","63.02000045776367","63.02000045776367","","","","","","","","","","","","","","","","","","","","",""
"808","","","","","","","62.689998626708984","62.689998626708984","62.689998626708984","64.69000244140625","64.69000244140625","64.69000244140625","63.209999084472656","63.209999084472656","63.209999084472656","64.75","64.75","64.75","","","","","",""
"809","","","","","","","","","","","","","","","","","","","62.130001068115234","62.130001068115234","62.130001068115234","60.95000076293945","60.95000076293945","60.95000076293945"
"985","63.96500015258789","62.849998474121094","65.08000183105469","63.369998931884766","61.529998779296875","65.20999908447266","","","","","","","","","","","","","","","","","",""
"986","63.04999923706055","63.04999923706055","63.04999923706055","","","","","","","","","","","","","","","","","","","","",""
"1010","","","","","","","62.869998931884766","62.869998931884766","62.869998931884766","64.31999969482422","64.31999969482422","64.31999969482422","60.66999816894531","60.66999816894531","60.66999816894531","62.08000183105469","62.08000183105469","62.08000183105469","","","","","",""
"1011","","","","","","","","","","","","","","","","","","","62.81999969482422","62.81999969482422","62.81999969482422","64.55999755859375","64.55999755859375","64.55999755859375"
"1117","61.66499900817871","61.619998931884766","61.709999084472656","64.04999923706055","62.959999084472656","65.13999938964844","","","","","","","","","","","","","","","","","",""
"1118","63.38999938964844","63.38999938964844","63.38999938964844","","","","","","","","","","","","","","","","","","","","",""
"1147","","","","","","","62.599998474121094","62.599998474121094","62.599998474121094","60.2599983215332","60.2599983215332","60.2599983215332","62.18000030517578","62.18000030517578","62.18000030517578","62.16999816894531","62.16999816894531","62.16999816894531","","","","","",""
"1148","","","","","","","","","","","","","","","","","","","63.33000183105469","63.33000183105469","63.33000183105469","64.30999755859375","64.30999755859375","64.30999755859375"
"1314","61.744998931884766","61.619998931884766","61.869998931884766","63.45000076293945","63.36000061035156","63.540000915527344","","","","","","","","","","","","","","","","","",""
"1315","63.90999984741211","63.90999984741211","63.90999984741211","","","","","","","","","","","","","","","","","","","","",""
"1349","","","","","","","59.779998779296875","59.779998779296875","59.779998779296875","61.58000183105469","61.58000183105469","61.58000183105469","63.130001068115234","63.130001068115234","63.130001068115234","61.560001373291016","61.560001373291016","61.560001373291016","","","","","",""
"1350","","","","","","","","","","","","","","","","","","","63.119998931884766","63.119998931884766","63.119998931884766","63.66999816894531","63.66999816894531","63.66999816894531"
"1446","59.67499923706055","58.54999923706055","60.79999923706055","61.625","60.34000015258789","62.90999984741211","","","","","","","","","","","","","","","","","",""
"1447","63.77000045776367","63.77000045776367","63.77000045776367","","","","","","","","","","","","","","","","","","","","",""
"1486","","","","","","","62.47999954223633","62.47999954223633","62.47999954223633","62.099998474121094","62.099998474121094","62.099998474121094","59.04999923706055","59.04999923706055","59.04999923706055","58.9900016784668","58.9900016784668","58.9900016784668","","","","","",""
"1487","","","","","","","","","","","","","","","","","","","61.66999816894531","61.66999816894531","61.66999816894531","63.5099983215332","63.5099983215332","63.5099983215332"
"1643","59.17999839782715","56.91999816894531","61.439998626708984","60.364999771118164","59.04999923706055","61.68000030517578","","","","","","","","","","","","","","","","","",""
"1644","60.4900016784668","60.4900016784668","60.4900016784668","","","","","","","","","","","","","","","","","","","","",""
"1688","","","","","","","62.04999923706055","62.04999923706055","62.04999923706055","60.20000076293945","60.20000076293945","60.20000076293945","57.18000030517578","57.18000030517578","57.18000030517578","57.470001220703125","57.470001220703125","57.470001220703125","","","","","",""
"1689","","","","","","","","","","","","","","","","","","","61.84000015258789","61.84000015258789","61.84000015258789","63.08000183105469","63.08000183105469","63.08000183105469"
"1775","57.73000144958496","54.970001220703125","60.4900016784668","59.630001068115234","58.68000030517578","60.58000183105469","","","","","","","","","","","","","","","","","",""
"1776","59.75","59.75","59.75","","","","","","","","","","","","","","","","","","","","",""
"1825","","","","","","","59.38999938964844","59.38999938964844","59.38999938964844","55.7400016784668","55.7400016784668","55.7400016784668","57.150001525878906","57.150001525878906","57.150001525878906","60.540000915527344","60.540000915527344","60.540000915527344","","","","","",""
"1826","","","","","","","","","","","","","","","","","","","62.16999816894531","62.16999816894531","62.16999816894531","62.720001220703125","62.720001220703125","62.720001220703125"
"1972","57.70000076293945","55.09000015258789","60.310001373291016","59.95000076293945","59.20000076293945","60.70000076293945","","","","","","","","","","","","","","","","","",""
"1973","59.630001068115234","59.630001068115234","59.630001068115234","","","","","","","","","","","","","","","","","","","","",""
"2027","","","","","","","57.380001068115234","57.380001068115234","57.380001068115234","55.04999923706055","55.04999923706055","55.04999923706055","56.2599983215332","56.2599983215332","56.2599983215332","57.20000076293945","57.20000076293945","57.20000076293945","","","","","",""
"2028","","","","","","","","","","","","","","","","","","","60.52000045776367","60.52000045776367","60.52000045776367","58.40999984741211","58.40999984741211","58.40999984741211"
"2104","58.43000030517578","56.060001373291016","60.79999923706055","59.095001220703125","58.470001220703125","59.720001220703125","","","","","","","","","","","","","","","","","",""
"2105","58.97999954223633","58.97999954223633","58.97999954223633","","","","","","","","","","","","","","","","","","","","",""
"2164","","","","","","","56.68000030517578","56.68000030517578","56.68000030517578","56.400001525878906","56.400001525878906","56.400001525878906","58.15999984741211","58.15999984741211","58.15999984741211","58.849998474121094","58.849998474121094","58.849998474121094","","","","","",""
"2165","","","","","","","","","","","","","","","","","","","60.13999938964844","60.13999938964844","60.13999938964844","60.459999084472656","60.459999084472656","60.459999084472656"
"2301","58.10500144958496","55.33000183105469","60.880001068115234","59","58.68000030517578","59.31999969482422","","","","","","","","","","","","","","","","","",""
"2302","58.72999954223633","58.72999954223633","58.72999954223633","","","","","","","","","","","","","","","","","","","","",""
"2366","","","","","","","60.41999816894531","60.41999816894531","60.41999816894531","55.7400016784668","55.7400016784668","55.7400016784668","56.380001068115234","56.380001068115234","56.380001068115234","56.599998474121094","56.599998474121094","56.599998474121094","","","","","",""
"2367","","","","","","","","","","","","","","","","","","","59.779998779296875","59.779998779296875","59.779998779296875","59.84000015258789","59.84000015258789","59.84000015258789"
"2433","58.385000228881836","55.209999084472656","61.560001373291016","59.079999923706055","58.5","59.65999984741211","","","","","","","","","","","","","","","","","",""
"2434","60.61000061035156","60.61000061035156","60.61000061035156","","","","","","","","","","","","","","","","","","","","",""
"2503","","","","","","","57.75","57.75","57.75","56.0099983215332","56.0099983215332","56.0099983215332","59.5","59.5","59.5","56.099998474121094","56.099998474121094","56.099998474121094","","","","","",""
"2504","","","","","","","","","","","","","","","","","","","62.06999969482422","62.06999969482422","62.06999969482422","61.06999969482422","61.06999969482422","61.06999969482422"
"2630","59.02000045776367","55.77000045776367","62.27000045776367","59.14999961853027","58.130001068115234","60.16999816894531","","","","","","","","","","","","","","","","","",""
"2631","60.04999923706055","60.04999923706055","60.04999923706055","","","","","","","","","","","","","","","","","","","","",""
"2705","","","","","","","59.869998931884766","59.869998931884766","59.869998931884766","56.400001525878906","56.400001525878906","56.400001525878906","59.779998779296875","59.779998779296875","59.779998779296875","56.06999969482422","56.06999969482422","56.06999969482422","","","","","",""
"2706","","","","","","","","","","","","","","","","","","","61.810001373291016","61.810001373291016","61.810001373291016","62.5099983215332","62.5099983215332","62.5099983215332"
"2762","59.77000045776367","55.97999954223633","63.560001373291016","58.53999900817871","58.0099983215332","59.06999969482422","","","","","","","","","","","","","","","","","",""
"2763","59.779998779296875","59.779998779296875","59.779998779296875","","","","","","","","","","","","","","","","","","","","",""
"2842","","","","","","","61.119998931884766","61.119998931884766","61.119998931884766","55.83000183105469","55.83000183105469","55.83000183105469","58.040000915527344","58.040000915527344","58.040000915527344","55.029998779296875","55.029998779296875","55.029998779296875","","","","","",""
"2843","","","","","","","","","","","","","","","","","","","61.52000045776367","61.52000045776367","61.52000045776367","61.060001373291016","61.060001373291016","61.060001373291016"
"2959","59.38999938964844","57.689998626708984","61.09000015258789","58.709999084472656","56.689998626708984","60.72999954223633","","","","","","","","","","","","","","","","","",""
"2960","60.38999938964844","60.38999938964844","60.38999938964844","","","","","","","","","","","","","","","","","","","","",""
"3044","","","","","","","59.68000030517578","59.68000030517578","59.68000030517578","57.75","57.75","57.75","59.310001373291016","59.310001373291016","59.310001373291016","56.619998931884766","56.619998931884766","56.619998931884766","","","","","",""
"3045","","","","","","","","","","","","","","","","","","","60.97999954223633","60.97999954223633","60.97999954223633","59.810001373291016","59.810001373291016","59.810001373291016"
"3091","59.260000228881836","57.36000061035156","61.15999984741211","59.32499885559082","57.439998626708984","61.209999084472656","","","","","","","","","","","","","","","","","",""
"3092","59.869998931884766","59.869998931884766","59.869998931884766","","","","","","","","","","","","","","","","","","","","",""
"3181","","","","","","","60.13999938964844","60.13999938964844","60.13999938964844","54.619998931884766","54.619998931884766","54.619998931884766","58.369998931884766","58.369998931884766","58.369998931884766","57.27000045776367","57.27000045776367","57.27000045776367","","","","","",""
"3182","","","","","","","","","","","","","","","","","","","63.25","63.25","63.25","63.560001373291016","63.560001373291016","63.560001373291016"
"3288","58.03499984741211","56.84000015258789","59.22999954223633","57.83500099182129","57.540000915527344","58.130001068115234","","","","","","","","","","","","","","","","","",""
"3289","62.41999816894531","62.41999816894531","62.41999816894531","","","","","","","","","","","","","","","","","","","","",""
"3383","","","","","","","58.5","58.5","58.5","55.4900016784668","55.4900016784668","55.4900016784668","60.65999984741211","60.65999984741211","60.65999984741211","54.779998779296875","54.779998779296875","54.779998779296875","","","","","",""
"3384","","","","","","","","","","","","","","","","","","","62.560001373291016","62.560001373291016","62.560001373291016","62.900001525878906","62.900001525878906","62.900001525878906"
"3420","59.01500129699707","56.720001220703125","61.310001373291016","58.095001220703125","57.540000915527344","58.650001525878906","","","","","","","","","","","","","","","","","",""
"3421","63.130001068115234","63.130001068115234","63.130001068115234","","","","","","","","","","","","","","","","","","","","",""
"3520","","","","","","","60.310001373291016","60.310001373291016","60.310001373291016","57.720001220703125","57.720001220703125","57.720001220703125","56.630001068115234","56.630001068115234","56.630001068115234","54.130001068115234","54.130001068115234","54.130001068115234","","","","","",""
"3521","","","","","","","","","","","","","","","","","","","63.209999084472656","63.209999084472656","63.209999084472656","63.560001373291016","63.560001373291016","63.560001373291016"
"3617","60.19499969482422","57.54999923706055","62.84000015258789","59.05499839782715","59.0099983215332","59.099998474121094","","","","","","","","","","","","","","","","","",""
"3618","59.04999923706055","59.04999923706055","59.04999923706055","","","","","","","","","","","","","","","","","","","","",""
"3722","","","","","","","59.720001220703125","59.720001220703125","59.720001220703125","58.209999084472656","58.209999084472656","58.209999084472656","58.83000183105469","58.83000183105469","58.83000183105469","55.970001220703125","55.970001220703125","55.970001220703125","","","","","",""
"3723","","","","","","","","","","","","","","","","","","","62.63999938964844","62.63999938964844","62.63999938964844","62.849998474121094","62.849998474121094","62.849998474121094"
"3749","60.03000068664551","56.93000030517578","63.130001068115234","61.709999084472656","61.709999084472656","61.709999084472656","","","","","","","","","","","","","","","","","",""
"3750","60.77000045776367","60.77000045776367","60.77000045776367","","","","","","","","","","","","","","","","","","","","",""
"3859","","","","","","","60.060001373291016","60.060001373291016","60.060001373291016","55.939998626708984","55.939998626708984","55.939998626708984","59.11000061035156","59.11000061035156","59.11000061035156","59.84000015258789","59.84000015258789","59.84000015258789","","","","","",""
"3860","","","","","","","","","","","","","","","","","","","62.27000045776367","62.27000045776367","62.27000045776367","63.70000076293945","63.70000076293945","63.70000076293945"
"3946","58.95000076293945","56.040000915527344","61.86000061035156","59.96500015258789","59.90999984741211","60.02000045776367","","","","","","","","","","","","","","","","","",""
"3947","62.11000061035156","62.11000061035156","62.11000061035156","","","","","","","","","","","","","","","","","","","","",""
"4061","","","","","","","58.29999923706055","58.29999923706055","58.29999923706055","56.84000015258789","56.84000015258789","56.84000015258789","56.97999954223633","56.97999954223633","56.97999954223633","58.63999938964844","58.63999938964844","58.63999938964844","","","","","",""
"4062","","","","","","","","","","","","","","","","","","","63.02000045776367","63.02000045776367","63.02000045776367","63.369998931884766","63.369998931884766","63.369998931884766"
"4078","60.130001068115234","55.849998474121094","64.41000366210938","59.5","57.790000915527344","61.209999084472656","","","","","","","","","","","","","","","","","",""
"4079","58.83000183105469","58.83000183105469","58.83000183105469","","","","","","","","","","","","","","","","","","","","",""
"4198","","","","","","","60.369998931884766","60.369998931884766","60.369998931884766","55.970001220703125","55.970001220703125","55.970001220703125","59.189998626708984","59.189998626708984","59.189998626708984","58.619998931884766","58.619998931884766","58.619998931884766","","","","","",""
"4199","","","","","","","","","","","","","","","","","","","62.290000915527344","62.290000915527344","62.290000915527344","61.91999816894531","61.91999816894531","61.91999816894531"
"4275","60.87499809265137","56.65999984741211","65.08999633789062","60.85000038146973","60.18000030517578","61.52000045776367","","","","","","","","","","","","","","","","","",""
"4276","62.72999954223633","62.72999954223633","62.72999954223633","","","","","","","","","","","","","","","","","","","","",""
"4400","","","","","","","58.189998626708984","58.189998626708984","58.189998626708984","55.5099983215332","55.5099983215332","55.5099983215332","59.040000915527344","59.040000915527344","59.040000915527344","60.70000076293945","60.70000076293945","60.70000076293945","","","","","",""
"4401","","","","","","","","","","","","","","","","","","","63.2400016784668","63.2400016784668","63.2400016784668","62.439998626708984","62.439998626708984","62.439998626708984"
"4407","61.57500076293945","58.18000030517578","64.97000122070312","60.40999984741211","58.279998779296875","62.540000915527344","","","","","","","","","","","","","","","","","",""
"4408","61.31999969482422","61.31999969482422","61.31999969482422","","","","","","","","","","","","","","","","","","","","",""
"4537","","","","","","","60.29999923706055","60.29999923706055","60.29999923706055","60.369998931884766","60.369998931884766","60.369998931884766","","","","62.20000076293945","62.20000076293945","62.20000076293945","","","","","",""
"4538","","","","","","","","","","","","","","","","","","","64.37000274658203","64.37000274658203","64.37000274658203","64.54000091552734","64.54000091552734","64.54000091552734"
"4604","61.709999084472656","58.33000183105469","65.08999633789062","61.915000915527344","61.900001525878906","61.93000030517578","","","","","","","","","","","","","","","","","",""
"4605","62.349998474121094","62.349998474121094","62.349998474121094","","","","","","","","","","","","","","","","","","","","",""
"4668","","","","","","","","","","","","","57.97999954223633","57.97999954223633","57.97999954223633","","","","","","","","",""
"4736","61.799997329711914","57.7599983215332","65.83999633789062","61.15500068664551","60.81999969482422","61.4900016784668","","","","","","","","","","","","","","","","","",""
"4737","62.16999816894531","62.16999816894531","62.16999816894531","","","","","","","","","","","","","","","","","","","","",""
"4739","","","","","","","60.04999923706055","60.04999923706055","60.04999923706055","57.470001220703125","57.470001220703125","57.470001220703125","","","","62.150001525878906","62.150001525878906","62.150001525878906","","","","","",""
"4740","","","","","","","","","","","","","","","","","","","63.38999938964844","63.38999938964844","63.38999938964844","63.33000183105469","63.33000183105469","63.33000183105469"
"4870","","","","","","","","","","","","","60.970001220703125","60.970001220703125","60.970001220703125","","","","","","","","",""
"4876","","","","","","","61.439998626708984","61.439998626708984","61.439998626708984","56.75","56.75","56.75","","","","65.61000061035156","65.61000061035156","65.61000061035156","","","","","",""
"4877","","","","","","","","","","","","","","","","","","","65.44999694824219","65.44999694824219","65.44999694824219","66.16000366210938","66.16000366210938","66.16000366210938"
"4933","61.65999794006348","58.72999954223633","64.58999633789062","61.10499954223633","60.52000045776367","61.689998626708984","","","","","","","","","","","","","","","","","",""
"4934","62.900001525878906","62.900001525878906","62.900001525878906","","","","","","","","","","","","","","","","","","","","",""
"5007","","","","","","","","","","","","","57.16999816894531","57.16999816894531","57.16999816894531","","","","","","","","",""
"5065","63.670000076293945","59.20000076293945","68.13999938964844","62.5","62.06999969482422","62.93000030517578","","","","","","","","","","","","","","","","","",""
"5066","62.540000915527344","62.540000915527344","62.540000915527344","","","","","","","","","","","","","","","","","","","","",""
"5078","","","","","","","61.470001220703125","61.470001220703125","61.470001220703125","58.61000061035156","58.61000061035156","58.61000061035156","","","","64.04000091552734","64.04000091552734","64.04000091552734","","","","","",""
"5079","","","","","","","","","","","","","","","","","","","64.62999725341797","64.62999725341797","64.62999725341797","63.81999969482422","63.81999969482422","63.81999969482422"
"5209","","","","","","","","","","","","","59.619998931884766","59.619998931884766","59.619998931884766","","","","","","","","",""
"5215","","","","","","","60.72999954223633","60.72999954223633","60.72999954223633","60.08000183105469","60.08000183105469","60.08000183105469","","","","62.9900016784668","62.9900016784668","62.9900016784668","","","","","",""
"5216","","","","","","","","","","","","","","","","","","","63.880001068115234","63.880001068115234","63.880001068115234","63.08000183105469","63.08000183105469","63.08000183105469"
"5262","63.76499938964844","59.040000915527344","68.48999786376953","61.16499900817871","59.56999969482422","62.7599983215332","","","","","","","","","","","","","","","","","",""
"5263","62.45000076293945","62.45000076293945","62.45000076293945","","","","","","","","","","","","","","","","","","","","",""
"5264","","","","62.7599983215332","62.7599983215332","62.7599983215332","","","","","","","","","","","","","","","","","",""
"5346","","","","","","","","","","","","","60.11000061035156","60.11000061035156","60.11000061035156","","","","","","","","",""
"5394","63.665000915527344","61.290000915527344","66.04000091552734","59.619998931884766","59.619998931884766","59.619998931884766","","","","","","","","","","","","","","","","","",""
"5395","65.76000213623047","65.76000213623047","65.76000213623047","","","","","","","","","","","","","","","","","","","","",""
"5417","","","","","","","59.599998474121094","59.599998474121094","59.599998474121094","57.75","57.75","57.75","","","","64.68000030517578","64.68000030517578","64.68000030517578","","","","","",""
"5418","","","","","","","","","","","","","","","","","","","64.80000305175781","64.80000305175781","64.80000305175781","66.80000305175781","66.80000305175781","66.80000305175781"
"5548","","","","","","","","","","","","","58.849998474121094","58.849998474121094","58.849998474121094","","","","","","","","",""
"5554","","","","","","","61.209999084472656","61.209999084472656","61.209999084472656","57.45000076293945","57.45000076293945","57.45000076293945","","","","62.779998779296875","62.779998779296875","62.779998779296875","","","","","",""
"5555","","","","","","","","","","","","","","","","","","","64.22000122070312","64.22000122070312","64.22000122070312","66.36000061035156","66.36000061035156","66.36000061035156"
"5591","64.35999870300293","62.22999954223633","66.48999786376953","","","","","","","","","","","","","","","","","","","","",""
"5592","64.62000274658203","64.62000274658203","64.62000274658203","","","","","","","","","","","","","","","","","","","","",""
"5685","","","","","","","","","","","","","59.68000030517578","59.68000030517578","59.68000030517578","","","","","","","","",""
"5723","63.86499786376953","60.88999938964844","66.83999633789062","","","","","","","","","","","","","","","","","","","","",""
"5724","64","64","64","","","","","","","","","","","","","","","","","","","","",""
"5756","","","","","","","61.5","61.5","61.5","58.81999969482422","58.81999969482422","58.81999969482422","","","","63.58000183105469","63.58000183105469","63.58000183105469","","","","","",""
"5757","","","","","","","","","","","","","","","","","","","64.58999633789062","64.58999633789062","64.58999633789062","62.380001068115234","62.380001068115234","62.380001068115234"
"5887","","","","","","","","","","","","","59.0099983215332","59.0099983215332","59.0099983215332","","","","","","","","",""
"5893","","","","","","","57.810001373291016","57.810001373291016","57.810001373291016","58.099998474121094","58.099998474121094","58.099998474121094","","","","64.87000274658203","64.87000274658203","64.87000274658203","","","","","",""
"5894","","","","","","","","","","","","","","","","","","","63.41999816894531","63.41999816894531","63.41999816894531","65.08999633789062","65.08999633789062","65.08999633789062"
"5920","66.79000091552734","65.43000030517578","68.1500015258789","","","","","","","","","","","","","","","","","","","","",""
"5921","64.69000244140625","64.69000244140625","64.69000244140625","","","","","","","","","","","","","","","","","","","","",""
"6024","","","","","","","","","","","","","62.790000915527344","62.790000915527344","62.790000915527344","","","","","","","","",""
"6052","65.70999908447266","64","67.41999816894531","","","","","","","","","","","","","","","","","","","","",""
"6053","66.86000061035156","66.86000061035156","66.86000061035156","","","","","","","","","","","","","","","","","","","","",""
"6095","","","","","","","60.209999084472656","60.209999084472656","60.209999084472656","61.720001220703125","61.720001220703125","61.720001220703125","","","","63.459999084472656","63.459999084472656","63.459999084472656","","","","","",""
"6096","","","","","","","","","","","","","","","","","","","62.939998626708984","62.939998626708984","62.939998626708984","65.94999694824219","65.94999694824219","65.94999694824219"
"6226","","","","","","","","","","","","","62.099998474121094","62.099998474121094","62.099998474121094","","","","","","","","",""
"6232","","","","","","","60.83000183105469","60.83000183105469","60.83000183105469","60.689998626708984","60.689998626708984","60.689998626708984","","","","","","","","","","","",""
"6233","","","","","","","","","","","","","","","","61.0099983215332","61.0099983215332","61.0099983215332","65.36000061035156","65.36000061035156","65.36000061035156","66.91999816894531","66.91999816894531","66.91999816894531"
"6249","65.49500274658203","63.58000183105469","67.41000366210938","","","","","","","","","","","","","","","","","","","","",""
"6250","65.26000213623047","65.26000213623047","65.26000213623047","","","","","","","","","","","","","","","","","","","","",""
"6363","","","","","","","","","","","","","57.209999084472656","57.209999084472656","57.209999084472656","","","","","","","","",""
"6381","65.33500099182129","63.04999923706055","67.62000274658203","","","","","","","","","","","","","","","","","","","","",""
"6382","66.9000015258789","66.9000015258789","66.9000015258789","","","","","","","","","","","","","","","","","","","","",""
"6434","","","","","","","62.099998474121094","62.099998474121094","62.099998474121094","61.279998779296875","61.279998779296875","61.279998779296875","","","","","","","","","","","",""
"6435","","","","","","","","","","","","","","","","62.470001220703125","62.470001220703125","62.470001220703125","65.08999633789062","65.08999633789062","65.08999633789062","65.38999938964844","65.38999938964844","65.38999938964844"
"6565","","","","","","","","","","","","","59.11000061035156","59.11000061035156","59.11000061035156","","","","","","","","",""
"6571","","","","","","","60.91999816894531","60.91999816894531","60.91999816894531","62.38999938964844","62.38999938964844","62.38999938964844","","","","","","","","","","","",""
"6572","","","","","","","","","","","","","","","","64.44000244140625","64.44000244140625","64.44000244140625","65.05000305175781","65.05000305175781","65.05000305175781","66.30999755859375","66.30999755859375","66.30999755859375"
"6578","65.84000205993652","62.560001373291016","69.12000274658203","","","","","","","","","","","","","","","","","","","","",""
"6579","65.94999694824219","65.94999694824219","65.94999694824219","","","","","","","","","","","","","","","","","","","","",""
"6702","","","","","","","","","","","","","59.65999984741211","59.65999984741211","59.65999984741211","","","","","","","","",""
"6710","67.11999893188477","64.72000122070312","69.5199966430664","","","","","","","","","","","","","","","","","","","","",""
"6711","65.72000122070312","65.72000122070312","65.72000122070312","","","","","","","","","","","","","","","","","","","","",""
"6773","","","","","","","62.290000915527344","62.290000915527344","62.290000915527344","60.61000061035156","60.61000061035156","60.61000061035156","","","","","","","","","","","",""
"6774","","","","","","","","","","","","","","","","64.41000366210938","64.41000366210938","64.41000366210938","64.11000061035156","64.11000061035156","64.11000061035156","65.12000274658203","65.12000274658203","65.12000274658203"
"6904","","","","","","","","","","","","","58.4900016784668","58.4900016784668","58.4900016784668","","","","","","","","",""
"6907","65.66499900817871","62.59000015258789","68.73999786376953","","","","","","","","","","","","","","","","","","","","",""
"6908","66.66999816894531","66.66999816894531","66.66999816894531","","","","","","","","","","","","","","","","","","","","",""
"6910","","","","","","","63.08000183105469","63.08000183105469","63.08000183105469","60.54999923706055","60.54999923706055","60.54999923706055","","","","","","","","","","","",""
"6911","","","","","","","","","","","","","","","","64.80999755859375","64.80999755859375","64.80999755859375","66.0999984741211","66.0999984741211","66.0999984741211","66.52999877929688","66.52999877929688","66.52999877929688"
"7039","67.01999855041504","63.47999954223633","70.55999755859375","","","","","","","","","","","","","","","","","","","","",""
"7040","64.95999908447266","64.95999908447266","64.95999908447266","","","","","","","","","","","","","","","","","","","","",""
"7041","","","","","","","","","","","","","57.36000061035156","57.36000061035156","57.36000061035156","","","","","","","","",""
"7112","","","","","","","62.36000061035156","62.36000061035156","62.36000061035156","61.959999084472656","61.959999084472656","61.959999084472656","","","","","","","","","","","",""
"7113","","","","","","","","","","","","","","","","64.73999786376953","64.73999786376953","64.73999786376953","65.69000244140625","65.69000244140625","65.69000244140625","68.08000183105469","68.08000183105469","68.08000183105469"
"7236","67.23999786376953","65.5999984741211","68.87999725341797","","","","","","","","","","","","","","","","","","","","",""
"7237","68.1500015258789","68.1500015258789","68.1500015258789","","","","","","","","","","","","","","","","","","","","",""
"7243","","","","","","","","","","","","","59.41999816894531","59.41999816894531","59.41999816894531","","","","","","","","",""
"7249","","","","","","","62.66999816894531","62.66999816894531","62.66999816894531","61.88999938964844","61.88999938964844","61.88999938964844","","","","","","","","","","","",""
"7250","","","","","","","","","","","","","","","","65.62999725341797","65.62999725341797","65.62999725341797","67.33000183105469","67.33000183105469","67.33000183105469","68.05000305175781","68.05000305175781","68.05000305175781"
"7368","67.77000045776367","65.81999969482422","69.72000122070312","","","","","","","","","","","","","","","","","","","","",""
"7369","68.5999984741211","68.5999984741211","68.5999984741211","","","","","","","","","","","","","","","","","","","","",""
"7380","","","","","","","","","","","","","60.18000030517578","60.18000030517578","60.18000030517578","","","","","","","","",""
"7451","","","","","","","62.18000030517578","62.18000030517578","62.18000030517578","62.66999816894531","62.66999816894531","62.66999816894531","","","","","","","","","","","",""
"7452","","","","","","","","","","","","","","","","65.4800033569336","65.4800033569336","65.4800033569336","63.880001068115234","63.880001068115234","63.880001068115234","67.77999877929688","67.77999877929688","67.77999877929688"
"7565","68.29000091552734","66.43000030517578","70.1500015258789","","","","","","","","","","","","","","","","","","","","",""
"7566","69.55000305175781","69.55000305175781","69.55000305175781","","","","","","","","","","","","","","","","","","","","",""
"7582","","","","","","","","","","","","","61","61","61","","","","","","","","",""
"7588","","","","","","","61.95000076293945","61.95000076293945","61.95000076293945","62.470001220703125","62.470001220703125","62.470001220703125","","","","","","","","","","","",""
"7589","","","","","","","","","","","","","","","","66.0999984741211","66.0999984741211","66.0999984741211","67.55999755859375","67.55999755859375","67.55999755859375","66.83999633789062","66.83999633789062","66.83999633789062"
"7697","69.19499969482422","67.56999969482422","70.81999969482422","","","","","","","","","","","","","","","","","","","","",""
"7698","70.5","70.5","70.5","","","","","","","","","","","","","","","","","","","","",""
"7719","","","","","","","","","","","","","61.34000015258789","61.34000015258789","61.34000015258789","","","","","","","","",""
"7790","","","","","","","62.849998474121094","62.849998474121094","62.849998474121094","62.900001525878906","62.900001525878906","62.900001525878906","","","","","","","","","","","",""
"7791","","","","","","","","","","","","","","","","66.62000274658203","66.62000274658203","66.62000274658203","64.08000183105469","64.08000183105469","64.08000183105469","65.31999969482422","65.31999969482422","65.31999969482422"
"7894","67.18500137329102","65.66000366210938","68.70999908447266","","","","","","","","","","","","","","","","","","","","",""
"7895","68.20999908447266","68.20999908447266","68.20999908447266","","","","","","","","","","","","","","","","","","","","",""
"7921","","","","","","","","","","","","","61.54999923706055","61.54999923706055","61.54999923706055","","","","","","","","",""
"7927","","","","","","","61.15999984741211","61.15999984741211","61.15999984741211","64.0199966430664","64.0199966430664","64.0199966430664","","","","","","","","","","","",""
"7928","","","","","","","","","","","","","","","","67.12999725341797","67.12999725341797","67.12999725341797","67.36000061035156","67.36000061035156","67.36000061035156","65.83999633789062","65.83999633789062","65.83999633789062"
"8026","67.87000274658203","66.55000305175781","69.19000244140625","","","","","","","","","","","","","","","","","","","","",""
"8027","67.16000366210938","67.16000366210938","67.16000366210938","","","","","","","","","","","","","","","","","","","","",""
"8058","","","","","","","","","","","","","62.9900016784668","62.9900016784668","62.9900016784668","","","","","","","","",""
"8129","","","","","","","64.0999984741211","64.0999984741211","64.0999984741211","63.09000015258789","63.09000015258789","63.09000015258789","","","","","","","","","","","",""
"8130","","","","","","","","","","","","","","","","66.91999816894531","66.91999816894531","66.91999816894531","66.83000183105469","66.83000183105469","66.83000183105469","65.54000091552734","65.54000091552734","65.54000091552734"
"8223","67.36000061035156","66.36000061035156","68.36000061035156","","","","","","","","","","","","","","","","","","","","",""
"8224","65.88999938964844","65.88999938964844","65.88999938964844","","","","","","","","","","","","","","","","","","","","",""
"8260","","","","","","","","","","","","","62.7599983215332","62.7599983215332","62.7599983215332","","","","","","","","",""
"8266","","","","","","","61.619998931884766","61.619998931884766","61.619998931884766","","","","","","","","","","","","","","",""
"8267","","","","","","","","","","","","","","","","67.3499984741211","67.3499984741211","67.3499984741211","67.58999633789062","67.58999633789062","67.58999633789062","66.69999694824219","66.69999694824219","66.69999694824219"
"8355","69.17499923706055","67.27999877929688","71.06999969482422","","","","","","","","","","","","","","","","","","","","",""
"8356","66.4000015258789","66.4000015258789","66.4000015258789","","","","","","","","","","","","","","","","","","","","",""
"8397","","","","","","","","","","","","","61.79999923706055","61.79999923706055","61.79999923706055","","","","","","","","",""
"8468","","","","","","","61.83000183105469","61.83000183105469","61.83000183105469","","","","","","","","","","","","","","",""
"8469","","","","","","","","","","","","","","","","65.62999725341797","65.62999725341797","65.62999725341797","65.11000061035156","65.11000061035156","65.11000061035156","65.62999725341797","65.62999725341797","65.62999725341797"
"8552","67.67000198364258","66.36000061035156","68.9800033569336","","","","","","","","","","","","","","","","","","","","",""
"8553","68.43000030517578","68.43000030517578","68.43000030517578","","","","","","","","","","","","","","","","","","","","",""
"8599","","","","","","","","","","","","","65.05000305175781","65.05000305175781","65.05000305175781","","","","","","","","",""
"8605","","","","","","","58.40999984741211","58.40999984741211","58.40999984741211","","","","","","","","","","","","","","",""
"8606","","","","","","","","","","","","","","","","68.91999816894531","68.91999816894531","68.91999816894531","66.69999694824219","66.69999694824219","66.69999694824219","68.51000213623047","68.51000213623047","68.51000213623047"
"8684","68.20500183105469","66.7300033569336","69.68000030517578","","","","","","","","","","","","","","","","","","","","",""
"8685","66.73999786376953","66.73999786376953","66.73999786376953","","","","","","","","","","","","","","","","","","","","",""
"8736","","","","","","","","","","","","","63.88999938964844","63.88999938964844","63.88999938964844","","","","","","","","",""
"8807","","","","","","","63.060001373291016","63.060001373291016","63.060001373291016","","","","","","","","","","","","","","",""
"8808","","","","","","","","","","","","","","","","68.88999938964844","68.88999938964844","68.88999938964844","66.7699966430664","66.7699966430664","66.7699966430664","67.06999969482422","67.06999969482422","67.06999969482422"
"8881","67.19499969482422","64.33999633789062","70.05000305175781","","","","","","","","","","","","","","","","","","","","",""
"8882","67.36000061035156","67.36000061035156","67.36000061035156","","","","","","","","","","","","","","","","","","","","",""
"8944","","","","","","","63.400001525878906","63.400001525878906","63.400001525878906","","","","","","","","","","","","","","",""
"8945","","","","","","","","","","","","","","","","68.19999694824219","68.19999694824219","68.19999694824219","64.70999908447266","64.70999908447266","64.70999908447266","67.26000213623047","67.26000213623047","67.26000213623047"
"9013","68.07500076293945","67.56999969482422","68.58000183105469","","","","","","","","","","","","","","","","","","","","",""
"9014","67.19000244140625","67.19000244140625","67.19000244140625","","","","","","","","","","","","","","","","","","","","",""
"9146","","","","","","","63.7400016784668","63.7400016784668","63.7400016784668","","","","","","","","","","","","","","",""
"9147","","","","","","","","","","","","","","","","67.11000061035156","67.11000061035156","67.11000061035156","66.06999969482422","66.06999969482422","66.06999969482422","66.66999816894531","66.66999816894531","66.66999816894531"
"9210","66.95000076293945","65.13999938964844","68.76000213623047","","","","","","","","","","","","","","","","","","","","",""
"9211","68.91000366210938","68.91000366210938","68.91000366210938","","","","","","","","","","","","","","","","","","","","",""
"9283","","","","","","","61.91999816894531","61.91999816894531","61.91999816894531","","","","","","","","","","","","","","",""
"9284","","","","","","","","","","","","","","","","67.30000305175781","67.30000305175781","67.30000305175781","70.19999694824219","70.19999694824219","70.19999694824219","69.98999786376953","69.98999786376953","69.98999786376953"
"9342","67.90500259399414","67.9000015258789","67.91000366210938","","","","","","","","","","","","","","","","","","","","",""
"9343","70.4800033569336","70.4800033569336","70.4800033569336","","","","","","","","","","","","","","","","","","","","",""
"9485","","","","","","","62.16999816894531","62.16999816894531","62.16999816894531","","","","","","","","","","","","","","",""
"9486","","","","","","","","","","","","","","","","67.91000366210938","67.91000366210938","67.91000366210938","67.54000091552734","67.54000091552734","67.54000091552734","67.83999633789062","67.83999633789062","67.83999633789062"
"9539","68.19499969482422","67.62999725341797","68.76000213623047","","","","","","","","","","","","","","","","","","","","",""
"9540","67.77999877929688","67.77999877929688","67.77999877929688","","","","","","","","","","","","","","","","","","","","",""
"9622","","","","","","","59.25","59.25","59.25","","","","","","","","","","","","","","",""
"9623","","","","","","","","","","","","","","","","65.61000061035156","65.61000061035156","65.61000061035156","66.76000213623047","66.76000213623047","66.76000213623047","65.69000244140625","65.69000244140625","65.69000244140625"
"9671","69.07500076293945","68.88999938964844","69.26000213623047","","","","","","","","","","","","","","","","","","","","",""
"9672","68.91999816894531","68.91999816894531","68.91999816894531","","","","","","","","","","","","","","","","","","","","",""
"9824","","","","","","","61.15999984741211","61.15999984741211","61.15999984741211","","","","","","","","","","","","","","",""
"9825","","","","","","","","","","","","","","","","67.29000091552734","67.29000091552734","67.29000091552734","68.97000122070312","68.97000122070312","68.97000122070312","68.38999938964844","68.38999938964844","68.38999938964844"
"9868","68.14500045776367","67.62000274658203","68.66999816894531","","","","","","","","","","","","","","","","","","","","",""
"9869","69.30999755859375","69.30999755859375","69.30999755859375","","","","","","","","","","","","","","","","","","","","",""
"9961","","","","","","","60.58000183105469","60.58000183105469","60.58000183105469","","","","","","","","","","","","","","",""
"9962","","","","","","","","","","","","","","","","67.13999938964844","67.13999938964844","67.13999938964844","67.77999877929688","67.77999877929688","67.77999877929688","67.80999755859375","67.80999755859375","67.80999755859375"
"10000","67.13000106811523","66.58000183105469","67.68000030517578","","","","","","","","","","","","","","","","","","","","",""
"10001","68.81999969482422","68.81999969482422","68.81999969482422","","","","","","","","","","","","","","","","","","","","",""
"10163","","","","","","","63.2400016784668","63.2400016784668","63.2400016784668","","","","","","","","","","","","","","",""
"10164","","","","","","","","","","","","","","","","64.70999908447266","64.70999908447266","64.70999908447266","66.47000122070312","66.47000122070312","66.47000122070312","68.80000305175781","68.80000305175781","68.80000305175781"
"10197","67.72999954223633","67.6500015258789","67.80999755859375","","","","","","","","","","","","","","","","","","","","",""
"10198","68.0199966430664","68.0199966430664","68.0199966430664","","","","","","","","","","","","","","","","","","","","",""
"10301","","","","","","","","","","","","","","","","67.2300033569336","67.2300033569336","67.2300033569336","64.80000305175781","64.80000305175781","64.80000305175781","65.75","65.75","65.75"
"10329","65.71500015258789","65.33000183105469","66.0999984741211","","","","","","","","","","","","","","","","","","","","",""
"10330","69.25","69.25","69.25","","","","","","","","","","","","","","","","","","","","",""
"10503","","","","","","","","","","","","","","","","66.4000015258789","66.4000015258789","66.4000015258789","","","","","",""
"10526","67.53499984741211","66.94999694824219","68.12000274658203","","","","","","","","","","","","","","","","","","","","",""
"10527","68.94000244140625","68.94000244140625","68.94000244140625","","","","","","","","","","","","","","","","","","","","",""
"10571","","","","","","","","","","","","","","","","","","","69.77999877929688","69.77999877929688","69.77999877929688","","",""
"10640","","","","","","","","","","","","","","","","69.52999877929688","69.52999877929688","69.52999877929688","","","","","",""
"10658","68.38500213623047","67.54000091552734","69.2300033569336","","","","","","","","","","","","","","","","","","","","",""
"10659","68.30999755859375","68.30999755859375","68.30999755859375","","","","","","","","","","","","","","","","","","","","",""
"10698","","","","","","","","","","","","","","","","","","","","","","66.83000183105469","66.83000183105469","66.83000183105469"
"10773","","","","","","","","","","","","","","","","","","","69.6500015258789","69.6500015258789","69.6500015258789","","",""
"10835","","","","","","","","","","","","","","","","","","","","","","67.75","67.75","67.75"
"10842","","","","","","","","","","","","","","","","67.01000213623047","67.01000213623047","67.01000213623047","","","","","",""
"10855","67.8849983215332","67.37999725341797","68.38999938964844","","","","","","","","","","","","","","","","","","","","",""
"10856","69.33999633789062","69.33999633789062","69.33999633789062","","","","","","","","","","","","","","","","","","","","",""
"10910","","","","","","","","","","","","","","","","","","","70.54000091552734","70.54000091552734","70.54000091552734","","",""
"10987","67.79999923706055","66.88999938964844","68.70999908447266","","","","","","","","","","","","","","","","","","","","",""
"10988","67.05000305175781","67.05000305175781","67.05000305175781","","","","","","","","","","","","","","","","","","","","",""
"11037","","","","","","","","","","","","","","","","","","","","","","69.83000183105469","69.83000183105469","69.83000183105469"
"11045","","","","","","","","","","","","","","","","67.80999755859375","67.80999755859375","67.80999755859375","","","","","",""
"11112","","","","","","","","","","","","","","","","","","","70.16999816894531","70.16999816894531","70.16999816894531","","",""
"11174","","","","","","","","","","","","","","","","","","","","","","70.63999938964844","70.63999938964844","70.63999938964844"
"11182","","","","","","","","","","","","","","","","66","66","66","","","","","",""
"11184","67.47000122070312","66.33000183105469","68.61000061035156","","","","","","","","","","","","","","","","","","","","",""
"11185","68.44999694824219","68.44999694824219","68.44999694824219","","","","","","","","","","","","","","","","","","","","",""
"11249","","","","","","","","","","","","","","","","","","","70.30000305175781","70.30000305175781","70.30000305175781","","",""
"11316","69.25","69.01000213623047","69.48999786376953","","","","","","","","","","","","","","","","","","","","",""
"11317","68.61000061035156","68.61000061035156","68.61000061035156","","","","","","","","","","","","","","","","","","","","",""
"11376","","","","","","","","","","","","","","","","","","","","","","70.37999725341797","70.37999725341797","70.37999725341797"
"11384","","","","","","","","","","","","","","","","67.51000213623047","67.51000213623047","67.51000213623047","","","","","",""
"11451","","","","","","","","","","","","","","","","","","","67.68000030517578","67.68000030517578","67.68000030517578","","",""
"11513","68.7599983215332","67.68000030517578","69.83999633789062","","","","","","","","","","","","","","","","","","","71.30000305175781","71.30000305175781","71.30000305175781"
"11514","69","69","69","","","","","","","","","","","","","","","","","","","","",""
"11521","","","","","","","","","","","","","","","","67.38999938964844","67.38999938964844","67.38999938964844","","","","","",""
"11588","","","","","","","","","","","","","","","","","","","66.88999938964844","66.88999938964844","66.88999938964844","","",""
"11645","68.78000259399414","68.37000274658203","69.19000244140625","","","","","","","","","","","","","","","","","","","","",""
"11646","69.12999725341797","69.12999725341797","69.12999725341797","","","","","","","","","","","","","","","","","","","","",""
"11715","","","","","","","","","","","","","","","","","","","","","","69.9800033569336","69.9800033569336","69.9800033569336"
"11723","","","","","","","","","","","","","","","","67.8499984741211","67.8499984741211","67.8499984741211","","","","","",""
"11725","","","","","","","","","","","","","","","","","","","69.75","69.75","69.75","","",""
"11732","","","","","","","","","","","","","","","","","","","69.75","69.75","69.75","","",""
"11842","67.29499816894531","67.16999816894531","67.41999816894531","","","","","","","","","","","","","","","","","","","","",""
"11843","67.58999633789062","67.58999633789062","67.58999633789062","","","","","","","","","","","","","","","","","","","","",""
"11852","","","","","","","","","","","","","","","","","","","","","","68.80000305175781","68.80000305175781","68.80000305175781"
"11863","","","","","","","","","","","","","","","","","","","69.08999633789062","69.08999633789062","69.08999633789062","","",""
"11870","","","","","","","","","","","","","","","","","","","69.08999633789062","69.08999633789062","69.08999633789062","","",""
"11926","","","","","","","","","","","","","","","","66.44000244140625","66.44000244140625","66.44000244140625","","","","","",""
"11974","67.22000122070312","67.16000366210938","67.27999877929688","","","","","","","","","","","","","","","","","","","","",""
"11975","69.22000122070312","69.22000122070312","69.22000122070312","","","","","","","","","","","","","","","","","","","","",""
"12054","","","","","","","","","","","","","","","","","","","","","","68.25","68.25","68.25"
"12066","","","","","","","","","","","","","","","","","","","71.27999877929688","71.27999877929688","71.27999877929688","","",""
"12129","","","","","","","","","","","","","","","","67.80999755859375","67.80999755859375","67.80999755859375","","","","","",""
"12171","67.90499877929688","67.0999984741211","68.70999908447266","","","","","","","","","","","","","","","","","","","","",""
"12172","67.25","67.25","67.25","","","","","","","","","","","","","","","","","","","","",""
"12191","","","","","","","","","","","","","","","","","","","","","","68.43000030517578","68.43000030517578","68.43000030517578"
"12198","","","","","","","","","","","","","","","","","","","","","","67.72000122070312","67.72000122070312","67.72000122070312"
"12203","","","","","","","","","","","","","","","","","","","68.69999694824219","68.69999694824219","68.69999694824219","","",""
"12205","","","","","","","","","","","","","","","","","","","","","","67.72000122070312","67.72000122070312","67.72000122070312"
"12267","","","","","","","","","","","","","","","","64.9000015258789","64.9000015258789","64.9000015258789","","","","","",""
"12271","","","","","","","","","","","","","","","","","","","","","","71.08999633789062","71.08999633789062","71.08999633789062"
"12303","68.02999877929688","67.8499984741211","68.20999908447266","","","","","","","","","","","","","","","","","","","","",""
"12304","66.76000213623047","66.76000213623047","66.76000213623047","","","","","","","","","","","","","","","","","","","","",""
"12405","","","","","","","","","","","","","","","","","","","71.88999938964844","71.88999938964844","71.88999938964844","","",""
"12469","","","","","","","","","","","","","","","","67.22000122070312","67.22000122070312","67.22000122070312","","","","","",""
"12473","","","","","","","","","","","","","","","","","","","","","","70.87999725341797","70.87999725341797","70.87999725341797"
"12500","68.63999938964844","68.44999694824219","68.83000183105469","","","","","","","","","","","","","","","","","","","","",""
"12501","68.23999786376953","68.23999786376953","68.23999786376953","","","","","","","","","","","","","","","","","","","","",""
"12542","","","","","","","","","","","","","","","","","","","70.16999816894531","70.16999816894531","70.16999816894531","","",""
"12606","","","","","","","","","","","","","","","","67.3499984741211","67.3499984741211","67.3499984741211","","","","","",""
"12610","","","","","","","","","","","","","","","","","","","","","","70.41000366210938","70.41000366210938","70.41000366210938"
"12632","68.82500076293945","68.66999816894531","68.9800033569336","","","","","","","","","","","","","","","","","","","","",""
"12633","68.69000244140625","68.69000244140625","68.69000244140625","","","","","","","","","","","","","","","","","","","","",""
"12744","","","","","","","","","","","","","","","","","","","70.3499984741211","70.3499984741211","70.3499984741211","","",""
"12808","","","","","","","","","","","","","","","","66.94999694824219","66.94999694824219","66.94999694824219","","","","","",""
"12812","","","","","","","","","","","","","","","","","","","","","","68.22000122070312","68.22000122070312","68.22000122070312"
"12829","67.81499862670898","67.36000061035156","68.2699966430664","","","","","","","","","","","","","","","","","","","","",""
"12830","66.30999755859375","66.30999755859375","66.30999755859375","","","","","","","","","","","","","","","","","","","","",""
"12881","","","","","","","","","","","","","","","","","","","69.22000122070312","69.22000122070312","69.22000122070312","","",""
"12945","","","","","","","","","","","","","","","","69.1500015258789","69.1500015258789","69.1500015258789","","","","","",""
"12949","","","","","","","","","","","","","","","","","","","","","","70.29000091552734","70.29000091552734","70.29000091552734"
"12961","68.6150016784668","68.22000122070312","69.01000213623047","","","","","","","","","","","","","","","","","","","","",""
"12962","70.3499984741211","70.3499984741211","70.3499984741211","","","","","","","","","","","","","","","","","","","","",""
"13083","","","","","","","","","","","","","","","","","","","68.08000183105469","68.08000183105469","68.08000183105469","","",""
"13147","","","","","","","","","","","","","","","","66.93000030517578","66.93000030517578","66.93000030517578","","","","","",""
"13151","","","","","","","","","","","","","","","","","","","","","","69.01000213623047","69.01000213623047","69.01000213623047"
"13158","68.53499984741211","68.45999908447266","68.61000061035156","","","","","","","","","","","","","","","","","","","","",""
"13159","67.47000122070312","67.47000122070312","67.47000122070312","","","","","","","","","","","","","","","","","","","","",""
"13220","","","","","","","","","","","","","","","","","","","67.6500015258789","67.6500015258789","67.6500015258789","","",""
"13284","","","","","","","","","","","","","","","","65.63999938964844","65.63999938964844","65.63999938964844","","","","","",""
"13288","","","","","","","","","","","","","","","","","","","","","","69.25","69.25","69.25"
"13290","68.75","68.73999786376953","68.76000213623047","","","","","","","","","","","","","","","","","","","","",""
"13291","67.26000213623047","67.26000213623047","67.26000213623047","","","","","","","","","","","","","","","","","","","","",""
"13422","","","","","","","","","","","","","","","","","","","68.7300033569336","68.7300033569336","68.7300033569336","","",""
"13486","","","","","","","","","","","","","","","","68.0199966430664","68.0199966430664","68.0199966430664","","","","","",""
"13487","68.02000045776367","66.91999816894531","69.12000274658203","","","","","","","","","","","","","","","","","","","","",""
"13488","66.9800033569336","66.9800033569336","66.9800033569336","","","","","","","","","","","","","","","","","","","","",""
"13490","","","","","","","","","","","","","","","","","","","","","","67.98999786376953","67.98999786376953","67.98999786376953"
"13559","","","","","","","","","","","","","","","","","","","67.77999877929688","67.77999877929688","67.77999877929688","","",""
"13619","68.03499984741211","67.25","68.81999969482422","","","","","","","","","","","","","","","","","","","","",""
"13620","64.5","64.5","64.5","","","","","","","","","","","","","","","","","","","","",""
"13623","","","","","","","","","","","","","","","","67.77999877929688","67.77999877929688","67.77999877929688","","","","","",""
"13627","","","","","","","","","","","","","","","","","","","","","","68.97000122070312","68.97000122070312","68.97000122070312"
"13761","","","","","","","","","","","","","","","","","","","68.2699966430664","68.2699966430664","68.2699966430664","","",""
"13816","69.06999969482422","69.01000213623047","69.12999725341797","","","","","","","","","","","","","","","","","","","","",""
"13817","69.30999755859375","69.30999755859375","69.30999755859375","","","","","","","","","","","","","","","","","","","","",""
"13825","","","","","","","","","","","","","","","","66.86000061035156","66.86000061035156","66.86000061035156","","","","","",""
"13829","","","","","","","","","","","","","","","","","","","","","","66.18000030517578","66.18000030517578","66.18000030517578"
"13898","","","","","","","","","","","","","","","","","","","66.70999908447266","66.70999908447266","66.70999908447266","","",""
"13948","68.875","68.70999908447266","69.04000091552734","","","","","","","","","","","","","","","","","","","","",""
"13949","66.86000061035156","66.86000061035156","66.86000061035156","","","","","","","","","","","","","","","","","","","","",""
"13962","","","","","","","","","","","","","","","","67.8499984741211","67.8499984741211","67.8499984741211","","","","","",""
"13966","","","","","","","","","","","","","","","","","","","","","","68.25","68.25","68.25"
"14100","","","","","","","","","","","","","","","","","","","68.25","68.25","68.25","","",""
"14145","69.53000259399414","68.37000274658203","70.69000244140625","","","","","","","","","","","","","","","","","","","","",""
"14146","70.18000030517578","70.18000030517578","70.18000030517578","","","","","","","","","","","","","","","","","","","","",""
"14164","","","","","","","","","","","","","","","","66.55000305175781","66.55000305175781","66.55000305175781","","","","","",""
"14168","","","","","","","","","","","","","","","","","","","","","","71.55999755859375","71.55999755859375","71.55999755859375"
"14237","","","","","","","","","","","","","","","","","","","71.20999908447266","71.20999908447266","71.20999908447266","","",""
"14277","69.33500289916992","69.12000274658203","69.55000305175781","","","","","","","","","","","","","","","","","","","","",""
"14278","67.62999725341797","67.62999725341797","67.62999725341797","","","","","","","","","","","","","","","","","","","","",""
"14301","","","","","","","","","","","","","","","","67.95999908447266","67.95999908447266","67.95999908447266","","","","","",""
"14305","","","","","","","","","","","","","","","","","","","","","","70.52999877929688","70.52999877929688","70.52999877929688"
"14439","","","","","","","","","","","","","","","","","","","68.43000030517578","68.43000030517578","68.43000030517578","","",""
"14474","69.50500106811523","69.02999877929688","69.9800033569336","","","","","","","","","","","","","","","","","","","","",""
"14475","66.06999969482422","66.06999969482422","66.06999969482422","","","","","","","","","","","","","","","","","","","","",""
"14503","","","","","","","","","","","","","","","","67.75","67.75","67.75","","","","","",""
"14507","","","","","","","","","","","","","","","","","","","","","","70.9000015258789","70.9000015258789","70.9000015258789"
"14576","","","","","","","","","","","","","","","","","","","69.2300033569336","69.2300033569336","69.2300033569336","","",""
"14606","68.61000061035156","67.79000091552734","69.43000030517578","","","","","","","","","","","","","","","","","","","","",""
"14607","68.63999938964844","68.63999938964844","68.63999938964844","","","","","","","","","","","","","","","","","","","","",""
"14640","","","","","","","","","","","","","","","","65.5999984741211","65.5999984741211","65.5999984741211","","","","","",""
"14644","","","","","","","","","","","","","","","","","","","","","","71.95999908447266","71.95999908447266","71.95999908447266"
"14778","","","","","","","","","","","","","","","","","","","70.41000366210938","70.41000366210938","70.41000366210938","","",""
"14803","68.72500228881836","67.79000091552734","69.66000366210938","","","","","","","","","","","","","","","","","","","","",""
"14804","67.52999877929688","67.52999877929688","67.52999877929688","","","","","","","","","","","","","","","","","","","","",""
"14842","","","","","","","","","","","","","","","","67.66000366210938","67.66000366210938","67.66000366210938","","","","","",""
"14846","","","","","","","","","","","","","","","","","","","","","","71.30000305175781","71.30000305175781","71.30000305175781"
"14915","","","","","","","","","","","","","","","","","","","69.62000274658203","69.62000274658203","69.62000274658203","","",""
"14935","66.85499954223633","66.61000061035156","67.0999984741211","","","","","","","","","","","","","","","","","","","","",""
"14936","67.76000213623047","67.76000213623047","67.76000213623047","","","","","","","","","","","","","","","","","","","","",""
"14979","","","","","","","","","","","","","","","","68.23999786376953","68.23999786376953","68.23999786376953","","","","","",""
"14983","","","","","","","","","","","","","","","","","","","","","","72.43000030517578","72.43000030517578","72.43000030517578"
"15117","","","","","","","","","","","","","","","","","","","71.52999877929688","71.52999877929688","71.52999877929688","","",""
"15132","69.17499923706055","68.19999694824219","70.1500015258789","","","","","","","","","","","","","","","","","","","","",""
"15133","67.73999786376953","67.73999786376953","67.73999786376953","","","","","","","","","","","","","","","","","","","","",""
"15181","","","","","","","","","","","","","","","","66.33999633789062","66.33999633789062","66.33999633789062","","","","","",""
"15185","","","","","","","","","","","","","","","","","","","","","","73.56999969482422","73.56999969482422","73.56999969482422"
"15192","","","","","","","","","","","","","","","","","","","","","","73.56999969482422","73.56999969482422","73.56999969482422"
"15254","","","","","","","","","","","","","","","","","","","70.2300033569336","70.2300033569336","70.2300033569336","","",""
"15264","70.23500061035156","69.3499984741211","71.12000274658203","","","","","","","","","","","","","","","","","","","","",""
"15265","68.30000305175781","68.30000305175781","68.30000305175781","","","","","","","","","","","","","","","","","","","","",""
"15318","","","","","","","","","","","","","","","","66.4000015258789","66.4000015258789","66.4000015258789","","","","","",""
"15388","","","","","","","","","","","","","","","","","","","","","","70.23999786376953","70.23999786376953","70.23999786376953"
"15456","","","","","","","","","","","","","","","","","","","69.58999633789062","69.58999633789062","69.58999633789062","","",""
"15461","68.27000045776367","66.55000305175781","69.98999786376953","","","","","","","","","","","","","","","","","","","","",""
"15462","69.04000091552734","69.04000091552734","69.04000091552734","","","","","","","","","","","","","","","","","","","","",""
"15463","","","","","","","","","","","","","","","","","","","69.58999633789062","69.58999633789062","69.58999633789062","","",""
"15520","","","","","","","","","","","","","","","","69.08999633789062","69.08999633789062","69.08999633789062","","","","","",""
"15525","","","","","","","","","","","","","","","","","","","","","","68.66000366210938","68.66000366210938","68.66000366210938"
"15529","","","","","","","","","","","","","","","","","","","62.11000061035156","62.11000061035156","62.11000061035156","","",""
"15593","68.25","67.52999877929688","68.97000122070312","","","","","","","","","","","","","","","","","","","","",""
"15594","67.73999786376953","67.73999786376953","67.73999786376953","","","","","","","","","","","","","","","","","","","","",""
"15657","","","","","","","","","","","","","","","","67.11000061035156","67.11000061035156","67.11000061035156","","","","","",""
"15666","","","","","","","","","","","","","","","","","","","70.3499984741211","70.3499984741211","70.3499984741211","","",""
"15727","","","","","","","","","","","","","","","","","","","","","","70.06999969482422","70.06999969482422","70.06999969482422"
"15790","67.88999938964844","67.5","68.27999877929688","","","","","","","","","","","","","","","","","","","","",""
"15791","64.72000122070312","64.72000122070312","64.72000122070312","","","","","","","","","","","","","","","","","","","","",""
"15859","","","","","","","","","","","","","","","","66.47000122070312","66.47000122070312","66.47000122070312","","","","","",""
"15864","","","","","","","","","","","","","","","","","","","","","","70.56999969482422","70.56999969482422","70.56999969482422"
"15868","","","","","","","","","","","","","","","","","","","69.93000030517578","69.93000030517578","69.93000030517578","","",""
"15922","67.82500076293945","66.36000061035156","69.29000091552734","","","","","","","","","","","","","","","","","","","","",""
"15923","67.79000091552734","67.79000091552734","67.79000091552734","","","","","","","","","","","","","","","","","","","","",""
"15925","67.79000091552734","67.79000091552734","67.79000091552734","","","","","","","","","","","","","","","","","","","","",""
"15996","","","","","","","","","","","","","","","","68.41999816894531","68.41999816894531","68.41999816894531","","","","","",""
"16005","","","","","","","","","","","","","","","","","","","69.5","69.5","69.5","","",""
"16066","","","","","","","","","","","","","","","","","","","","","","71.7300033569336","71.7300033569336","71.7300033569336"
"16119","68.22000122070312","67.16000366210938","69.27999877929688","","","","","","","","","","","","","","","","","","","","",""
"16121","67.16000366210938","67.16000366210938","67.16000366210938","","","","","","","","","","","","","","","","","","","","",""
"16198","","","","","","","","","","","","","","","","68.08999633789062","68.08999633789062","68.08999633789062","","","","","",""
"16203","","","","","","","","","","","","","","","","","","","","","","70.37999725341797","70.37999725341797","70.37999725341797"
"16207","","","","","","","","","","","","","","","","","","","69.75","69.75","69.75","","",""
"16251","68.91999816894531","68.91999816894531","68.91999816894531","","","","","","","","","","","","","","","","","","","","",""
"16335","","","","","","","","","","","","","","","","67.30000305175781","67.30000305175781","67.30000305175781","","","","","",""
"16344","","","","","","","","","","","","","","","","","","","70.01000213623047","70.01000213623047","70.01000213623047","","",""
"16405","","","","","","","","","","","","","","","","","","","","","","69.43000030517578","69.43000030517578","69.43000030517578"
"16448","68.7300033569336","68.7300033569336","68.7300033569336","","","","","","","","","","","","","","","","","","","","",""
"16537","","","","","","","","","","","","","","","","69.16000366210938","69.16000366210938","69.16000366210938","","","","","",""
"16542","","","","","","","","","","","","","","","","","","","","","","70.01000213623047","70.01000213623047","70.01000213623047"
"16546","","","","","","","","","","","","","","","","","","","65.20999908447266","65.20999908447266","65.20999908447266","","",""
"16580","68.8499984741211","68.8499984741211","68.8499984741211","","","","","","","","","","","","","","","","","","","","",""
"16674","","","","","","","","","","","","","","","","67.37999725341797","67.37999725341797","67.37999725341797","","","","","",""
"16683","","","","","","","","","","","","","","","","","","","66.02999877929688","66.02999877929688","66.02999877929688","","",""
"16744","","","","","","","","","","","","","","","","","","","","","","69.27999877929688","69.27999877929688","69.27999877929688"
"16777","70.77999877929688","70.77999877929688","70.77999877929688","","","","","","","","","","","","","","","","","","","","",""
"16876","","","","","","","","","","","","","","","","67.31999969482422","67.31999969482422","67.31999969482422","","","","","",""
"16881","","","","","","","","","","","","","","","","","","","","","","67.94000244140625","67.94000244140625","67.94000244140625"
"16885","","","","","","","","","","","","","","","","","","","66.80000305175781","66.80000305175781","66.80000305175781","","",""
"16888","","","","","","","","","","","","","","","","","","","","","","67.94000244140625","67.94000244140625","67.94000244140625"
"16892","","","","","","","","","","","","","","","","","","","66.80000305175781","66.80000305175781","66.80000305175781","","",""
"16909","68.11000061035156","68.11000061035156","68.11000061035156","","","","","","","","","","","","","","","","","","","","",""
"17013","","","","","","","","","","","","","","","","68.05999755859375","68.05999755859375","68.05999755859375","","","","","",""
"17106","67.70999908447266","67.70999908447266","67.70999908447266","","","","","","","","","","","","","","","","","","","","",""
"17215","","","","","","","","","","","","","","","","65.88999938964844","65.88999938964844","65.88999938964844","","","","","",""
"17238","68.62999725341797","68.62999725341797","68.62999725341797","","","","","","","","","","","","","","","","","","","","",""
"17352","","","","","","","","","","","","","","","","67.56999969482422","67.56999969482422","67.56999969482422","","","","","",""
"17435","67.5","67.5","67.5","","","","","","","","","","","","","","","","","","","","",""
"17554","","","","","","","","","","","","","","","","69.48999786376953","69.48999786376953","69.48999786376953","","","","","",""
"17567","69.94999694824219","69.94999694824219","69.94999694824219","","","","","","","","","","","","","","","","","","","","",""
"17691","","","","","","","","","","","","","","","","69.80999755859375","69.80999755859375","69.80999755859375","","","","","",""
"17764","68.73999786376953","68.73999786376953","68.73999786376953","","","","","","","","","","","","","","","","","","","","",""
"17893","","","","","","","","","","","","","","","","70.13999938964844","70.13999938964844","70.13999938964844","","","","","",""
"17896","65.41999816894531","65.41999816894531","65.41999816894531","","","","","","","","","","","","","","","","","","","","",""
"18030","","","","","","","","","","","","","","","","68.33999633789062","68.33999633789062","68.33999633789062","","","","","",""
"18093","66.33000183105469","66.33000183105469","66.33000183105469","","","","","","","","","","","","","","","","","","","","",""
"18225","70.04000091552734","70.04000091552734","70.04000091552734","","","","","","","","","","","","","","","","","","","","",""
"18422","67.05000305175781","67.05000305175781","67.05000305175781","","","","","","","","","","","","","","","","","","","","",""
"18554","66.12000274658203","66.12000274658203","66.12000274658203","","","","","","","","","","","","","","","","","","","","",""
"18751","69.12000274658203","69.12000274658203","69.12000274658203","","","","","","","","","","","","","","","","","","","","",""
"18883","69.0999984741211","69.0999984741211","69.0999984741211","","","","","","","","","","","","","","","","","","","","",""
"19080","68.69999694824219","68.69999694824219","68.69999694824219","","","","","","","","","","","","","","","","","","","","",""
"19212","68.02999877929688","68.02999877929688","68.02999877929688","","","","","","","","","","","","","","","","","","","","",""
"19409","66.58999633789062","66.58999633789062","66.58999633789062","","","","","","","","","","","","","","","","","","","","",""
"19541","68.70999908447266","68.70999908447266","68.70999908447266","","","","","","","","","","","","","","","","","","","","",""
"19738","68.41999816894531","68.41999816894531","68.41999816894531","","","","","","","","","","","","","","","","","","","","",""
"19870","69.2300033569336","69.2300033569336","69.2300033569336","","","","","","","","","","","","","","","","","","","","",""
"20067","68.08999633789062","68.08999633789062","68.08999633789062","","","","","","","","","","","","","","","","","","","","",""
"20199","69.52999877929688","69.52999877929688","69.52999877929688","","","","","","","","","","","","","","","","","","","","",""
"20396","67.6500015258789","67.6500015258789","67.6500015258789","","","","","","","","","","","","","","","","","","","","",""
"20528","67.5","67.5","67.5","","","","","","","","","","","","","","","","","","","","",""
"20725","69.62000274658203","69.62000274658203","69.62000274658203","","","","","","","","","","","","","","","","","","","","",""
"20857","68.19999694824219","68.19999694824219","68.19999694824219","","","","","","","","","","","","","","","","","","","","",""
"21054","69.62000274658203","69.62000274658203","69.62000274658203","","","","","","","","","","","","","","","","","","","","",""
"21186","69.72000122070312","69.72000122070312","69.72000122070312","","","","","","","","","","","","","","","","","","","","",""
"21383","69.41000366210938","69.41000366210938","69.41000366210938","","","","","","","","","","","","","","","","","","","","",""
"21515","68.18000030517578","68.18000030517578","68.18000030517578","","","","","","","","","","","","","","","","","","","","",""
"21712","68.11000061035156","68.11000061035156","68.11000061035156","","","","","","","","","","","","","","","","","","","","",""
"21844","69.19000244140625","69.19000244140625","69.19000244140625","","","","","","","","","","","","","","","","","","","","",""
"22041","70.16999816894531","70.16999816894531","70.16999816894531","","","","","","","","","","","","","","","","","","","","",""
"22173","70.1500015258789","70.1500015258789","70.1500015258789","","","","","","","","","","","","","","","","","","","","",""
"22370","68.9800033569336","68.9800033569336","68.9800033569336","","","","","","","","","","","","","","","","","","","","",""
"22502","68.94999694824219","68.94999694824219","68.94999694824219","","","","","","","","","","","","","","","","","","","","",""
"22699","70.3499984741211","70.3499984741211","70.3499984741211","","","","","","","","","","","","","","","","","","","","",""
"22831","67.97000122070312","67.97000122070312","67.97000122070312","","","","","","","","","","","","","","","","","","","","",""
"23028","68.94000244140625","68.94000244140625","68.94000244140625","","","","","","","","","","","","","","","","","","","","",""
"23160","67.54000091552734","67.54000091552734","67.54000091552734","","","","","","","","","","","","","","","","","","","","",""
"23357","67.13999938964844","67.13999938964844","67.13999938964844","","","","","","","","","","","","","","","","","","","","",""
"23489","68.44999694824219","68.44999694824219","68.44999694824219","","","","","","","","","","","","","","","","","","","","",""
"23686","69.27999877929688","69.27999877929688","69.27999877929688","","","","","","","","","","","","","","","","","","","","",""
"23818","67.16000366210938","67.16000366210938","67.16000366210938","","","","","","","","","","","","","","","","","","","","",""