"Step","Group: text10-vision0 - evaluation/blimp/determiner_noun_agreement","Group: text10-vision0 - evaluation/blimp/determiner_noun_agreement__MIN","Group: text10-vision0 - evaluation/blimp/determiner_noun_agreement__MAX","Group: text1-vision0 - evaluation/blimp/determiner_noun_agreement","Group: text1-vision0 - evaluation/blimp/determiner_noun_agreement__MIN","Group: text1-vision0 - evaluation/blimp/determiner_noun_agreement__MAX","Group: text1-vision100 - evaluation/blimp/determiner_noun_agreement","Group: text1-vision100 - evaluation/blimp/determiner_noun_agreement__MIN","Group: text1-vision100 - evaluation/blimp/determiner_noun_agreement__MAX","Group: text1-vision10 - evaluation/blimp/determiner_noun_agreement","Group: text1-vision10 - evaluation/blimp/determiner_noun_agreement__MIN","Group: text1-vision10 - evaluation/blimp/determiner_noun_agreement__MAX","Group: text1-vision1 - evaluation/blimp/determiner_noun_agreement","Group: text1-vision1 - evaluation/blimp/determiner_noun_agreement__MIN","Group: text1-vision1 - evaluation/blimp/determiner_noun_agreement__MAX","Group: text10-vision1 - evaluation/blimp/determiner_noun_agreement","Group: text10-vision1 - evaluation/blimp/determiner_noun_agreement__MIN","Group: text10-vision1 - evaluation/blimp/determiner_noun_agreement__MAX","Group: text10-vision10 - evaluation/blimp/determiner_noun_agreement","Group: text10-vision10 - evaluation/blimp/determiner_noun_agreement__MIN","Group: text10-vision10 - evaluation/blimp/determiner_noun_agreement__MAX","Group: text10-vision100 - evaluation/blimp/determiner_noun_agreement","Group: text10-vision100 - evaluation/blimp/determiner_noun_agreement__MIN","Group: text10-vision100 - evaluation/blimp/determiner_noun_agreement__MAX"
"130","49.94999885559082","49.849998474121094","50.04999923706055","51.59000015258789","51.349998474121094","51.83000183105469","50.27000045776367","50.27000045776367","50.27000045776367","50.77000045776367","50.77000045776367","50.77000045776367","50.25","50.25","50.25","50.25","50.25","50.25","","","","","",""
"131","52.20000076293945","52.20000076293945","52.20000076293945","","","","","","","","","","","","","","","","51.40999984741211","51.40999984741211","51.40999984741211","51.58000183105469","51.58000183105469","51.58000183105469"
"327","50.364999771118164","50.15999984741211","50.56999969482422","50.165000915527344","50","50.33000183105469","","","","","","","","","","","","","","","","","",""
"328","50.15999984741211","50.15999984741211","50.15999984741211","","","","","","","","","","","","","","","","","","","","",""
"332","","","","","","","50.04999923706055","50.04999923706055","50.04999923706055","50.150001525878906","50.150001525878906","50.150001525878906","50.0099983215332","50.0099983215332","50.0099983215332","49.83000183105469","49.83000183105469","49.83000183105469","","","","","",""
"333","","","","","","","","","","","","","","","","","","","50.209999084472656","50.209999084472656","50.209999084472656","50.27000045776367","50.27000045776367","50.27000045776367"
"459","50.41499900817871","50.16999816894531","50.65999984741211","50.209999084472656","50.189998626708984","50.22999954223633","","","","","","","","","","","","","","","","","",""
"460","50.25","50.25","50.25","","","","","","","","","","","","","","","","","","","","",""
"469","","","","","","","50.380001068115234","50.380001068115234","50.380001068115234","50.209999084472656","50.209999084472656","50.209999084472656","50.04999923706055","50.04999923706055","50.04999923706055","49.83000183105469","49.83000183105469","49.83000183105469","","","","","",""
"470","","","","","","","","","","","","","","","","","","","50.040000915527344","50.040000915527344","50.040000915527344","50.34000015258789","50.34000015258789","50.34000015258789"
"656","50.08500099182129","49.84000015258789","50.33000183105469","50.255001068115234","49.970001220703125","50.540000915527344","","","","","","","","","","","","","","","","","",""
"657","50.400001525878906","50.400001525878906","50.400001525878906","","","","","","","","","","","","","","","","","","","","",""
"671","","","","","","","50.599998474121094","50.599998474121094","50.599998474121094","50.22999954223633","50.22999954223633","50.22999954223633","50.400001525878906","50.400001525878906","50.400001525878906","49.459999084472656","49.459999084472656","49.459999084472656","","","","","",""
"672","","","","","","","","","","","","","","","","","","","50.15999984741211","50.15999984741211","50.15999984741211","49.88999938964844","49.88999938964844","49.88999938964844"
"788","49.96000099182129","49.59000015258789","50.33000183105469","50.8799991607666","50.459999084472656","51.29999923706055","","","","","","","","","","","","","","","","","",""
"789","50.77000045776367","50.77000045776367","50.77000045776367","","","","","","","","","","","","","","","","","","","","",""
"808","","","","","","","50.130001068115234","50.130001068115234","50.130001068115234","50.11000061035156","50.11000061035156","50.11000061035156","49.970001220703125","49.970001220703125","49.970001220703125","50.86000061035156","50.86000061035156","50.86000061035156","","","","","",""
"809","","","","","","","","","","","","","","","","","","","50.040000915527344","50.040000915527344","50.040000915527344","50.130001068115234","50.130001068115234","50.130001068115234"
"985","50.71500015258789","49.84000015258789","51.59000015258789","52.05500030517578","51.65999984741211","52.45000076293945","","","","","","","","","","","","","","","","","",""
"986","52.029998779296875","52.029998779296875","52.029998779296875","","","","","","","","","","","","","","","","","","","","",""
"1010","","","","","","","50.619998931884766","50.619998931884766","50.619998931884766","50.970001220703125","50.970001220703125","50.970001220703125","51.97999954223633","51.97999954223633","51.97999954223633","54.18000030517578","54.18000030517578","54.18000030517578","","","","","",""
"1011","","","","","","","","","","","","","","","","","","","50.529998779296875","50.529998779296875","50.529998779296875","51.290000915527344","51.290000915527344","51.290000915527344"
"1117","51.130001068115234","49.540000915527344","52.720001220703125","53.34000015258789","52.849998474121094","53.83000183105469","","","","","","","","","","","","","","","","","",""
"1118","52.4900016784668","52.4900016784668","52.4900016784668","","","","","","","","","","","","","","","","","","","","",""
"1147","","","","","","","51.900001525878906","51.900001525878906","51.900001525878906","53.349998474121094","53.349998474121094","53.349998474121094","52.36000061035156","52.36000061035156","52.36000061035156","54.36000061035156","54.36000061035156","54.36000061035156","","","","","",""
"1148","","","","","","","","","","","","","","","","","","","51.38999938964844","51.38999938964844","51.38999938964844","52.52000045776367","52.52000045776367","52.52000045776367"
"1314","52.39999961853027","51.22999954223633","53.56999969482422","54.31500053405762","53.9900016784668","54.63999938964844","","","","","","","","","","","","","","","","","",""
"1315","53.83000183105469","53.83000183105469","53.83000183105469","","","","","","","","","","","","","","","","","","","","",""
"1349","","","","","","","53.630001068115234","53.630001068115234","53.630001068115234","54.84000015258789","54.84000015258789","54.84000015258789","54.810001373291016","54.810001373291016","54.810001373291016","54.31999969482422","54.31999969482422","54.31999969482422","","","","","",""
"1350","","","","","","","","","","","","","","","","","","","53.369998931884766","53.369998931884766","53.369998931884766","53.630001068115234","53.630001068115234","53.630001068115234"
"1446","54.760000228881836","53.90999984741211","55.61000061035156","54.3799991607666","53.38999938964844","55.369998931884766","","","","","","","","","","","","","","","","","",""
"1447","54.439998626708984","54.439998626708984","54.439998626708984","","","","","","","","","","","","","","","","","","","","",""
"1486","","","","","","","52.439998626708984","52.439998626708984","52.439998626708984","56.47999954223633","56.47999954223633","56.47999954223633","54.72999954223633","54.72999954223633","54.72999954223633","56.400001525878906","56.400001525878906","56.400001525878906","","","","","",""
"1487","","","","","","","","","","","","","","","","","","","53.90999984741211","53.90999984741211","53.90999984741211","53.130001068115234","53.130001068115234","53.130001068115234"
"1643","56.02000045776367","55.209999084472656","56.83000183105469","56.40999984741211","56.38999938964844","56.43000030517578","","","","","","","","","","","","","","","","","",""
"1644","57.70000076293945","57.70000076293945","57.70000076293945","","","","","","","","","","","","","","","","","","","","",""
"1688","","","","","","","54.5099983215332","54.5099983215332","54.5099983215332","55.93000030517578","55.93000030517578","55.93000030517578","56.16999816894531","56.16999816894531","56.16999816894531","58.470001220703125","58.470001220703125","58.470001220703125","","","","","",""
"1689","","","","","","","","","","","","","","","","","","","54.06999969482422","54.06999969482422","54.06999969482422","53.7400016784668","53.7400016784668","53.7400016784668"
"1775","57.829999923706055","57.029998779296875","58.630001068115234","58.94000053405762","58.65999984741211","59.220001220703125","","","","","","","","","","","","","","","","","",""
"1776","60.58000183105469","60.58000183105469","60.58000183105469","","","","","","","","","","","","","","","","","","","","",""
"1825","","","","","","","56.90999984741211","56.90999984741211","56.90999984741211","57.88999938964844","57.88999938964844","57.88999938964844","60.220001220703125","60.220001220703125","60.220001220703125","62.65999984741211","62.65999984741211","62.65999984741211","","","","","",""
"1826","","","","","","","","","","","","","","","","","","","55.09000015258789","55.09000015258789","55.09000015258789","55.86000061035156","55.86000061035156","55.86000061035156"
"1972","59.96000099182129","57.970001220703125","61.95000076293945","61.739999771118164","61.22999954223633","62.25","","","","","","","","","","","","","","","","","",""
"1973","64.04000091552734","64.04000091552734","64.04000091552734","","","","","","","","","","","","","","","","","","","","",""
"2027","","","","","","","61.93000030517578","61.93000030517578","61.93000030517578","60.209999084472656","60.209999084472656","60.209999084472656","64.30999755859375","64.30999755859375","64.30999755859375","67.33999633789062","67.33999633789062","67.33999633789062","","","","","",""
"2028","","","","","","","","","","","","","","","","","","","57.27000045776367","57.27000045776367","57.27000045776367","57.81999969482422","57.81999969482422","57.81999969482422"
"2104","62.98500061035156","60.790000915527344","65.18000030517578","63.82499885559082","63.0099983215332","64.63999938964844","","","","","","","","","","","","","","","","","",""
"2105","69.58000183105469","69.58000183105469","69.58000183105469","","","","","","","","","","","","","","","","","","","","",""
"2164","","","","","","","65.54000091552734","65.54000091552734","65.54000091552734","63.02000045776367","63.02000045776367","63.02000045776367","67.36000061035156","67.36000061035156","67.36000061035156","72.01000213623047","72.01000213623047","72.01000213623047","","","","","",""
"2165","","","","","","","","","","","","","","","","","","","60.040000915527344","60.040000915527344","60.040000915527344","60.29999923706055","60.29999923706055","60.29999923706055"
"2301","66.20499992370605","63.869998931884766","68.54000091552734","67.00499725341797","66.44999694824219","67.55999755859375","","","","","","","","","","","","","","","","","",""
"2302","71.62999725341797","71.62999725341797","71.62999725341797","","","","","","","","","","","","","","","","","","","","",""
"2366","","","","","","","69.31999969482422","69.31999969482422","69.31999969482422","65.12000274658203","65.12000274658203","65.12000274658203","68.5999984741211","68.5999984741211","68.5999984741211","74.01000213623047","74.01000213623047","74.01000213623047","","","","","",""
"2367","","","","","","","","","","","","","","","","","","","62.36000061035156","62.36000061035156","62.36000061035156","65.0999984741211","65.0999984741211","65.0999984741211"
"2433","68.27000045776367","65.37999725341797","71.16000366210938","69.49500274658203","69.05000305175781","69.94000244140625","","","","","","","","","","","","","","","","","",""
"2434","73.80000305175781","73.80000305175781","73.80000305175781","","","","","","","","","","","","","","","","","","","","",""
"2503","","","","","","","70.52999877929688","70.52999877929688","70.52999877929688","67.26000213623047","67.26000213623047","67.26000213623047","72.47000122070312","72.47000122070312","72.47000122070312","77.05000305175781","77.05000305175781","77.05000305175781","","","","","",""
"2504","","","","","","","","","","","","","","","","","","","66.83999633789062","66.83999633789062","66.83999633789062","65.69000244140625","65.69000244140625","65.69000244140625"
"2630","72.54999923706055","69.11000061035156","75.98999786376953","72.06000137329102","70.20999908447266","73.91000366210938","","","","","","","","","","","","","","","","","",""
"2631","76.93000030517578","76.93000030517578","76.93000030517578","","","","","","","","","","","","","","","","","","","","",""
"2705","","","","","","","71.83999633789062","71.83999633789062","71.83999633789062","70.79000091552734","70.79000091552734","70.79000091552734","73.55999755859375","73.55999755859375","73.55999755859375","77.94999694824219","77.94999694824219","77.94999694824219","","","","","",""
"2706","","","","","","","","","","","","","","","","","","","68.75","68.75","68.75","67.69999694824219","67.69999694824219","67.69999694824219"
"2762","73.625","69.5999984741211","77.6500015258789","74.56499862670898","73.56999969482422","75.55999755859375","","","","","","","","","","","","","","","","","",""
"2763","75.66000366210938","75.66000366210938","75.66000366210938","","","","","","","","","","","","","","","","","","","","",""
"2842","","","","","","","74.87000274658203","74.87000274658203","74.87000274658203","70.91999816894531","70.91999816894531","70.91999816894531","73.72000122070312","73.72000122070312","73.72000122070312","78.4000015258789","78.4000015258789","78.4000015258789","","","","","",""
"2843","","","","","","","","","","","","","","","","","","","70.62999725341797","70.62999725341797","70.62999725341797","69.9000015258789","69.9000015258789","69.9000015258789"
"2959","75.56499862670898","71.31999969482422","79.80999755859375","75.55500030517578","74.5","76.61000061035156","","","","","","","","","","","","","","","","","",""
"2960","79.61000061035156","79.61000061035156","79.61000061035156","","","","","","","","","","","","","","","","","","","","",""
"3044","","","","","","","73.23999786376953","73.23999786376953","73.23999786376953","71.9800033569336","71.9800033569336","71.9800033569336","77.45999908447266","77.45999908447266","77.45999908447266","79.77999877929688","79.77999877929688","79.77999877929688","","","","","",""
"3045","","","","","","","","","","","","","","","","","","","75.26000213623047","75.26000213623047","75.26000213623047","73.08000183105469","73.08000183105469","73.08000183105469"
"3091","76.09500122070312","72.79000091552734","79.4000015258789","77.81500244140625","75.62000274658203","80.01000213623047","","","","","","","","","","","","","","","","","",""
"3092","81.52999877929688","81.52999877929688","81.52999877929688","","","","","","","","","","","","","","","","","","","","",""
"3181","","","","","","","75.20999908447266","75.20999908447266","75.20999908447266","72.61000061035156","72.61000061035156","72.61000061035156","78.61000061035156","78.61000061035156","78.61000061035156","80.05000305175781","80.05000305175781","80.05000305175781","","","","","",""
"3182","","","","","","","","","","","","","","","","","","","75.1500015258789","75.1500015258789","75.1500015258789","74.61000061035156","74.61000061035156","74.61000061035156"
"3288","78.01499938964844","75.58999633789062","80.44000244140625","79.46500015258789","78.22000122070312","80.70999908447266","","","","","","","","","","","","","","","","","",""
"3289","83.5199966430664","83.5199966430664","83.5199966430664","","","","","","","","","","","","","","","","","","","","",""
"3383","","","","","","","75.94999694824219","75.94999694824219","75.94999694824219","75.45999908447266","75.45999908447266","75.45999908447266","79.0999984741211","79.0999984741211","79.0999984741211","82.83999633789062","82.83999633789062","82.83999633789062","","","","","",""
"3384","","","","","","","","","","","","","","","","","","","76.87999725341797","76.87999725341797","76.87999725341797","76.2300033569336","76.2300033569336","76.2300033569336"
"3420","80.31999969482422","77.6500015258789","82.98999786376953","81.1150016784668","78.9800033569336","83.25","","","","","","","","","","","","","","","","","",""
"3421","83.38999938964844","83.38999938964844","83.38999938964844","","","","","","","","","","","","","","","","","","","","",""
"3520","","","","","","","79.16000366210938","79.16000366210938","79.16000366210938","78","78","78","78.7699966430664","78.7699966430664","78.7699966430664","83.31999969482422","83.31999969482422","83.31999969482422","","","","","",""
"3521","","","","","","","","","","","","","","","","","","","77.68000030517578","77.68000030517578","77.68000030517578","75.83000183105469","75.83000183105469","75.83000183105469"
"3617","80.91999816894531","78.52999877929688","83.30999755859375","81.8499984741211","81.48999786376953","82.20999908447266","","","","","","","","","","","","","","","","","",""
"3618","85.51000213623047","85.51000213623047","85.51000213623047","","","","","","","","","","","","","","","","","","","","",""
"3722","","","","","","","79.41000366210938","79.41000366210938","79.41000366210938","77.29000091552734","77.29000091552734","77.29000091552734","78.58999633789062","78.58999633789062","78.58999633789062","83.36000061035156","83.36000061035156","83.36000061035156","","","","","",""
"3723","","","","","","","","","","","","","","","","","","","77.62999725341797","77.62999725341797","77.62999725341797","76.41000366210938","76.41000366210938","76.41000366210938"
"3749","82.29000091552734","82.20999908447266","82.37000274658203","82.09500122070312","81.08000183105469","83.11000061035156","","","","","","","","","","","","","","","","","",""
"3750","85.72000122070312","85.72000122070312","85.72000122070312","","","","","","","","","","","","","","","","","","","","",""
"3859","","","","","","","78.9000015258789","78.9000015258789","78.9000015258789","77.66000366210938","77.66000366210938","77.66000366210938","78.27999877929688","78.27999877929688","78.27999877929688","84.69000244140625","84.69000244140625","84.69000244140625","","","","","",""
"3860","","","","","","","","","","","","","","","","","","","77.69999694824219","77.69999694824219","77.69999694824219","76.63999938964844","76.63999938964844","76.63999938964844"
"3946","84.27499771118164","83.27999877929688","85.2699966430664","82.96000289916992","81.41000366210938","84.51000213623047","","","","","","","","","","","","","","","","","",""
"3947","87.66000366210938","87.66000366210938","87.66000366210938","","","","","","","","","","","","","","","","","","","","",""
"4061","","","","","","","79.37999725341797","79.37999725341797","79.37999725341797","79","79","79","81.41000366210938","81.41000366210938","81.41000366210938","85.26000213623047","85.26000213623047","85.26000213623047","","","","","",""
"4062","","","","","","","","","","","","","","","","","","","81.91000366210938","81.91000366210938","81.91000366210938","79.0999984741211","79.0999984741211","79.0999984741211"
"4078","83.70500183105469","83.29000091552734","84.12000274658203","82.68500137329102","80.72000122070312","84.6500015258789","","","","","","","","","","","","","","","","","",""
"4079","87.76000213623047","87.76000213623047","87.76000213623047","","","","","","","","","","","","","","","","","","","","",""
"4198","","","","","","","80.30000305175781","80.30000305175781","80.30000305175781","80.55999755859375","80.55999755859375","80.55999755859375","82.79000091552734","82.79000091552734","82.79000091552734","85.36000061035156","85.36000061035156","85.36000061035156","","","","","",""
"4199","","","","","","","","","","","","","","","","","","","80.38999938964844","80.38999938964844","80.38999938964844","81.30000305175781","81.30000305175781","81.30000305175781"
"4275","85.57500076293945","84.7300033569336","86.41999816894531","81.79000091552734","81.11000061035156","82.47000122070312","","","","","","","","","","","","","","","","","",""
"4276","86.20999908447266","86.20999908447266","86.20999908447266","","","","","","","","","","","","","","","","","","","","",""
"4400","","","","","","","81.5999984741211","81.5999984741211","81.5999984741211","80.62000274658203","80.62000274658203","80.62000274658203","82.94000244140625","82.94000244140625","82.94000244140625","86.08999633789062","86.08999633789062","86.08999633789062","","","","","",""
"4401","","","","","","","","","","","","","","","","","","","81.41999816894531","81.41999816894531","81.41999816894531","81.86000061035156","81.86000061035156","81.86000061035156"
"4407","85.80000305175781","84.62000274658203","86.9800033569336","82.74500274658203","82.30000305175781","83.19000244140625","","","","","","","","","","","","","","","","","",""
"4408","88.30999755859375","88.30999755859375","88.30999755859375","","","","","","","","","","","","","","","","","","","","",""
"4537","","","","","","","81.69000244140625","81.69000244140625","81.69000244140625","80.72000122070312","80.72000122070312","80.72000122070312","","","","85.79000091552734","85.79000091552734","85.79000091552734","","","","","",""
"4538","","","","","","","","","","","","","","","","","","","81.1500015258789","81.1500015258789","81.1500015258789","79.0199966430664","79.0199966430664","79.0199966430664"
"4604","86.1150016784668","85.87000274658203","86.36000061035156","83.5999984741211","83","84.19999694824219","","","","","","","","","","","","","","","","","",""
"4605","86.23999786376953","86.23999786376953","86.23999786376953","","","","","","","","","","","","","","","","","","","","",""
"4668","","","","","","","","","","","","","81.12000274658203","81.12000274658203","81.12000274658203","","","","","","","","",""
"4736","87.18000030517578","86.31999969482422","88.04000091552734","82.92000198364258","82.72000122070312","83.12000274658203","","","","","","","","","","","","","","","","","",""
"4737","87.73999786376953","87.73999786376953","87.73999786376953","","","","","","","","","","","","","","","","","","","","",""
"4739","","","","","","","81.44999694824219","81.44999694824219","81.44999694824219","82.25","82.25","82.25","","","","87.18000030517578","87.18000030517578","87.18000030517578","","","","","",""
"4740","","","","","","","","","","","","","","","","","","","81.16000366210938","81.16000366210938","81.16000366210938","82.5999984741211","82.5999984741211","82.5999984741211"
"4870","","","","","","","","","","","","","82.41000366210938","82.41000366210938","82.41000366210938","","","","","","","","",""
"4876","","","","","","","79.88999938964844","79.88999938964844","79.88999938964844","81.4000015258789","81.4000015258789","81.4000015258789","","","","85","85","85","","","","","",""
"4877","","","","","","","","","","","","","","","","","","","83.44000244140625","83.44000244140625","83.44000244140625","81.94999694824219","81.94999694824219","81.94999694824219"
"4933","86.02000045776367","85.76000213623047","86.27999877929688","82.91999816894531","82.38999938964844","83.44999694824219","","","","","","","","","","","","","","","","","",""
"4934","86.73999786376953","86.73999786376953","86.73999786376953","","","","","","","","","","","","","","","","","","","","",""
"5007","","","","","","","","","","","","","81.25","81.25","81.25","","","","","","","","",""
"5065","87.45000076293945","87.38999938964844","87.51000213623047","82.46500015258789","82.18000030517578","82.75","","","","","","","","","","","","","","","","","",""
"5066","87.77999877929688","87.77999877929688","87.77999877929688","","","","","","","","","","","","","","","","","","","","",""
"5078","","","","","","","83.06999969482422","83.06999969482422","83.06999969482422","80.38999938964844","80.38999938964844","80.38999938964844","","","","85.47000122070312","85.47000122070312","85.47000122070312","","","","","",""
"5079","","","","","","","","","","","","","","","","","","","85.58999633789062","85.58999633789062","85.58999633789062","84.12999725341797","84.12999725341797","84.12999725341797"
"5209","","","","","","","","","","","","","83.33000183105469","83.33000183105469","83.33000183105469","","","","","","","","",""
"5215","","","","","","","82.37999725341797","82.37999725341797","82.37999725341797","79.36000061035156","79.36000061035156","79.36000061035156","","","","86.5199966430664","86.5199966430664","86.5199966430664","","","","","",""
"5216","","","","","","","","","","","","","","","","","","","83.02999877929688","83.02999877929688","83.02999877929688","82.20999908447266","82.20999908447266","82.20999908447266"
"5262","87.88000106811523","87.19000244140625","88.56999969482422","81.81499862670898","81.45999908447266","82.16999816894531","","","","","","","","","","","","","","","","","",""
"5263","87.58999633789062","87.58999633789062","87.58999633789062","","","","","","","","","","","","","","","","","","","","",""
"5264","","","","81.45999908447266","81.45999908447266","81.45999908447266","","","","","","","","","","","","","","","","","",""
"5346","","","","","","","","","","","","","82.98999786376953","82.98999786376953","82.98999786376953","","","","","","","","",""
"5394","88.25500106811523","87.55000305175781","88.95999908447266","81.12000274658203","81.12000274658203","81.12000274658203","","","","","","","","","","","","","","","","","",""
"5395","89.54000091552734","89.54000091552734","89.54000091552734","","","","","","","","","","","","","","","","","","","","",""
"5417","","","","","","","83.23999786376953","83.23999786376953","83.23999786376953","81.08000183105469","81.08000183105469","81.08000183105469","","","","86.6500015258789","86.6500015258789","86.6500015258789","","","","","",""
"5418","","","","","","","","","","","","","","","","","","","85.18000030517578","85.18000030517578","85.18000030517578","82.73999786376953","82.73999786376953","82.73999786376953"
"5548","","","","","","","","","","","","","83.12999725341797","83.12999725341797","83.12999725341797","","","","","","","","",""
"5554","","","","","","","82.18000030517578","82.18000030517578","82.18000030517578","81.08000183105469","81.08000183105469","81.08000183105469","","","","86.81999969482422","86.81999969482422","86.81999969482422","","","","","",""
"5555","","","","","","","","","","","","","","","","","","","84.0999984741211","84.0999984741211","84.0999984741211","83.9000015258789","83.9000015258789","83.9000015258789"
"5591","87.91499710083008","87.37999725341797","88.44999694824219","","","","","","","","","","","","","","","","","","","","",""
"5592","88.76000213623047","88.76000213623047","88.76000213623047","","","","","","","","","","","","","","","","","","","","",""
"5685","","","","","","","","","","","","","81.19999694824219","81.19999694824219","81.19999694824219","","","","","","","","",""
"5723","88.64500045776367","88.56999969482422","88.72000122070312","","","","","","","","","","","","","","","","","","","","",""
"5724","88.2699966430664","88.2699966430664","88.2699966430664","","","","","","","","","","","","","","","","","","","","",""
"5756","","","","","","","84.95999908447266","84.95999908447266","84.95999908447266","80.4800033569336","80.4800033569336","80.4800033569336","","","","87.18000030517578","87.18000030517578","87.18000030517578","","","","","",""
"5757","","","","","","","","","","","","","","","","","","","85.37999725341797","85.37999725341797","85.37999725341797","84.83999633789062","84.83999633789062","84.83999633789062"
"5887","","","","","","","","","","","","","82.66999816894531","82.66999816894531","82.66999816894531","","","","","","","","",""
"5893","","","","","","","83.06999969482422","83.06999969482422","83.06999969482422","80.91000366210938","80.91000366210938","80.91000366210938","","","","85.7699966430664","85.7699966430664","85.7699966430664","","","","","",""
"5894","","","","","","","","","","","","","","","","","","","85.4000015258789","85.4000015258789","85.4000015258789","84.25","84.25","84.25"
"5920","88.52499771118164","87.41999816894531","89.62999725341797","","","","","","","","","","","","","","","","","","","","",""
"5921","90.27999877929688","90.27999877929688","90.27999877929688","","","","","","","","","","","","","","","","","","","","",""
"6024","","","","","","","","","","","","","82.68000030517578","82.68000030517578","82.68000030517578","","","","","","","","",""
"6052","87.32500076293945","87.06999969482422","87.58000183105469","","","","","","","","","","","","","","","","","","","","",""
"6053","88.73999786376953","88.73999786376953","88.73999786376953","","","","","","","","","","","","","","","","","","","","",""
"6095","","","","","","","83.11000061035156","83.11000061035156","83.11000061035156","82.41000366210938","82.41000366210938","82.41000366210938","","","","87.47000122070312","87.47000122070312","87.47000122070312","","","","","",""
"6096","","","","","","","","","","","","","","","","","","","86.87000274658203","86.87000274658203","86.87000274658203","85.91000366210938","85.91000366210938","85.91000366210938"
"6226","","","","","","","","","","","","","82.55999755859375","82.55999755859375","82.55999755859375","","","","","","","","",""
"6232","","","","","","","83.20999908447266","83.20999908447266","83.20999908447266","82.01000213623047","82.01000213623047","82.01000213623047","","","","","","","","","","","",""
"6233","","","","","","","","","","","","","","","","84.38999938964844","84.38999938964844","84.38999938964844","85.6500015258789","85.6500015258789","85.6500015258789","83.66000366210938","83.66000366210938","83.66000366210938"
"6249","87.34000015258789","87.12999725341797","87.55000305175781","","","","","","","","","","","","","","","","","","","","",""
"6250","89.05999755859375","89.05999755859375","89.05999755859375","","","","","","","","","","","","","","","","","","","","",""
"6363","","","","","","","","","","","","","84.01000213623047","84.01000213623047","84.01000213623047","","","","","","","","",""
"6381","88.82500076293945","87.97000122070312","89.68000030517578","","","","","","","","","","","","","","","","","","","","",""
"6382","89.56999969482422","89.56999969482422","89.56999969482422","","","","","","","","","","","","","","","","","","","","",""
"6434","","","","","","","83.2699966430664","83.2699966430664","83.2699966430664","80.95999908447266","80.95999908447266","80.95999908447266","","","","","","","","","","","",""
"6435","","","","","","","","","","","","","","","","86.18000030517578","86.18000030517578","86.18000030517578","85.23999786376953","85.23999786376953","85.23999786376953","84.86000061035156","84.86000061035156","84.86000061035156"
"6565","","","","","","","","","","","","","84.19999694824219","84.19999694824219","84.19999694824219","","","","","","","","",""
"6571","","","","","","","84.83000183105469","84.83000183105469","84.83000183105469","82.86000061035156","82.86000061035156","82.86000061035156","","","","","","","","","","","",""
"6572","","","","","","","","","","","","","","","","85.37999725341797","85.37999725341797","85.37999725341797","86.20999908447266","86.20999908447266","86.20999908447266","85.87000274658203","85.87000274658203","85.87000274658203"
"6578","88.88999938964844","88.29000091552734","89.48999786376953","","","","","","","","","","","","","","","","","","","","",""
"6579","88.9000015258789","88.9000015258789","88.9000015258789","","","","","","","","","","","","","","","","","","","","",""
"6702","","","","","","","","","","","","","82.54000091552734","82.54000091552734","82.54000091552734","","","","","","","","",""
"6710","88.31999969482422","87.38999938964844","89.25","","","","","","","","","","","","","","","","","","","","",""
"6711","88.19000244140625","88.19000244140625","88.19000244140625","","","","","","","","","","","","","","","","","","","","",""
"6773","","","","","","","82.91000366210938","82.91000366210938","82.91000366210938","82.44000244140625","82.44000244140625","82.44000244140625","","","","","","","","","","","",""
"6774","","","","","","","","","","","","","","","","86.94000244140625","86.94000244140625","86.94000244140625","86.6500015258789","86.6500015258789","86.6500015258789","85.76000213623047","85.76000213623047","85.76000213623047"
"6904","","","","","","","","","","","","","81.97000122070312","81.97000122070312","81.97000122070312","","","","","","","","",""
"6907","88.21500015258789","87.79000091552734","88.63999938964844","","","","","","","","","","","","","","","","","","","","",""
"6908","88.12000274658203","88.12000274658203","88.12000274658203","","","","","","","","","","","","","","","","","","","","",""
"6910","","","","","","","86.83000183105469","86.83000183105469","86.83000183105469","81.62000274658203","81.62000274658203","81.62000274658203","","","","","","","","","","","",""
"6911","","","","","","","","","","","","","","","","86.83000183105469","86.83000183105469","86.83000183105469","86.61000061035156","86.61000061035156","86.61000061035156","85.95999908447266","85.95999908447266","85.95999908447266"
"7039","88.88999938964844","87.47000122070312","90.30999755859375","","","","","","","","","","","","","","","","","","","","",""
"7040","88.52999877929688","88.52999877929688","88.52999877929688","","","","","","","","","","","","","","","","","","","","",""
"7041","","","","","","","","","","","","","83.56999969482422","83.56999969482422","83.56999969482422","","","","","","","","",""
"7112","","","","","","","83.93000030517578","83.93000030517578","83.93000030517578","83.80999755859375","83.80999755859375","83.80999755859375","","","","","","","","","","","",""
"7113","","","","","","","","","","","","","","","","87.70999908447266","87.70999908447266","87.70999908447266","88.04000091552734","88.04000091552734","88.04000091552734","85.2699966430664","85.2699966430664","85.2699966430664"
"7236","89.29000091552734","87.87000274658203","90.70999908447266","","","","","","","","","","","","","","","","","","","","",""
"7237","89.29000091552734","89.29000091552734","89.29000091552734","","","","","","","","","","","","","","","","","","","","",""
"7243","","","","","","","","","","","","","83.29000091552734","83.29000091552734","83.29000091552734","","","","","","","","",""
"7249","","","","","","","83.33000183105469","83.33000183105469","83.33000183105469","82.43000030517578","82.43000030517578","82.43000030517578","","","","","","","","","","","",""
"7250","","","","","","","","","","","","","","","","88.01000213623047","88.01000213623047","88.01000213623047","86.98999786376953","86.98999786376953","86.98999786376953","86.33000183105469","86.33000183105469","86.33000183105469"
"7368","88.86000061035156","88.48999786376953","89.2300033569336","","","","","","","","","","","","","","","","","","","","",""
"7369","89.33999633789062","89.33999633789062","89.33999633789062","","","","","","","","","","","","","","","","","","","","",""
"7380","","","","","","","","","","","","","82.55000305175781","82.55000305175781","82.55000305175781","","","","","","","","",""
"7451","","","","","","","84.16000366210938","84.16000366210938","84.16000366210938","82.4800033569336","82.4800033569336","82.4800033569336","","","","","","","","","","","",""
"7452","","","","","","","","","","","","","","","","87.51000213623047","87.51000213623047","87.51000213623047","87.12999725341797","87.12999725341797","87.12999725341797","85.68000030517578","85.68000030517578","85.68000030517578"
"7565","88.63000106811523","87.91000366210938","89.3499984741211","","","","","","","","","","","","","","","","","","","","",""
"7566","88.8499984741211","88.8499984741211","88.8499984741211","","","","","","","","","","","","","","","","","","","","",""
"7582","","","","","","","","","","","","","81.7699966430664","81.7699966430664","81.7699966430664","","","","","","","","",""
"7588","","","","","","","83.7300033569336","83.7300033569336","83.7300033569336","84.12000274658203","84.12000274658203","84.12000274658203","","","","","","","","","","","",""
"7589","","","","","","","","","","","","","","","","86.69000244140625","86.69000244140625","86.69000244140625","85.68000030517578","85.68000030517578","85.68000030517578","83.69999694824219","83.69999694824219","83.69999694824219"
"7697","88.70500183105469","88.69000244140625","88.72000122070312","","","","","","","","","","","","","","","","","","","","",""
"7698","90.11000061035156","90.11000061035156","90.11000061035156","","","","","","","","","","","","","","","","","","","","",""
"7719","","","","","","","","","","","","","81.83999633789062","81.83999633789062","81.83999633789062","","","","","","","","",""
"7790","","","","","","","83.94000244140625","83.94000244140625","83.94000244140625","80.19000244140625","80.19000244140625","80.19000244140625","","","","","","","","","","","",""
"7791","","","","","","","","","","","","","","","","88.4000015258789","88.4000015258789","88.4000015258789","86.93000030517578","86.93000030517578","86.93000030517578","86.37999725341797","86.37999725341797","86.37999725341797"
"7894","89.06000137329102","88.61000061035156","89.51000213623047","","","","","","","","","","","","","","","","","","","","",""
"7895","89.44999694824219","89.44999694824219","89.44999694824219","","","","","","","","","","","","","","","","","","","","",""
"7921","","","","","","","","","","","","","82.02999877929688","82.02999877929688","82.02999877929688","","","","","","","","",""
"7927","","","","","","","86.33000183105469","86.33000183105469","86.33000183105469","82.1500015258789","82.1500015258789","82.1500015258789","","","","","","","","","","","",""
"7928","","","","","","","","","","","","","","","","87.5199966430664","87.5199966430664","87.5199966430664","87.58000183105469","87.58000183105469","87.58000183105469","86.29000091552734","86.29000091552734","86.29000091552734"
"8026","88.77999877929688","88.08999633789062","89.47000122070312","","","","","","","","","","","","","","","","","","","","",""
"8027","88.7300033569336","88.7300033569336","88.7300033569336","","","","","","","","","","","","","","","","","","","","",""
"8058","","","","","","","","","","","","","82.01000213623047","82.01000213623047","82.01000213623047","","","","","","","","",""
"8129","","","","","","","83.77999877929688","83.77999877929688","83.77999877929688","83.7300033569336","83.7300033569336","83.7300033569336","","","","","","","","","","","",""
"8130","","","","","","","","","","","","","","","","88.19999694824219","88.19999694824219","88.19999694824219","88.02999877929688","88.02999877929688","88.02999877929688","86.9800033569336","86.9800033569336","86.9800033569336"
"8223","89.08000183105469","88.97000122070312","89.19000244140625","","","","","","","","","","","","","","","","","","","","",""
"8224","89.62999725341797","89.62999725341797","89.62999725341797","","","","","","","","","","","","","","","","","","","","",""
"8260","","","","","","","","","","","","","83.29000091552734","83.29000091552734","83.29000091552734","","","","","","","","",""
"8266","","","","","","","84.61000061035156","84.61000061035156","84.61000061035156","","","","","","","","","","","","","","",""
"8267","","","","","","","","","","","","","","","","88.20999908447266","88.20999908447266","88.20999908447266","87.69999694824219","87.69999694824219","87.69999694824219","86.58000183105469","86.58000183105469","86.58000183105469"
"8355","89.10499954223633","88.44999694824219","89.76000213623047","","","","","","","","","","","","","","","","","","","","",""
"8356","89.13999938964844","89.13999938964844","89.13999938964844","","","","","","","","","","","","","","","","","","","","",""
"8397","","","","","","","","","","","","","81.58000183105469","81.58000183105469","81.58000183105469","","","","","","","","",""
"8468","","","","","","","84.87999725341797","84.87999725341797","84.87999725341797","","","","","","","","","","","","","","",""
"8469","","","","","","","","","","","","","","","","86.16999816894531","86.16999816894531","86.16999816894531","86.5999984741211","86.5999984741211","86.5999984741211","86.66000366210938","86.66000366210938","86.66000366210938"
"8552","88.45000076293945","87.87000274658203","89.02999877929688","","","","","","","","","","","","","","","","","","","","",""
"8553","89.43000030517578","89.43000030517578","89.43000030517578","","","","","","","","","","","","","","","","","","","","",""
"8599","","","","","","","","","","","","","82.16999816894531","82.16999816894531","82.16999816894531","","","","","","","","",""
"8605","","","","","","","83.72000122070312","83.72000122070312","83.72000122070312","","","","","","","","","","","","","","",""
"8606","","","","","","","","","","","","","","","","87.31999969482422","87.31999969482422","87.31999969482422","87.30000305175781","87.30000305175781","87.30000305175781","87.5","87.5","87.5"
"8684","88.41999816894531","87.12999725341797","89.70999908447266","","","","","","","","","","","","","","","","","","","","",""
"8685","89.25","89.25","89.25","","","","","","","","","","","","","","","","","","","","",""
"8736","","","","","","","","","","","","","80.70999908447266","80.70999908447266","80.70999908447266","","","","","","","","",""
"8807","","","","","","","85.55999755859375","85.55999755859375","85.55999755859375","","","","","","","","","","","","","","",""
"8808","","","","","","","","","","","","","","","","88.81999969482422","88.81999969482422","88.81999969482422","89.2699966430664","89.2699966430664","89.2699966430664","85.69000244140625","85.69000244140625","85.69000244140625"
"8881","89.45500183105469","89.25","89.66000366210938","","","","","","","","","","","","","","","","","","","","",""
"8882","88.93000030517578","88.93000030517578","88.93000030517578","","","","","","","","","","","","","","","","","","","","",""
"8944","","","","","","","83.1500015258789","83.1500015258789","83.1500015258789","","","","","","","","","","","","","","",""
"8945","","","","","","","","","","","","","","","","88.58000183105469","88.58000183105469","88.58000183105469","89.25","89.25","89.25","86.75","86.75","86.75"
"9013","89.48500061035156","88.80999755859375","90.16000366210938","","","","","","","","","","","","","","","","","","","","",""
"9014","89.51000213623047","89.51000213623047","89.51000213623047","","","","","","","","","","","","","","","","","","","","",""
"9146","","","","","","","83.27999877929688","83.27999877929688","83.27999877929688","","","","","","","","","","","","","","",""
"9147","","","","","","","","","","","","","","","","89.94999694824219","89.94999694824219","89.94999694824219","88.23999786376953","88.23999786376953","88.23999786376953","86.0199966430664","86.0199966430664","86.0199966430664"
"9210","89.2599983215332","88.5199966430664","90","","","","","","","","","","","","","","","","","","","","",""
"9211","90.3499984741211","90.3499984741211","90.3499984741211","","","","","","","","","","","","","","","","","","","","",""
"9283","","","","","","","83.88999938964844","83.88999938964844","83.88999938964844","","","","","","","","","","","","","","",""
"9284","","","","","","","","","","","","","","","","89.37999725341797","89.37999725341797","89.37999725341797","87.83000183105469","87.83000183105469","87.83000183105469","86.93000030517578","86.93000030517578","86.93000030517578"
"9342","89.10499954223633","87.68000030517578","90.52999877929688","","","","","","","","","","","","","","","","","","","","",""
"9343","90.29000091552734","90.29000091552734","90.29000091552734","","","","","","","","","","","","","","","","","","","","",""
"9485","","","","","","","82.72000122070312","82.72000122070312","82.72000122070312","","","","","","","","","","","","","","",""
"9486","","","","","","","","","","","","","","","","89.77999877929688","89.77999877929688","89.77999877929688","88.80000305175781","88.80000305175781","88.80000305175781","88.63999938964844","88.63999938964844","88.63999938964844"
"9539","89.14500045776367","88.05000305175781","90.23999786376953","","","","","","","","","","","","","","","","","","","","",""
"9540","89.2300033569336","89.2300033569336","89.2300033569336","","","","","","","","","","","","","","","","","","","","",""
"9622","","","","","","","84.94999694824219","84.94999694824219","84.94999694824219","","","","","","","","","","","","","","",""
"9623","","","","","","","","","","","","","","","","90.3499984741211","90.3499984741211","90.3499984741211","89.94999694824219","89.94999694824219","89.94999694824219","88.76000213623047","88.76000213623047","88.76000213623047"
"9671","88.33499908447266","88.11000061035156","88.55999755859375","","","","","","","","","","","","","","","","","","","","",""
"9672","88.77999877929688","88.77999877929688","88.77999877929688","","","","","","","","","","","","","","","","","","","","",""
"9824","","","","","","","84.2699966430664","84.2699966430664","84.2699966430664","","","","","","","","","","","","","","",""
"9825","","","","","","","","","","","","","","","","90.68000030517578","90.68000030517578","90.68000030517578","87.97000122070312","87.97000122070312","87.97000122070312","87.83000183105469","87.83000183105469","87.83000183105469"
"9868","88.3949966430664","87.69999694824219","89.08999633789062","","","","","","","","","","","","","","","","","","","","",""
"9869","88.68000030517578","88.68000030517578","88.68000030517578","","","","","","","","","","","","","","","","","","","","",""
"9961","","","","","","","84.0199966430664","84.0199966430664","84.0199966430664","","","","","","","","","","","","","","",""
"9962","","","","","","","","","","","","","","","","90.36000061035156","90.36000061035156","90.36000061035156","87.87000274658203","87.87000274658203","87.87000274658203","88.36000061035156","88.36000061035156","88.36000061035156"
"10000","89.20999908447266","88.41999816894531","90","","","","","","","","","","","","","","","","","","","","",""
"10001","88.93000030517578","88.93000030517578","88.93000030517578","","","","","","","","","","","","","","","","","","","","",""
"10163","","","","","","","83.47000122070312","83.47000122070312","83.47000122070312","","","","","","","","","","","","","","",""
"10164","","","","","","","","","","","","","","","","90.38999938964844","90.38999938964844","90.38999938964844","89.01000213623047","89.01000213623047","89.01000213623047","87.63999938964844","87.63999938964844","87.63999938964844"
"10197","89.41500091552734","88.27999877929688","90.55000305175781","","","","","","","","","","","","","","","","","","","","",""
"10198","89.75","89.75","89.75","","","","","","","","","","","","","","","","","","","","",""
"10301","","","","","","","","","","","","","","","","90.87999725341797","90.87999725341797","90.87999725341797","90.1500015258789","90.1500015258789","90.1500015258789","88.44999694824219","88.44999694824219","88.44999694824219"
"10329","89.05500030517578","87.80000305175781","90.30999755859375","","","","","","","","","","","","","","","","","","","","",""
"10330","90.0199966430664","90.0199966430664","90.0199966430664","","","","","","","","","","","","","","","","","","","","",""
"10503","","","","","","","","","","","","","","","","91.05999755859375","91.05999755859375","91.05999755859375","","","","","",""
"10526","89.38000106811523","88.58000183105469","90.18000030517578","","","","","","","","","","","","","","","","","","","","",""
"10527","88.98999786376953","88.98999786376953","88.98999786376953","","","","","","","","","","","","","","","","","","","","",""
"10571","","","","","","","","","","","","","","","","","","","89.54000091552734","89.54000091552734","89.54000091552734","","",""
"10640","","","","","","","","","","","","","","","","89.95999908447266","89.95999908447266","89.95999908447266","","","","","",""
"10658","89.38999938964844","89.19000244140625","89.58999633789062","","","","","","","","","","","","","","","","","","","","",""
"10659","89.86000061035156","89.86000061035156","89.86000061035156","","","","","","","","","","","","","","","","","","","","",""
"10698","","","","","","","","","","","","","","","","","","","","","","84.29000091552734","84.29000091552734","84.29000091552734"
"10773","","","","","","","","","","","","","","","","","","","90.08000183105469","90.08000183105469","90.08000183105469","","",""
"10835","","","","","","","","","","","","","","","","","","","","","","87.05999755859375","87.05999755859375","87.05999755859375"
"10842","","","","","","","","","","","","","","","","90.61000061035156","90.61000061035156","90.61000061035156","","","","","",""
"10855","89.59499740600586","88.98999786376953","90.19999694824219","","","","","","","","","","","","","","","","","","","","",""
"10856","88.94000244140625","88.94000244140625","88.94000244140625","","","","","","","","","","","","","","","","","","","","",""
"10910","","","","","","","","","","","","","","","","","","","89.06999969482422","89.06999969482422","89.06999969482422","","",""
"10987","89.86999893188477","88.9000015258789","90.83999633789062","","","","","","","","","","","","","","","","","","","","",""
"10988","89.54000091552734","89.54000091552734","89.54000091552734","","","","","","","","","","","","","","","","","","","","",""
"11037","","","","","","","","","","","","","","","","","","","","","","87.5999984741211","87.5999984741211","87.5999984741211"
"11045","","","","","","","","","","","","","","","","89.45999908447266","89.45999908447266","89.45999908447266","","","","","",""
"11112","","","","","","","","","","","","","","","","","","","89.62000274658203","89.62000274658203","89.62000274658203","","",""
"11174","","","","","","","","","","","","","","","","","","","","","","87.91999816894531","87.91999816894531","87.91999816894531"
"11182","","","","","","","","","","","","","","","","89.37999725341797","89.37999725341797","89.37999725341797","","","","","",""
"11184","90.13999938964844","89.37999725341797","90.9000015258789","","","","","","","","","","","","","","","","","","","","",""
"11185","89.79000091552734","89.79000091552734","89.79000091552734","","","","","","","","","","","","","","","","","","","","",""
"11249","","","","","","","","","","","","","","","","","","","90.23999786376953","90.23999786376953","90.23999786376953","","",""
"11316","89.94999694824219","88.7699966430664","91.12999725341797","","","","","","","","","","","","","","","","","","","","",""
"11317","88.44000244140625","88.44000244140625","88.44000244140625","","","","","","","","","","","","","","","","","","","","",""
"11376","","","","","","","","","","","","","","","","","","","","","","86.7699966430664","86.7699966430664","86.7699966430664"
"11384","","","","","","","","","","","","","","","","90.2699966430664","90.2699966430664","90.2699966430664","","","","","",""
"11451","","","","","","","","","","","","","","","","","","","87.38999938964844","87.38999938964844","87.38999938964844","","",""
"11513","90.3650016784668","89.2300033569336","91.5","","","","","","","","","","","","","","","","","","","88.6500015258789","88.6500015258789","88.6500015258789"
"11514","89.72000122070312","89.72000122070312","89.72000122070312","","","","","","","","","","","","","","","","","","","","",""
"11521","","","","","","","","","","","","","","","","90.47000122070312","90.47000122070312","90.47000122070312","","","","","",""
"11588","","","","","","","","","","","","","","","","","","","89.87000274658203","89.87000274658203","89.87000274658203","","",""
"11645","89.7400016784668","89.11000061035156","90.37000274658203","","","","","","","","","","","","","","","","","","","","",""
"11646","88.7300033569336","88.7300033569336","88.7300033569336","","","","","","","","","","","","","","","","","","","","",""
"11715","","","","","","","","","","","","","","","","","","","","","","88.25","88.25","88.25"
"11723","","","","","","","","","","","","","","","","91.01000213623047","91.01000213623047","91.01000213623047","","","","","",""
"11725","","","","","","","","","","","","","","","","","","","88.87999725341797","88.87999725341797","88.87999725341797","","",""
"11732","","","","","","","","","","","","","","","","","","","88.87999725341797","88.87999725341797","88.87999725341797","","",""
"11842","90.45499801635742","89.37999725341797","91.52999877929688","","","","","","","","","","","","","","","","","","","","",""
"11843","89.83999633789062","89.83999633789062","89.83999633789062","","","","","","","","","","","","","","","","","","","","",""
"11852","","","","","","","","","","","","","","","","","","","","","","87.16999816894531","87.16999816894531","87.16999816894531"
"11863","","","","","","","","","","","","","","","","","","","86.55999755859375","86.55999755859375","86.55999755859375","","",""
"11870","","","","","","","","","","","","","","","","","","","86.55999755859375","86.55999755859375","86.55999755859375","","",""
"11926","","","","","","","","","","","","","","","","89.70999908447266","89.70999908447266","89.70999908447266","","","","","",""
"11974","90.02000045776367","89.29000091552734","90.75","","","","","","","","","","","","","","","","","","","","",""
"11975","89.5","89.5","89.5","","","","","","","","","","","","","","","","","","","","",""
"12054","","","","","","","","","","","","","","","","","","","","","","88.52999877929688","88.52999877929688","88.52999877929688"
"12066","","","","","","","","","","","","","","","","","","","89.13999938964844","89.13999938964844","89.13999938964844","","",""
"12129","","","","","","","","","","","","","","","","87.47000122070312","87.47000122070312","87.47000122070312","","","","","",""
"12171","90.1150016784668","89.41000366210938","90.81999969482422","","","","","","","","","","","","","","","","","","","","",""
"12172","90.56999969482422","90.56999969482422","90.56999969482422","","","","","","","","","","","","","","","","","","","","",""
"12191","","","","","","","","","","","","","","","","","","","","","","88.45999908447266","88.45999908447266","88.45999908447266"
"12198","","","","","","","","","","","","","","","","","","","","","","88.19999694824219","88.19999694824219","88.19999694824219"
"12203","","","","","","","","","","","","","","","","","","","89.20999908447266","89.20999908447266","89.20999908447266","","",""
"12205","","","","","","","","","","","","","","","","","","","","","","88.19999694824219","88.19999694824219","88.19999694824219"
"12267","","","","","","","","","","","","","","","","90.5199966430664","90.5199966430664","90.5199966430664","","","","","",""
"12271","","","","","","","","","","","","","","","","","","","","","","88.3499984741211","88.3499984741211","88.3499984741211"
"12303","89.93000030517578","89.33000183105469","90.52999877929688","","","","","","","","","","","","","","","","","","","","",""
"12304","89.70999908447266","89.70999908447266","89.70999908447266","","","","","","","","","","","","","","","","","","","","",""
"12405","","","","","","","","","","","","","","","","","","","90.19000244140625","90.19000244140625","90.19000244140625","","",""
"12469","","","","","","","","","","","","","","","","90.80999755859375","90.80999755859375","90.80999755859375","","","","","",""
"12473","","","","","","","","","","","","","","","","","","","","","","88.01000213623047","88.01000213623047","88.01000213623047"
"12500","90.01499938964844","88.80999755859375","91.22000122070312","","","","","","","","","","","","","","","","","","","","",""
"12501","89.73999786376953","89.73999786376953","89.73999786376953","","","","","","","","","","","","","","","","","","","","",""
"12542","","","","","","","","","","","","","","","","","","","89.87000274658203","89.87000274658203","89.87000274658203","","",""
"12606","","","","","","","","","","","","","","","","90.83999633789062","90.83999633789062","90.83999633789062","","","","","",""
"12610","","","","","","","","","","","","","","","","","","","","","","87.4800033569336","87.4800033569336","87.4800033569336"
"12632","91","90.2300033569336","91.7699966430664","","","","","","","","","","","","","","","","","","","","",""
"12633","90.55000305175781","90.55000305175781","90.55000305175781","","","","","","","","","","","","","","","","","","","","",""
"12744","","","","","","","","","","","","","","","","","","","89.5999984741211","89.5999984741211","89.5999984741211","","",""
"12808","","","","","","","","","","","","","","","","90.97000122070312","90.97000122070312","90.97000122070312","","","","","",""
"12812","","","","","","","","","","","","","","","","","","","","","","88.01000213623047","88.01000213623047","88.01000213623047"
"12829","89.94999694824219","88.87999725341797","91.0199966430664","","","","","","","","","","","","","","","","","","","","",""
"12830","89.58000183105469","89.58000183105469","89.58000183105469","","","","","","","","","","","","","","","","","","","","",""
"12881","","","","","","","","","","","","","","","","","","","89.75","89.75","89.75","","",""
"12945","","","","","","","","","","","","","","","","91.47000122070312","91.47000122070312","91.47000122070312","","","","","",""
"12949","","","","","","","","","","","","","","","","","","","","","","87.55999755859375","87.55999755859375","87.55999755859375"
"12961","89.67499923706055","89.16999816894531","90.18000030517578","","","","","","","","","","","","","","","","","","","","",""
"12962","88.7699966430664","88.7699966430664","88.7699966430664","","","","","","","","","","","","","","","","","","","","",""
"13083","","","","","","","","","","","","","","","","","","","90","90","90","","",""
"13147","","","","","","","","","","","","","","","","91.6500015258789","91.6500015258789","91.6500015258789","","","","","",""
"13151","","","","","","","","","","","","","","","","","","","","","","87.88999938964844","87.88999938964844","87.88999938964844"
"13158","90.25","89.41000366210938","91.08999633789062","","","","","","","","","","","","","","","","","","","","",""
"13159","89.79000091552734","89.79000091552734","89.79000091552734","","","","","","","","","","","","","","","","","","","","",""
"13220","","","","","","","","","","","","","","","","","","","88.98999786376953","88.98999786376953","88.98999786376953","","",""
"13284","","","","","","","","","","","","","","","","92.30999755859375","92.30999755859375","92.30999755859375","","","","","",""
"13288","","","","","","","","","","","","","","","","","","","","","","89.06999969482422","89.06999969482422","89.06999969482422"
"13290","89.77000045776367","89.66000366210938","89.87999725341797","","","","","","","","","","","","","","","","","","","","",""
"13291","89.72000122070312","89.72000122070312","89.72000122070312","","","","","","","","","","","","","","","","","","","","",""
"13422","","","","","","","","","","","","","","","","","","","90.0199966430664","90.0199966430664","90.0199966430664","","",""
"13486","","","","","","","","","","","","","","","","91.70999908447266","91.70999908447266","91.70999908447266","","","","","",""
"13487","90.79500198364258","90.69000244140625","90.9000015258789","","","","","","","","","","","","","","","","","","","","",""
"13488","90.88999938964844","90.88999938964844","90.88999938964844","","","","","","","","","","","","","","","","","","","","",""
"13490","","","","","","","","","","","","","","","","","","","","","","88.1500015258789","88.1500015258789","88.1500015258789"
"13559","","","","","","","","","","","","","","","","","","","88.38999938964844","88.38999938964844","88.38999938964844","","",""
"13619","89.9900016784668","89.75","90.2300033569336","","","","","","","","","","","","","","","","","","","","",""
"13620","90.23999786376953","90.23999786376953","90.23999786376953","","","","","","","","","","","","","","","","","","","","",""
"13623","","","","","","","","","","","","","","","","90.86000061035156","90.86000061035156","90.86000061035156","","","","","",""
"13627","","","","","","","","","","","","","","","","","","","","","","87.91999816894531","87.91999816894531","87.91999816894531"
"13761","","","","","","","","","","","","","","","","","","","87.62000274658203","87.62000274658203","87.62000274658203","","",""
"13816","89.98999786376953","89.12999725341797","90.8499984741211","","","","","","","","","","","","","","","","","","","","",""
"13817","90.52999877929688","90.52999877929688","90.52999877929688","","","","","","","","","","","","","","","","","","","","",""
"13825","","","","","","","","","","","","","","","","92.44000244140625","92.44000244140625","92.44000244140625","","","","","",""
"13829","","","","","","","","","","","","","","","","","","","","","","89.51000213623047","89.51000213623047","89.51000213623047"
"13898","","","","","","","","","","","","","","","","","","","89.91999816894531","89.91999816894531","89.91999816894531","","",""
"13948","90.68500137329102","90.51000213623047","90.86000061035156","","","","","","","","","","","","","","","","","","","","",""
"13949","90.76000213623047","90.76000213623047","90.76000213623047","","","","","","","","","","","","","","","","","","","","",""
"13962","","","","","","","","","","","","","","","","91.48999786376953","91.48999786376953","91.48999786376953","","","","","",""
"13966","","","","","","","","","","","","","","","","","","","","","","88.72000122070312","88.72000122070312","88.72000122070312"
"14100","","","","","","","","","","","","","","","","","","","90.97000122070312","90.97000122070312","90.97000122070312","","",""
"14145","90.29999923706055","89.94999694824219","90.6500015258789","","","","","","","","","","","","","","","","","","","","",""
"14146","89.16999816894531","89.16999816894531","89.16999816894531","","","","","","","","","","","","","","","","","","","","",""
"14164","","","","","","","","","","","","","","","","90.86000061035156","90.86000061035156","90.86000061035156","","","","","",""
"14168","","","","","","","","","","","","","","","","","","","","","","88.86000061035156","88.86000061035156","88.86000061035156"
"14237","","","","","","","","","","","","","","","","","","","89.79000091552734","89.79000091552734","89.79000091552734","","",""
"14277","90.65999984741211","90.11000061035156","91.20999908447266","","","","","","","","","","","","","","","","","","","","",""
"14278","89.81999969482422","89.81999969482422","89.81999969482422","","","","","","","","","","","","","","","","","","","","",""
"14301","","","","","","","","","","","","","","","","92","92","92","","","","","",""
"14305","","","","","","","","","","","","","","","","","","","","","","88.2300033569336","88.2300033569336","88.2300033569336"
"14439","","","","","","","","","","","","","","","","","","","89.79000091552734","89.79000091552734","89.79000091552734","","",""
"14474","90.53999710083008","89.58999633789062","91.48999786376953","","","","","","","","","","","","","","","","","","","","",""
"14475","88.55999755859375","88.55999755859375","88.55999755859375","","","","","","","","","","","","","","","","","","","","",""
"14503","","","","","","","","","","","","","","","","90.19000244140625","90.19000244140625","90.19000244140625","","","","","",""
"14507","","","","","","","","","","","","","","","","","","","","","","89.25","89.25","89.25"
"14576","","","","","","","","","","","","","","","","","","","89.73999786376953","89.73999786376953","89.73999786376953","","",""
"14606","90.63999938964844","89.79000091552734","91.48999786376953","","","","","","","","","","","","","","","","","","","","",""
"14607","91.38999938964844","91.38999938964844","91.38999938964844","","","","","","","","","","","","","","","","","","","","",""
"14640","","","","","","","","","","","","","","","","90.6500015258789","90.6500015258789","90.6500015258789","","","","","",""
"14644","","","","","","","","","","","","","","","","","","","","","","89.37999725341797","89.37999725341797","89.37999725341797"
"14778","","","","","","","","","","","","","","","","","","","90.13999938964844","90.13999938964844","90.13999938964844","","",""
"14803","91.5199966430664","90.83999633789062","92.19999694824219","","","","","","","","","","","","","","","","","","","","",""
"14804","90.80999755859375","90.80999755859375","90.80999755859375","","","","","","","","","","","","","","","","","","","","",""
"14842","","","","","","","","","","","","","","","","92.06999969482422","92.06999969482422","92.06999969482422","","","","","",""
"14846","","","","","","","","","","","","","","","","","","","","","","90.63999938964844","90.63999938964844","90.63999938964844"
"14915","","","","","","","","","","","","","","","","","","","87.87000274658203","87.87000274658203","87.87000274658203","","",""
"14935","90.94000244140625","90.51000213623047","91.37000274658203","","","","","","","","","","","","","","","","","","","","",""
"14936","92.62999725341797","92.62999725341797","92.62999725341797","","","","","","","","","","","","","","","","","","","","",""
"14979","","","","","","","","","","","","","","","","90.44999694824219","90.44999694824219","90.44999694824219","","","","","",""
"14983","","","","","","","","","","","","","","","","","","","","","","90.83999633789062","90.83999633789062","90.83999633789062"
"15117","","","","","","","","","","","","","","","","","","","89.05000305175781","89.05000305175781","89.05000305175781","","",""
"15132","90","88.83999633789062","91.16000366210938","","","","","","","","","","","","","","","","","","","","",""
"15133","90.19999694824219","90.19999694824219","90.19999694824219","","","","","","","","","","","","","","","","","","","","",""
"15181","","","","","","","","","","","","","","","","91.38999938964844","91.38999938964844","91.38999938964844","","","","","",""
"15185","","","","","","","","","","","","","","","","","","","","","","89.81999969482422","89.81999969482422","89.81999969482422"
"15192","","","","","","","","","","","","","","","","","","","","","","89.81999969482422","89.81999969482422","89.81999969482422"
"15254","","","","","","","","","","","","","","","","","","","90.11000061035156","90.11000061035156","90.11000061035156","","",""
"15264","91.29500198364258","91.08000183105469","91.51000213623047","","","","","","","","","","","","","","","","","","","","",""
"15265","90.80999755859375","90.80999755859375","90.80999755859375","","","","","","","","","","","","","","","","","","","","",""
"15318","","","","","","","","","","","","","","","","91.66000366210938","91.66000366210938","91.66000366210938","","","","","",""
"15388","","","","","","","","","","","","","","","","","","","","","","90.80000305175781","90.80000305175781","90.80000305175781"
"15456","","","","","","","","","","","","","","","","","","","88","88","88","","",""
"15461","90.05500030517578","89.01000213623047","91.0999984741211","","","","","","","","","","","","","","","","","","","","",""
"15462","90.2699966430664","90.2699966430664","90.2699966430664","","","","","","","","","","","","","","","","","","","","",""
"15463","","","","","","","","","","","","","","","","","","","88","88","88","","",""
"15520","","","","","","","","","","","","","","","","91.66999816894531","91.66999816894531","91.66999816894531","","","","","",""
"15525","","","","","","","","","","","","","","","","","","","","","","91.19999694824219","91.19999694824219","91.19999694824219"
"15529","","","","","","","","","","","","","","","","","","","83.72000122070312","83.72000122070312","83.72000122070312","","",""
"15593","90.21500015258789","90.02999877929688","90.4000015258789","","","","","","","","","","","","","","","","","","","","",""
"15594","90.47000122070312","90.47000122070312","90.47000122070312","","","","","","","","","","","","","","","","","","","","",""
"15657","","","","","","","","","","","","","","","","90.87999725341797","90.87999725341797","90.87999725341797","","","","","",""
"15666","","","","","","","","","","","","","","","","","","","89.87000274658203","89.87000274658203","89.87000274658203","","",""
"15727","","","","","","","","","","","","","","","","","","","","","","89.5999984741211","89.5999984741211","89.5999984741211"
"15790","90.23500061035156","89.01000213623047","91.45999908447266","","","","","","","","","","","","","","","","","","","","",""
"15791","90.63999938964844","90.63999938964844","90.63999938964844","","","","","","","","","","","","","","","","","","","","",""
"15859","","","","","","","","","","","","","","","","91.81999969482422","91.81999969482422","91.81999969482422","","","","","",""
"15864","","","","","","","","","","","","","","","","","","","","","","90.0999984741211","90.0999984741211","90.0999984741211"
"15868","","","","","","","","","","","","","","","","","","","90.19999694824219","90.19999694824219","90.19999694824219","","",""
"15922","90.45999908447266","90.0999984741211","90.81999969482422","","","","","","","","","","","","","","","","","","","","",""
"15923","90.0999984741211","90.0999984741211","90.0999984741211","","","","","","","","","","","","","","","","","","","","",""
"15925","90.0999984741211","90.0999984741211","90.0999984741211","","","","","","","","","","","","","","","","","","","","",""
"15996","","","","","","","","","","","","","","","","91.13999938964844","91.13999938964844","91.13999938964844","","","","","",""
"16005","","","","","","","","","","","","","","","","","","","89.33999633789062","89.33999633789062","89.33999633789062","","",""
"16066","","","","","","","","","","","","","","","","","","","","","","88.69999694824219","88.69999694824219","88.69999694824219"
"16119","90.2750015258789","89.87000274658203","90.68000030517578","","","","","","","","","","","","","","","","","","","","",""
"16121","90.68000030517578","90.68000030517578","90.68000030517578","","","","","","","","","","","","","","","","","","","","",""
"16198","","","","","","","","","","","","","","","","91.36000061035156","91.36000061035156","91.36000061035156","","","","","",""
"16203","","","","","","","","","","","","","","","","","","","","","","88.68000030517578","88.68000030517578","88.68000030517578"
"16207","","","","","","","","","","","","","","","","","","","89.56999969482422","89.56999969482422","89.56999969482422","","",""
"16251","91.08000183105469","91.08000183105469","91.08000183105469","","","","","","","","","","","","","","","","","","","","",""
"16335","","","","","","","","","","","","","","","","92","92","92","","","","","",""
"16344","","","","","","","","","","","","","","","","","","","90.77999877929688","90.77999877929688","90.77999877929688","","",""
"16405","","","","","","","","","","","","","","","","","","","","","","89.72000122070312","89.72000122070312","89.72000122070312"
"16448","91.58999633789062","91.58999633789062","91.58999633789062","","","","","","","","","","","","","","","","","","","","",""
"16537","","","","","","","","","","","","","","","","92.43000030517578","92.43000030517578","92.43000030517578","","","","","",""
"16542","","","","","","","","","","","","","","","","","","","","","","89.44999694824219","89.44999694824219","89.44999694824219"
"16546","","","","","","","","","","","","","","","","","","","90.93000030517578","90.93000030517578","90.93000030517578","","",""
"16580","91.13999938964844","91.13999938964844","91.13999938964844","","","","","","","","","","","","","","","","","","","","",""
"16674","","","","","","","","","","","","","","","","90.75","90.75","90.75","","","","","",""
"16683","","","","","","","","","","","","","","","","","","","88.3499984741211","88.3499984741211","88.3499984741211","","",""
"16744","","","","","","","","","","","","","","","","","","","","","","90.0999984741211","90.0999984741211","90.0999984741211"
"16777","90.7300033569336","90.7300033569336","90.7300033569336","","","","","","","","","","","","","","","","","","","","",""
"16876","","","","","","","","","","","","","","","","91.80999755859375","91.80999755859375","91.80999755859375","","","","","",""
"16881","","","","","","","","","","","","","","","","","","","","","","88.20999908447266","88.20999908447266","88.20999908447266"
"16885","","","","","","","","","","","","","","","","","","","88.5999984741211","88.5999984741211","88.5999984741211","","",""
"16888","","","","","","","","","","","","","","","","","","","","","","88.20999908447266","88.20999908447266","88.20999908447266"
"16892","","","","","","","","","","","","","","","","","","","88.5999984741211","88.5999984741211","88.5999984741211","","",""
"16909","90.31999969482422","90.31999969482422","90.31999969482422","","","","","","","","","","","","","","","","","","","","",""
"17013","","","","","","","","","","","","","","","","91.48999786376953","91.48999786376953","91.48999786376953","","","","","",""
"17106","90.68000030517578","90.68000030517578","90.68000030517578","","","","","","","","","","","","","","","","","","","","",""
"17215","","","","","","","","","","","","","","","","91.47000122070312","91.47000122070312","91.47000122070312","","","","","",""
"17238","91.62999725341797","91.62999725341797","91.62999725341797","","","","","","","","","","","","","","","","","","","","",""
"17352","","","","","","","","","","","","","","","","89.01000213623047","89.01000213623047","89.01000213623047","","","","","",""
"17435","90.7699966430664","90.7699966430664","90.7699966430664","","","","","","","","","","","","","","","","","","","","",""
"17554","","","","","","","","","","","","","","","","91.69000244140625","91.69000244140625","91.69000244140625","","","","","",""
"17567","90.75","90.75","90.75","","","","","","","","","","","","","","","","","","","","",""
"17691","","","","","","","","","","","","","","","","91.5","91.5","91.5","","","","","",""
"17764","90.75","90.75","90.75","","","","","","","","","","","","","","","","","","","","",""
"17893","","","","","","","","","","","","","","","","91.01000213623047","91.01000213623047","91.01000213623047","","","","","",""
"17896","91.38999938964844","91.38999938964844","91.38999938964844","","","","","","","","","","","","","","","","","","","","",""
"18030","","","","","","","","","","","","","","","","90.55999755859375","90.55999755859375","90.55999755859375","","","","","",""
"18093","91","91","91","","","","","","","","","","","","","","","","","","","","",""
"18225","90.48999786376953","90.48999786376953","90.48999786376953","","","","","","","","","","","","","","","","","","","","",""
"18422","91.81999969482422","91.81999969482422","91.81999969482422","","","","","","","","","","","","","","","","","","","","",""
"18554","90.25","90.25","90.25","","","","","","","","","","","","","","","","","","","","",""
"18751","90.4800033569336","90.4800033569336","90.4800033569336","","","","","","","","","","","","","","","","","","","","",""
"18883","91.30000305175781","91.30000305175781","91.30000305175781","","","","","","","","","","","","","","","","","","","","",""
"19080","91.66999816894531","91.66999816894531","91.66999816894531","","","","","","","","","","","","","","","","","","","","",""
"19212","90.91999816894531","90.91999816894531","90.91999816894531","","","","","","","","","","","","","","","","","","","","",""
"19409","89.9800033569336","89.9800033569336","89.9800033569336","","","","","","","","","","","","","","","","","","","","",""
"19541","89.81999969482422","89.81999969482422","89.81999969482422","","","","","","","","","","","","","","","","","","","","",""
"19738","91.29000091552734","91.29000091552734","91.29000091552734","","","","","","","","","","","","","","","","","","","","",""
"19870","91.08000183105469","91.08000183105469","91.08000183105469","","","","","","","","","","","","","","","","","","","","",""
"20067","91.87000274658203","91.87000274658203","91.87000274658203","","","","","","","","","","","","","","","","","","","","",""
"20199","90","90","90","","","","","","","","","","","","","","","","","","","","",""
"20396","89.2300033569336","89.2300033569336","89.2300033569336","","","","","","","","","","","","","","","","","","","","",""
"20528","90.55000305175781","90.55000305175781","90.55000305175781","","","","","","","","","","","","","","","","","","","","",""
"20725","90.4800033569336","90.4800033569336","90.4800033569336","","","","","","","","","","","","","","","","","","","","",""
"20857","90.31999969482422","90.31999969482422","90.31999969482422","","","","","","","","","","","","","","","","","","","","",""
"21054","89.70999908447266","89.70999908447266","89.70999908447266","","","","","","","","","","","","","","","","","","","","",""
"21186","90.2699966430664","90.2699966430664","90.2699966430664","","","","","","","","","","","","","","","","","","","","",""
"21383","89.62000274658203","89.62000274658203","89.62000274658203","","","","","","","","","","","","","","","","","","","","",""
"21515","90.13999938964844","90.13999938964844","90.13999938964844","","","","","","","","","","","","","","","","","","","","",""
"21712","89.86000061035156","89.86000061035156","89.86000061035156","","","","","","","","","","","","","","","","","","","","",""
"21844","89.56999969482422","89.56999969482422","89.56999969482422","","","","","","","","","","","","","","","","","","","","",""
"22041","90.19000244140625","90.19000244140625","90.19000244140625","","","","","","","","","","","","","","","","","","","","",""
"22173","91.27999877929688","91.27999877929688","91.27999877929688","","","","","","","","","","","","","","","","","","","","",""
"22370","90.55999755859375","90.55999755859375","90.55999755859375","","","","","","","","","","","","","","","","","","","","",""
"22502","90.37000274658203","90.37000274658203","90.37000274658203","","","","","","","","","","","","","","","","","","","","",""
"22699","90.11000061035156","90.11000061035156","90.11000061035156","","","","","","","","","","","","","","","","","","","","",""
"22831","89.75","89.75","89.75","","","","","","","","","","","","","","","","","","","","",""
"23028","90.19999694824219","90.19999694824219","90.19999694824219","","","","","","","","","","","","","","","","","","","","",""
"23160","90.55000305175781","90.55000305175781","90.55000305175781","","","","","","","","","","","","","","","","","","","","",""
"23357","91.62999725341797","91.62999725341797","91.62999725341797","","","","","","","","","","","","","","","","","","","","",""
"23489","90.23999786376953","90.23999786376953","90.23999786376953","","","","","","","","","","","","","","","","","","","","",""
"23686","90.27999877929688","90.27999877929688","90.27999877929688","","","","","","","","","","","","","","","","","","","","",""
"23818","91.08000183105469","91.08000183105469","91.08000183105469","","","","","","","","","","","","","","","","","","","","",""