"Step","Group: text10-vision0 - evaluation/blimp/filler_gap","Group: text10-vision0 - evaluation/blimp/filler_gap__MIN","Group: text10-vision0 - evaluation/blimp/filler_gap__MAX","Group: text1-vision0 - evaluation/blimp/filler_gap","Group: text1-vision0 - evaluation/blimp/filler_gap__MIN","Group: text1-vision0 - evaluation/blimp/filler_gap__MAX","Group: text1-vision100 - evaluation/blimp/filler_gap","Group: text1-vision100 - evaluation/blimp/filler_gap__MIN","Group: text1-vision100 - evaluation/blimp/filler_gap__MAX","Group: text1-vision10 - evaluation/blimp/filler_gap","Group: text1-vision10 - evaluation/blimp/filler_gap__MIN","Group: text1-vision10 - evaluation/blimp/filler_gap__MAX","Group: text1-vision1 - evaluation/blimp/filler_gap","Group: text1-vision1 - evaluation/blimp/filler_gap__MIN","Group: text1-vision1 - evaluation/blimp/filler_gap__MAX","Group: text10-vision1 - evaluation/blimp/filler_gap","Group: text10-vision1 - evaluation/blimp/filler_gap__MIN","Group: text10-vision1 - evaluation/blimp/filler_gap__MAX","Group: text10-vision10 - evaluation/blimp/filler_gap","Group: text10-vision10 - evaluation/blimp/filler_gap__MIN","Group: text10-vision10 - evaluation/blimp/filler_gap__MAX","Group: text10-vision100 - evaluation/blimp/filler_gap","Group: text10-vision100 - evaluation/blimp/filler_gap__MIN","Group: text10-vision100 - evaluation/blimp/filler_gap__MAX"
"130","51.314998626708984","50.869998931884766","51.7599983215332","54.69499969482422","43.08000183105469","66.30999755859375","70.58999633789062","70.58999633789062","70.58999633789062","70.76000213623047","70.76000213623047","70.76000213623047","39.70000076293945","39.70000076293945","39.70000076293945","49.86000061035156","49.86000061035156","49.86000061035156","","","","","",""
"131","41.61000061035156","41.61000061035156","41.61000061035156","","","","","","","","","","","","","","","","47.459999084472656","47.459999084472656","47.459999084472656","46.650001525878906","46.650001525878906","46.650001525878906"
"327","63.51999855041504","57.59000015258789","69.44999694824219","70.34500122070312","69.7300033569336","70.95999908447266","","","","","","","","","","","","","","","","","",""
"328","67.94000244140625","67.94000244140625","67.94000244140625","","","","","","","","","","","","","","","","","","","","",""
"332","","","","","","","71.04000091552734","71.04000091552734","71.04000091552734","71.05999755859375","71.05999755859375","71.05999755859375","71.04000091552734","71.04000091552734","71.04000091552734","71.05999755859375","71.05999755859375","71.05999755859375","","","","","",""
"333","","","","","","","","","","","","","","","","","","","71.0199966430664","71.0199966430664","71.0199966430664","71.05999755859375","71.05999755859375","71.05999755859375"
"459","70.875","70.7300033569336","71.0199966430664","70.57499694824219","70.44999694824219","70.69999694824219","","","","","","","","","","","","","","","","","",""
"460","70.5999984741211","70.5999984741211","70.5999984741211","","","","","","","","","","","","","","","","","","","","",""
"469","","","","","","","70.91999816894531","70.91999816894531","70.91999816894531","69.52999877929688","69.52999877929688","69.52999877929688","65.4800033569336","65.4800033569336","65.4800033569336","56.86000061035156","56.86000061035156","56.86000061035156","","","","","",""
"470","","","","","","","","","","","","","","","","","","","71.04000091552734","71.04000091552734","71.04000091552734","71.04000091552734","71.04000091552734","71.04000091552734"
"656","70.29499816894531","69.88999938964844","70.69999694824219","67.39500045776367","67.16000366210938","67.62999725341797","","","","","","","","","","","","","","","","","",""
"657","66.2300033569336","66.2300033569336","66.2300033569336","","","","","","","","","","","","","","","","","","","","",""
"671","","","","","","","62.560001373291016","62.560001373291016","62.560001373291016","65.37999725341797","65.37999725341797","65.37999725341797","58.41999816894531","58.41999816894531","58.41999816894531","63.119998931884766","63.119998931884766","63.119998931884766","","","","","",""
"672","","","","","","","","","","","","","","","","","","","64.98999786376953","64.98999786376953","64.98999786376953","62.68000030517578","62.68000030517578","62.68000030517578"
"788","67.79500198364258","66.62000274658203","68.97000122070312","68.40499877929688","67.72000122070312","69.08999633789062","","","","","","","","","","","","","","","","","",""
"789","68.30000305175781","68.30000305175781","68.30000305175781","","","","","","","","","","","","","","","","","","","","",""
"808","","","","","","","65.58000183105469","65.58000183105469","65.58000183105469","66.11000061035156","66.11000061035156","66.11000061035156","69","69","69","69.37000274658203","69.37000274658203","69.37000274658203","","","","","",""
"809","","","","","","","","","","","","","","","","","","","60.68000030517578","60.68000030517578","60.68000030517578","66.66999816894531","66.66999816894531","66.66999816894531"
"985","67.77499771118164","67.05999755859375","68.48999786376953","68.53499984741211","67.56999969482422","69.5","","","","","","","","","","","","","","","","","",""
"986","67.68000030517578","67.68000030517578","67.68000030517578","","","","","","","","","","","","","","","","","","","","",""
"1010","","","","","","","68.06999969482422","68.06999969482422","68.06999969482422","69.16000366210938","69.16000366210938","69.16000366210938","69.87000274658203","69.87000274658203","69.87000274658203","69.12999725341797","69.12999725341797","69.12999725341797","","","","","",""
"1011","","","","","","","","","","","","","","","","","","","66.52999877929688","66.52999877929688","66.52999877929688","69.36000061035156","69.36000061035156","69.36000061035156"
"1117","64.86000061035156","63.540000915527344","66.18000030517578","67.00500106811523","66.04000091552734","67.97000122070312","","","","","","","","","","","","","","","","","",""
"1118","66.68000030517578","66.68000030517578","66.68000030517578","","","","","","","","","","","","","","","","","","","","",""
"1147","","","","","","","67.04000091552734","67.04000091552734","67.04000091552734","68.86000061035156","68.86000061035156","68.86000061035156","68.33000183105469","68.33000183105469","68.33000183105469","65.12999725341797","65.12999725341797","65.12999725341797","","","","","",""
"1148","","","","","","","","","","","","","","","","","","","67.23999786376953","67.23999786376953","67.23999786376953","67.76000213623047","67.76000213623047","67.76000213623047"
"1314","65.92499923706055","64.72000122070312","67.12999725341797","66.8650016784668","65.30000305175781","68.43000030517578","","","","","","","","","","","","","","","","","",""
"1315","64.91999816894531","64.91999816894531","64.91999816894531","","","","","","","","","","","","","","","","","","","","",""
"1349","","","","","","","64.7699966430664","64.7699966430664","64.7699966430664","66.7300033569336","66.7300033569336","66.7300033569336","67.23999786376953","67.23999786376953","67.23999786376953","62.84000015258789","62.84000015258789","62.84000015258789","","","","","",""
"1350","","","","","","","","","","","","","","","","","","","68.0999984741211","68.0999984741211","68.0999984741211","66.31999969482422","66.31999969482422","66.31999969482422"
"1446","63.10500144958496","61.65999984741211","64.55000305175781","64.6049976348877","63.689998626708984","65.5199966430664","","","","","","","","","","","","","","","","","",""
"1447","63.45000076293945","63.45000076293945","63.45000076293945","","","","","","","","","","","","","","","","","","","","",""
"1486","","","","","","","63.52000045776367","63.52000045776367","63.52000045776367","65.11000061035156","65.11000061035156","65.11000061035156","63.27000045776367","63.27000045776367","63.27000045776367","67.16000366210938","67.16000366210938","67.16000366210938","","","","","",""
"1487","","","","","","","","","","","","","","","","","","","65.19000244140625","65.19000244140625","65.19000244140625","64.80000305175781","64.80000305175781","64.80000305175781"
"1643","62.44000053405762","61.08000183105469","63.79999923706055","64.80500030517578","64.58000183105469","65.02999877929688","","","","","","","","","","","","","","","","","",""
"1644","64.66999816894531","64.66999816894531","64.66999816894531","","","","","","","","","","","","","","","","","","","","",""
"1688","","","","","","","64.52999877929688","64.52999877929688","64.52999877929688","63.029998779296875","63.029998779296875","63.029998779296875","66.4000015258789","66.4000015258789","66.4000015258789","66.44999694824219","66.44999694824219","66.44999694824219","","","","","",""
"1689","","","","","","","","","","","","","","","","","","","64.56999969482422","64.56999969482422","64.56999969482422","63.2599983215332","63.2599983215332","63.2599983215332"
"1775","64.64999771118164","64.3499984741211","64.94999694824219","65.69499969482422","65.33000183105469","66.05999755859375","","","","","","","","","","","","","","","","","",""
"1776","65.83000183105469","65.83000183105469","65.83000183105469","","","","","","","","","","","","","","","","","","","","",""
"1825","","","","","","","66.52999877929688","66.52999877929688","66.52999877929688","64.08000183105469","64.08000183105469","64.08000183105469","67.05999755859375","67.05999755859375","67.05999755859375","65.86000061035156","65.86000061035156","65.86000061035156","","","","","",""
"1826","","","","","","","","","","","","","","","","","","","63.790000915527344","63.790000915527344","63.790000915527344","65.38999938964844","65.38999938964844","65.38999938964844"
"1972","64.8499984741211","64.63999938964844","65.05999755859375","65.43000030517578","65.05000305175781","65.80999755859375","","","","","","","","","","","","","","","","","",""
"1973","64.58000183105469","64.58000183105469","64.58000183105469","","","","","","","","","","","","","","","","","","","","",""
"2027","","","","","","","66.1500015258789","66.1500015258789","66.1500015258789","65.5199966430664","65.5199966430664","65.5199966430664","67.58000183105469","67.58000183105469","67.58000183105469","66.93000030517578","66.93000030517578","66.93000030517578","","","","","",""
"2028","","","","","","","","","","","","","","","","","","","65.37999725341797","65.37999725341797","65.37999725341797","65.7300033569336","65.7300033569336","65.7300033569336"
"2104","65.9000015258789","65.62000274658203","66.18000030517578","64.30999946594238","63.90999984741211","64.70999908447266","","","","","","","","","","","","","","","","","",""
"2105","64.16000366210938","64.16000366210938","64.16000366210938","","","","","","","","","","","","","","","","","","","","",""
"2164","","","","","","","67.05999755859375","67.05999755859375","67.05999755859375","65.2300033569336","65.2300033569336","65.2300033569336","66.81999969482422","66.81999969482422","66.81999969482422","66.08000183105469","66.08000183105469","66.08000183105469","","","","","",""
"2165","","","","","","","","","","","","","","","","","","","65.87000274658203","65.87000274658203","65.87000274658203","65.62000274658203","65.62000274658203","65.62000274658203"
"2301","65.2249984741211","65.08999633789062","65.36000061035156","63.8799991607666","63.81999969482422","63.939998626708984","","","","","","","","","","","","","","","","","",""
"2302","64.75","64.75","64.75","","","","","","","","","","","","","","","","","","","","",""
"2366","","","","","","","66.30999755859375","66.30999755859375","66.30999755859375","65.08999633789062","65.08999633789062","65.08999633789062","67.18000030517578","67.18000030517578","67.18000030517578","65.66000366210938","65.66000366210938","65.66000366210938","","","","","",""
"2367","","","","","","","","","","","","","","","","","","","67.1500015258789","67.1500015258789","67.1500015258789","66.79000091552734","66.79000091552734","66.79000091552734"
"2433","64.98500061035156","64.80999755859375","65.16000366210938","63.920000076293945","63.79999923706055","64.04000091552734","","","","","","","","","","","","","","","","","",""
"2434","64.77999877929688","64.77999877929688","64.77999877929688","","","","","","","","","","","","","","","","","","","","",""
"2503","","","","","","","65.30999755859375","65.30999755859375","65.30999755859375","63.65999984741211","63.65999984741211","63.65999984741211","67.93000030517578","67.93000030517578","67.93000030517578","66.13999938964844","66.13999938964844","66.13999938964844","","","","","",""
"2504","","","","","","","","","","","","","","","","","","","65.94000244140625","65.94000244140625","65.94000244140625","65.66000366210938","65.66000366210938","65.66000366210938"
"2630","64.625","64.44000244140625","64.80999755859375","64.19499969482422","63.790000915527344","64.5999984741211","","","","","","","","","","","","","","","","","",""
"2631","63.540000915527344","63.540000915527344","63.540000915527344","","","","","","","","","","","","","","","","","","","","",""
"2705","","","","","","","67.05999755859375","67.05999755859375","67.05999755859375","65.27999877929688","65.27999877929688","65.27999877929688","67.68000030517578","67.68000030517578","67.68000030517578","65.2699966430664","65.2699966430664","65.2699966430664","","","","","",""
"2706","","","","","","","","","","","","","","","","","","","65.05000305175781","65.05000305175781","65.05000305175781","65.69999694824219","65.69999694824219","65.69999694824219"
"2762","64.83000183105469","63.970001220703125","65.69000244140625","63.19499969482422","62.709999084472656","63.68000030517578","","","","","","","","","","","","","","","","","",""
"2763","63.65999984741211","63.65999984741211","63.65999984741211","","","","","","","","","","","","","","","","","","","","",""
"2842","","","","","","","65.83999633789062","65.83999633789062","65.83999633789062","64.0999984741211","64.0999984741211","64.0999984741211","66.63999938964844","66.63999938964844","66.63999938964844","65.86000061035156","65.86000061035156","65.86000061035156","","","","","",""
"2843","","","","","","","","","","","","","","","","","","","65.12999725341797","65.12999725341797","65.12999725341797","64.48999786376953","64.48999786376953","64.48999786376953"
"2959","65.08500099182129","63.689998626708984","66.4800033569336","62.64500045776367","62.13999938964844","63.150001525878906","","","","","","","","","","","","","","","","","",""
"2960","63.970001220703125","63.970001220703125","63.970001220703125","","","","","","","","","","","","","","","","","","","","",""
"3044","","","","","","","65.13999938964844","65.13999938964844","65.13999938964844","63.2400016784668","63.2400016784668","63.2400016784668","66.5999984741211","66.5999984741211","66.5999984741211","65.83000183105469","65.83000183105469","65.83000183105469","","","","","",""
"3045","","","","","","","","","","","","","","","","","","","63.20000076293945","63.20000076293945","63.20000076293945","64.91999816894531","64.91999816894531","64.91999816894531"
"3091","64.84500122070312","64.19000244140625","65.5","64.60499954223633","64.0199966430664","65.19000244140625","","","","","","","","","","","","","","","","","",""
"3092","63.45000076293945","63.45000076293945","63.45000076293945","","","","","","","","","","","","","","","","","","","","",""
"3181","","","","","","","63.18000030517578","63.18000030517578","63.18000030517578","64.48999786376953","64.48999786376953","64.48999786376953","66.43000030517578","66.43000030517578","66.43000030517578","64.29000091552734","64.29000091552734","64.29000091552734","","","","","",""
"3182","","","","","","","","","","","","","","","","","","","64.22000122070312","64.22000122070312","64.22000122070312","66.2300033569336","66.2300033569336","66.2300033569336"
"3288","64.44999885559082","63.77000045776367","65.12999725341797","62.73499870300293","62.119998931884766","63.349998474121094","","","","","","","","","","","","","","","","","",""
"3289","63.0099983215332","63.0099983215332","63.0099983215332","","","","","","","","","","","","","","","","","","","","",""
"3383","","","","","","","65.38999938964844","65.38999938964844","65.38999938964844","62.529998779296875","62.529998779296875","62.529998779296875","65.05999755859375","65.05999755859375","65.05999755859375","65.47000122070312","65.47000122070312","65.47000122070312","","","","","",""
"3384","","","","","","","","","","","","","","","","","","","63.209999084472656","63.209999084472656","63.209999084472656","65.05000305175781","65.05000305175781","65.05000305175781"
"3420","64.29000091552734","63.349998474121094","65.2300033569336","63.329999923706055","62.310001373291016","64.3499984741211","","","","","","","","","","","","","","","","","",""
"3421","64.69000244140625","64.69000244140625","64.69000244140625","","","","","","","","","","","","","","","","","","","","",""
"3520","","","","","","","65.77999877929688","65.77999877929688","65.77999877929688","64.5","64.5","64.5","66.5999984741211","66.5999984741211","66.5999984741211","64.66000366210938","64.66000366210938","64.66000366210938","","","","","",""
"3521","","","","","","","","","","","","","","","","","","","64.3499984741211","64.3499984741211","64.3499984741211","63.72999954223633","63.72999954223633","63.72999954223633"
"3617","63.38999938964844","61.900001525878906","64.87999725341797","63.385000228881836","62.7599983215332","64.01000213623047","","","","","","","","","","","","","","","","","",""
"3618","63.22999954223633","63.22999954223633","63.22999954223633","","","","","","","","","","","","","","","","","","","","",""
"3722","","","","","","","65.91999816894531","65.91999816894531","65.91999816894531","62.20000076293945","62.20000076293945","62.20000076293945","65.83000183105469","65.83000183105469","65.83000183105469","63.459999084472656","63.459999084472656","63.459999084472656","","","","","",""
"3723","","","","","","","","","","","","","","","","","","","61.380001068115234","61.380001068115234","61.380001068115234","64.16000366210938","64.16000366210938","64.16000366210938"
"3749","63.87500190734863","63.310001373291016","64.44000244140625","63.06500053405762","61.79999923706055","64.33000183105469","","","","","","","","","","","","","","","","","",""
"3750","61.939998626708984","61.939998626708984","61.939998626708984","","","","","","","","","","","","","","","","","","","","",""
"3859","","","","","","","63.540000915527344","63.540000915527344","63.540000915527344","62.88999938964844","62.88999938964844","62.88999938964844","65.91999816894531","65.91999816894531","65.91999816894531","62.369998931884766","62.369998931884766","62.369998931884766","","","","","",""
"3860","","","","","","","","","","","","","","","","","","","64.25","64.25","64.25","65.05000305175781","65.05000305175781","65.05000305175781"
"3946","62.58999824523926","62.0099983215332","63.16999816894531","62.579999923706055","61.5","63.65999984741211","","","","","","","","","","","","","","","","","",""
"3947","62.18000030517578","62.18000030517578","62.18000030517578","","","","","","","","","","","","","","","","","","","","",""
"4061","","","","","","","64.18000030517578","64.18000030517578","64.18000030517578","62.95000076293945","62.95000076293945","62.95000076293945","65.55999755859375","65.55999755859375","65.55999755859375","62.540000915527344","62.540000915527344","62.540000915527344","","","","","",""
"4062","","","","","","","","","","","","","","","","","","","62.61000061035156","62.61000061035156","62.61000061035156","62.7599983215332","62.7599983215332","62.7599983215332"
"4078","63.35000038146973","62.93000030517578","63.77000045776367","61.58500099182129","60.52000045776367","62.650001525878906","","","","","","","","","","","","","","","","","",""
"4079","61.310001373291016","61.310001373291016","61.310001373291016","","","","","","","","","","","","","","","","","","","","",""
"4198","","","","","","","64.98999786376953","64.98999786376953","64.98999786376953","63.119998931884766","63.119998931884766","63.119998931884766","65.76000213623047","65.76000213623047","65.76000213623047","62.61000061035156","62.61000061035156","62.61000061035156","","","","","",""
"4199","","","","","","","","","","","","","","","","","","","62.459999084472656","62.459999084472656","62.459999084472656","64.44000244140625","64.44000244140625","64.44000244140625"
"4275","63.19000053405762","62.900001525878906","63.47999954223633","61.584999084472656","60.599998474121094","62.56999969482422","","","","","","","","","","","","","","","","","",""
"4276","61.029998779296875","61.029998779296875","61.029998779296875","","","","","","","","","","","","","","","","","","","","",""
"4400","","","","","","","65.30000305175781","65.30000305175781","65.30000305175781","63.689998626708984","63.689998626708984","63.689998626708984","64.86000061035156","64.86000061035156","64.86000061035156","63.459999084472656","63.459999084472656","63.459999084472656","","","","","",""
"4401","","","","","","","","","","","","","","","","","","","63.27000045776367","63.27000045776367","63.27000045776367","61.88999938964844","61.88999938964844","61.88999938964844"
"4407","62.959999084472656","62.75","63.16999816894531","61.39999961853027","60.90999984741211","61.88999938964844","","","","","","","","","","","","","","","","","",""
"4408","60.9900016784668","60.9900016784668","60.9900016784668","","","","","","","","","","","","","","","","","","","","",""
"4537","","","","","","","65.08000183105469","65.08000183105469","65.08000183105469","63.060001373291016","63.060001373291016","63.060001373291016","","","","62.38999938964844","62.38999938964844","62.38999938964844","","","","","",""
"4538","","","","","","","","","","","","","","","","","","","61.560001373291016","61.560001373291016","61.560001373291016","62.11000061035156","62.11000061035156","62.11000061035156"
"4604","63.27499961853027","62.7599983215332","63.790000915527344","60.510000228881836","59.52000045776367","61.5","","","","","","","","","","","","","","","","","",""
"4605","61.5","61.5","61.5","","","","","","","","","","","","","","","","","","","","",""
"4668","","","","","","","","","","","","","65.47000122070312","65.47000122070312","65.47000122070312","","","","","","","","",""
"4736","62.9950008392334","62.560001373291016","63.43000030517578","61.25","59.849998474121094","62.650001525878906","","","","","","","","","","","","","","","","","",""
"4737","61.54999923706055","61.54999923706055","61.54999923706055","","","","","","","","","","","","","","","","","","","","",""
"4739","","","","","","","64.52999877929688","64.52999877929688","64.52999877929688","62.869998931884766","62.869998931884766","62.869998931884766","","","","61.33000183105469","61.33000183105469","61.33000183105469","","","","","",""
"4740","","","","","","","","","","","","","","","","","","","62.529998779296875","62.529998779296875","62.529998779296875","63.27000045776367","63.27000045776367","63.27000045776367"
"4870","","","","","","","","","","","","","65.16000366210938","65.16000366210938","65.16000366210938","","","","","","","","",""
"4876","","","","","","","65.88999938964844","65.88999938964844","65.88999938964844","61.27000045776367","61.27000045776367","61.27000045776367","","","","62.25","62.25","62.25","","","","","",""
"4877","","","","","","","","","","","","","","","","","","","62.810001373291016","62.810001373291016","62.810001373291016","63.290000915527344","63.290000915527344","63.290000915527344"
"4933","62.454999923706055","61.900001525878906","63.0099983215332","60.43000030517578","60.150001525878906","60.709999084472656","","","","","","","","","","","","","","","","","",""
"4934","61.16999816894531","61.16999816894531","61.16999816894531","","","","","","","","","","","","","","","","","","","","",""
"5007","","","","","","","","","","","","","64.16000366210938","64.16000366210938","64.16000366210938","","","","","","","","",""
"5065","62.42499923706055","61.84000015258789","63.0099983215332","61.40999984741211","60.18000030517578","62.63999938964844","","","","","","","","","","","","","","","","","",""
"5066","61.13999938964844","61.13999938964844","61.13999938964844","","","","","","","","","","","","","","","","","","","","",""
"5078","","","","","","","64.0999984741211","64.0999984741211","64.0999984741211","61.869998931884766","61.869998931884766","61.869998931884766","","","","62.310001373291016","62.310001373291016","62.310001373291016","","","","","",""
"5079","","","","","","","","","","","","","","","","","","","61.689998626708984","61.689998626708984","61.689998626708984","62.869998931884766","62.869998931884766","62.869998931884766"
"5209","","","","","","","","","","","","","65.22000122070312","65.22000122070312","65.22000122070312","","","","","","","","",""
"5215","","","","","","","63.150001525878906","63.150001525878906","63.150001525878906","62.790000915527344","62.790000915527344","62.790000915527344","","","","62.88999938964844","62.88999938964844","62.88999938964844","","","","","",""
"5216","","","","","","","","","","","","","","","","","","","62.45000076293945","62.45000076293945","62.45000076293945","63.56999969482422","63.56999969482422","63.56999969482422"
"5262","62.239999771118164","61.86000061035156","62.619998931884766","60.96999931335449","59.689998626708984","62.25","","","","","","","","","","","","","","","","","",""
"5263","62.040000915527344","62.040000915527344","62.040000915527344","","","","","","","","","","","","","","","","","","","","",""
"5264","","","","62.25","62.25","62.25","","","","","","","","","","","","","","","","","",""
"5346","","","","","","","","","","","","","64.04000091552734","64.04000091552734","64.04000091552734","","","","","","","","",""
"5394","61.55999946594238","61.279998779296875","61.84000015258789","60.29999923706055","60.29999923706055","60.29999923706055","","","","","","","","","","","","","","","","","",""
"5395","61.02000045776367","61.02000045776367","61.02000045776367","","","","","","","","","","","","","","","","","","","","",""
"5417","","","","","","","62.5","62.5","62.5","62.779998779296875","62.779998779296875","62.779998779296875","","","","62.810001373291016","62.810001373291016","62.810001373291016","","","","","",""
"5418","","","","","","","","","","","","","","","","","","","61.189998626708984","61.189998626708984","61.189998626708984","61.88999938964844","61.88999938964844","61.88999938964844"
"5548","","","","","","","","","","","","","65.08000183105469","65.08000183105469","65.08000183105469","","","","","","","","",""
"5554","","","","","","","63.0099983215332","63.0099983215332","63.0099983215332","61.439998626708984","61.439998626708984","61.439998626708984","","","","62.0099983215332","62.0099983215332","62.0099983215332","","","","","",""
"5555","","","","","","","","","","","","","","","","","","","60.33000183105469","60.33000183105469","60.33000183105469","62.290000915527344","62.290000915527344","62.290000915527344"
"5591","61.47999954223633","61.27000045776367","61.689998626708984","","","","","","","","","","","","","","","","","","","","",""
"5592","59.939998626708984","59.939998626708984","59.939998626708984","","","","","","","","","","","","","","","","","","","","",""
"5685","","","","","","","","","","","","","64.80999755859375","64.80999755859375","64.80999755859375","","","","","","","","",""
"5723","61.78000068664551","61.47999954223633","62.08000183105469","","","","","","","","","","","","","","","","","","","","",""
"5724","60.540000915527344","60.540000915527344","60.540000915527344","","","","","","","","","","","","","","","","","","","","",""
"5756","","","","","","","62.5099983215332","62.5099983215332","62.5099983215332","58.650001525878906","58.650001525878906","58.650001525878906","","","","62.34000015258789","62.34000015258789","62.34000015258789","","","","","",""
"5757","","","","","","","","","","","","","","","","","","","62","62","62","62.72999954223633","62.72999954223633","62.72999954223633"
"5887","","","","","","","","","","","","","65.80000305175781","65.80000305175781","65.80000305175781","","","","","","","","",""
"5893","","","","","","","62.08000183105469","62.08000183105469","62.08000183105469","62.34000015258789","62.34000015258789","62.34000015258789","","","","59.900001525878906","59.900001525878906","59.900001525878906","","","","","",""
"5894","","","","","","","","","","","","","","","","","","","60.209999084472656","60.209999084472656","60.209999084472656","62.400001525878906","62.400001525878906","62.400001525878906"
"5920","62.09000015258789","61.63999938964844","62.540000915527344","","","","","","","","","","","","","","","","","","","","",""
"5921","60.88999938964844","60.88999938964844","60.88999938964844","","","","","","","","","","","","","","","","","","","","",""
"6024","","","","","","","","","","","","","65.86000061035156","65.86000061035156","65.86000061035156","","","","","","","","",""
"6052","61.8799991607666","61.29999923706055","62.459999084472656","","","","","","","","","","","","","","","","","","","","",""
"6053","60.5","60.5","60.5","","","","","","","","","","","","","","","","","","","","",""
"6095","","","","","","","63.83000183105469","63.83000183105469","63.83000183105469","61.84000015258789","61.84000015258789","61.84000015258789","","","","61.779998779296875","61.779998779296875","61.779998779296875","","","","","",""
"6096","","","","","","","","","","","","","","","","","","","61.29999923706055","61.29999923706055","61.29999923706055","60.91999816894531","60.91999816894531","60.91999816894531"
"6226","","","","","","","","","","","","","65.36000061035156","65.36000061035156","65.36000061035156","","","","","","","","",""
"6232","","","","","","","63.790000915527344","63.790000915527344","63.790000915527344","60.77000045776367","60.77000045776367","60.77000045776367","","","","","","","","","","","",""
"6233","","","","","","","","","","","","","","","","62.369998931884766","62.369998931884766","62.369998931884766","61.59000015258789","61.59000015258789","61.59000015258789","62.41999816894531","62.41999816894531","62.41999816894531"
"6249","61.89499855041504","61.869998931884766","61.91999816894531","","","","","","","","","","","","","","","","","","","","",""
"6250","60.290000915527344","60.290000915527344","60.290000915527344","","","","","","","","","","","","","","","","","","","","",""
"6363","","","","","","","","","","","","","64.44000244140625","64.44000244140625","64.44000244140625","","","","","","","","",""
"6381","62.96999931335449","62.369998931884766","63.56999969482422","","","","","","","","","","","","","","","","","","","","",""
"6382","61.060001373291016","61.060001373291016","61.060001373291016","","","","","","","","","","","","","","","","","","","","",""
"6434","","","","","","","62.72999954223633","62.72999954223633","62.72999954223633","60.43000030517578","60.43000030517578","60.43000030517578","","","","","","","","","","","",""
"6435","","","","","","","","","","","","","","","","61.79999923706055","61.79999923706055","61.79999923706055","61.529998779296875","61.529998779296875","61.529998779296875","63.81999969482422","63.81999969482422","63.81999969482422"
"6565","","","","","","","","","","","","","63.59000015258789","63.59000015258789","63.59000015258789","","","","","","","","",""
"6571","","","","","","","62.61000061035156","62.61000061035156","62.61000061035156","61.15999984741211","61.15999984741211","61.15999984741211","","","","","","","","","","","",""
"6572","","","","","","","","","","","","","","","","62.2599983215332","62.2599983215332","62.2599983215332","60.58000183105469","60.58000183105469","60.58000183105469","62.7599983215332","62.7599983215332","62.7599983215332"
"6578","62.05000114440918","61.900001525878906","62.20000076293945","","","","","","","","","","","","","","","","","","","","",""
"6579","62.47999954223633","62.47999954223633","62.47999954223633","","","","","","","","","","","","","","","","","","","","",""
"6702","","","","","","","","","","","","","66.08000183105469","66.08000183105469","66.08000183105469","","","","","","","","",""
"6710","61.39000129699707","61.33000183105469","61.45000076293945","","","","","","","","","","","","","","","","","","","","",""
"6711","60.599998474121094","60.599998474121094","60.599998474121094","","","","","","","","","","","","","","","","","","","","",""
"6773","","","","","","","61.29999923706055","61.29999923706055","61.29999923706055","61.25","61.25","61.25","","","","","","","","","","","",""
"6774","","","","","","","","","","","","","","","","62.369998931884766","62.369998931884766","62.369998931884766","61.86000061035156","61.86000061035156","61.86000061035156","62.36000061035156","62.36000061035156","62.36000061035156"
"6904","","","","","","","","","","","","","64.91000366210938","64.91000366210938","64.91000366210938","","","","","","","","",""
"6907","61.724998474121094","61.529998779296875","61.91999816894531","","","","","","","","","","","","","","","","","","","","",""
"6908","59.81999969482422","59.81999969482422","59.81999969482422","","","","","","","","","","","","","","","","","","","","",""
"6910","","","","","","","62.2599983215332","62.2599983215332","62.2599983215332","61.5","61.5","61.5","","","","","","","","","","","",""
"6911","","","","","","","","","","","","","","","","62.08000183105469","62.08000183105469","62.08000183105469","61.58000183105469","61.58000183105469","61.58000183105469","60.349998474121094","60.349998474121094","60.349998474121094"
"7039","62.94500160217285","62.900001525878906","62.9900016784668","","","","","","","","","","","","","","","","","","","","",""
"7040","61.720001220703125","61.720001220703125","61.720001220703125","","","","","","","","","","","","","","","","","","","","",""
"7041","","","","","","","","","","","","","64.2699966430664","64.2699966430664","64.2699966430664","","","","","","","","",""
"7112","","","","","","","59.130001068115234","59.130001068115234","59.130001068115234","62","62","62","","","","","","","","","","","",""
"7113","","","","","","","","","","","","","","","","61.70000076293945","61.70000076293945","61.70000076293945","62.560001373291016","62.560001373291016","62.560001373291016","63.16999816894531","63.16999816894531","63.16999816894531"
"7236","61.51499938964844","61.11000061035156","61.91999816894531","","","","","","","","","","","","","","","","","","","","",""
"7237","60.7400016784668","60.7400016784668","60.7400016784668","","","","","","","","","","","","","","","","","","","","",""
"7243","","","","","","","","","","","","","61.95000076293945","61.95000076293945","61.95000076293945","","","","","","","","",""
"7249","","","","","","","61.11000061035156","61.11000061035156","61.11000061035156","62.38999938964844","62.38999938964844","62.38999938964844","","","","","","","","","","","",""
"7250","","","","","","","","","","","","","","","","61.63999938964844","61.63999938964844","61.63999938964844","61.130001068115234","61.130001068115234","61.130001068115234","61.029998779296875","61.029998779296875","61.029998779296875"
"7368","62.040000915527344","61.970001220703125","62.11000061035156","","","","","","","","","","","","","","","","","","","","",""
"7369","61.970001220703125","61.970001220703125","61.970001220703125","","","","","","","","","","","","","","","","","","","","",""
"7380","","","","","","","","","","","","","64.25","64.25","64.25","","","","","","","","",""
"7451","","","","","","","62.369998931884766","62.369998931884766","62.369998931884766","60.630001068115234","60.630001068115234","60.630001068115234","","","","","","","","","","","",""
"7452","","","","","","","","","","","","","","","","61.13999938964844","61.13999938964844","61.13999938964844","60.939998626708984","60.939998626708984","60.939998626708984","62.09000015258789","62.09000015258789","62.09000015258789"
"7565","62.239999771118164","61.560001373291016","62.91999816894531","","","","","","","","","","","","","","","","","","","","",""
"7566","60.68000030517578","60.68000030517578","60.68000030517578","","","","","","","","","","","","","","","","","","","","",""
"7582","","","","","","","","","","","","","62.93000030517578","62.93000030517578","62.93000030517578","","","","","","","","",""
"7588","","","","","","","61.2400016784668","61.2400016784668","61.2400016784668","60.970001220703125","60.970001220703125","60.970001220703125","","","","","","","","","","","",""
"7589","","","","","","","","","","","","","","","","61.36000061035156","61.36000061035156","61.36000061035156","60.83000183105469","60.83000183105469","60.83000183105469","62.650001525878906","62.650001525878906","62.650001525878906"
"7697","61.82499885559082","61.7599983215332","61.88999938964844","","","","","","","","","","","","","","","","","","","","",""
"7698","60.439998626708984","60.439998626708984","60.439998626708984","","","","","","","","","","","","","","","","","","","","",""
"7719","","","","","","","","","","","","","62.5099983215332","62.5099983215332","62.5099983215332","","","","","","","","",""
"7790","","","","","","","60.040000915527344","60.040000915527344","60.040000915527344","60.83000183105469","60.83000183105469","60.83000183105469","","","","","","","","","","","",""
"7791","","","","","","","","","","","","","","","","63.34000015258789","63.34000015258789","63.34000015258789","61.40999984741211","61.40999984741211","61.40999984741211","62.34000015258789","62.34000015258789","62.34000015258789"
"7894","62.52000045776367","62","63.040000915527344","","","","","","","","","","","","","","","","","","","","",""
"7895","62.540000915527344","62.540000915527344","62.540000915527344","","","","","","","","","","","","","","","","","","","","",""
"7921","","","","","","","","","","","","","61.619998931884766","61.619998931884766","61.619998931884766","","","","","","","","",""
"7927","","","","","","","61.470001220703125","61.470001220703125","61.470001220703125","58.34000015258789","58.34000015258789","58.34000015258789","","","","","","","","","","","",""
"7928","","","","","","","","","","","","","","","","62.650001525878906","62.650001525878906","62.650001525878906","61.02000045776367","61.02000045776367","61.02000045776367","62","62","62"
"8026","61.560001373291016","61.060001373291016","62.060001373291016","","","","","","","","","","","","","","","","","","","","",""
"8027","60.68000030517578","60.68000030517578","60.68000030517578","","","","","","","","","","","","","","","","","","","","",""
"8058","","","","","","","","","","","","","62.959999084472656","62.959999084472656","62.959999084472656","","","","","","","","",""
"8129","","","","","","","63.2599983215332","63.2599983215332","63.2599983215332","58.93000030517578","58.93000030517578","58.93000030517578","","","","","","","","","","","",""
"8130","","","","","","","","","","","","","","","","61.099998474121094","61.099998474121094","61.099998474121094","61.41999816894531","61.41999816894531","61.41999816894531","61.380001068115234","61.380001068115234","61.380001068115234"
"8223","61.67999839782715","61.189998626708984","62.16999816894531","","","","","","","","","","","","","","","","","","","","",""
"8224","59.709999084472656","59.709999084472656","59.709999084472656","","","","","","","","","","","","","","","","","","","","",""
"8260","","","","","","","","","","","","","63.0099983215332","63.0099983215332","63.0099983215332","","","","","","","","",""
"8266","","","","","","","61.72999954223633","61.72999954223633","61.72999954223633","","","","","","","","","","","","","","",""
"8267","","","","","","","","","","","","","","","","62.650001525878906","62.650001525878906","62.650001525878906","60.90999984741211","60.90999984741211","60.90999984741211","63.45000076293945","63.45000076293945","63.45000076293945"
"8355","61.260000228881836","60.83000183105469","61.689998626708984","","","","","","","","","","","","","","","","","","","","",""
"8356","59.34000015258789","59.34000015258789","59.34000015258789","","","","","","","","","","","","","","","","","","","","",""
"8397","","","","","","","","","","","","","62.18000030517578","62.18000030517578","62.18000030517578","","","","","","","","",""
"8468","","","","","","","58.95000076293945","58.95000076293945","58.95000076293945","","","","","","","","","","","","","","",""
"8469","","","","","","","","","","","","","","","","61.900001525878906","61.900001525878906","61.900001525878906","60.83000183105469","60.83000183105469","60.83000183105469","63.52000045776367","63.52000045776367","63.52000045776367"
"8552","61.72500038146973","61.38999938964844","62.060001373291016","","","","","","","","","","","","","","","","","","","","",""
"8553","60.959999084472656","60.959999084472656","60.959999084472656","","","","","","","","","","","","","","","","","","","","",""
"8599","","","","","","","","","","","","","61.529998779296875","61.529998779296875","61.529998779296875","","","","","","","","",""
"8605","","","","","","","60.209999084472656","60.209999084472656","60.209999084472656","","","","","","","","","","","","","","",""
"8606","","","","","","","","","","","","","","","","60.43000030517578","60.43000030517578","60.43000030517578","60.29999923706055","60.29999923706055","60.29999923706055","62.150001525878906","62.150001525878906","62.150001525878906"
"8684","62.42499923706055","61.779998779296875","63.06999969482422","","","","","","","","","","","","","","","","","","","","",""
"8685","62.11000061035156","62.11000061035156","62.11000061035156","","","","","","","","","","","","","","","","","","","","",""
"8736","","","","","","","","","","","","","59.7400016784668","59.7400016784668","59.7400016784668","","","","","","","","",""
"8807","","","","","","","61.869998931884766","61.869998931884766","61.869998931884766","","","","","","","","","","","","","","",""
"8808","","","","","","","","","","","","","","","","60.65999984741211","60.65999984741211","60.65999984741211","59.40999984741211","59.40999984741211","59.40999984741211","62.41999816894531","62.41999816894531","62.41999816894531"
"8881","61.81500053405762","60.7400016784668","62.88999938964844","","","","","","","","","","","","","","","","","","","","",""
"8882","61.04999923706055","61.04999923706055","61.04999923706055","","","","","","","","","","","","","","","","","","","","",""
"8944","","","","","","","60.58000183105469","60.58000183105469","60.58000183105469","","","","","","","","","","","","","","",""
"8945","","","","","","","","","","","","","","","","59.959999084472656","59.959999084472656","59.959999084472656","59.709999084472656","59.709999084472656","59.709999084472656","62.41999816894531","62.41999816894531","62.41999816894531"
"9013","61.5","61.279998779296875","61.720001220703125","","","","","","","","","","","","","","","","","","","","",""
"9014","61.79999923706055","61.79999923706055","61.79999923706055","","","","","","","","","","","","","","","","","","","","",""
"9146","","","","","","","61.380001068115234","61.380001068115234","61.380001068115234","","","","","","","","","","","","","","",""
"9147","","","","","","","","","","","","","","","","63.119998931884766","63.119998931884766","63.119998931884766","61.20000076293945","61.20000076293945","61.20000076293945","61.61000061035156","61.61000061035156","61.61000061035156"
"9210","63.03000068664551","62.93000030517578","63.130001068115234","","","","","","","","","","","","","","","","","","","","",""
"9211","64.30000305175781","64.30000305175781","64.30000305175781","","","","","","","","","","","","","","","","","","","","",""
"9283","","","","","","","62.290000915527344","62.290000915527344","62.290000915527344","","","","","","","","","","","","","","",""
"9284","","","","","","","","","","","","","","","","62.56999969482422","62.56999969482422","62.56999969482422","62.150001525878906","62.150001525878906","62.150001525878906","61.40999984741211","61.40999984741211","61.40999984741211"
"9342","62.22999954223633","62","62.459999084472656","","","","","","","","","","","","","","","","","","","","",""
"9343","63.970001220703125","63.970001220703125","63.970001220703125","","","","","","","","","","","","","","","","","","","","",""
"9485","","","","","","","61.130001068115234","61.130001068115234","61.130001068115234","","","","","","","","","","","","","","",""
"9486","","","","","","","","","","","","","","","","62.56999969482422","62.56999969482422","62.56999969482422","59.65999984741211","59.65999984741211","59.65999984741211","62.66999816894531","62.66999816894531","62.66999816894531"
"9539","63.65500068664551","62.9900016784668","64.31999969482422","","","","","","","","","","","","","","","","","","","","",""
"9540","62.34000015258789","62.34000015258789","62.34000015258789","","","","","","","","","","","","","","","","","","","","",""
"9622","","","","","","","61.79999923706055","61.79999923706055","61.79999923706055","","","","","","","","","","","","","","",""
"9623","","","","","","","","","","","","","","","","62.2599983215332","62.2599983215332","62.2599983215332","60.130001068115234","60.130001068115234","60.130001068115234","61.970001220703125","61.970001220703125","61.970001220703125"
"9671","62.59000015258789","62.279998779296875","62.900001525878906","","","","","","","","","","","","","","","","","","","","",""
"9672","63.47999954223633","63.47999954223633","63.47999954223633","","","","","","","","","","","","","","","","","","","","",""
"9824","","","","","","","61.27000045776367","61.27000045776367","61.27000045776367","","","","","","","","","","","","","","",""
"9825","","","","","","","","","","","","","","","","62.290000915527344","62.290000915527344","62.290000915527344","61.380001068115234","61.380001068115234","61.380001068115234","61.5","61.5","61.5"
"9868","62.614999771118164","61.86000061035156","63.369998931884766","","","","","","","","","","","","","","","","","","","","",""
"9869","63.2599983215332","63.2599983215332","63.2599983215332","","","","","","","","","","","","","","","","","","","","",""
"9961","","","","","","","60.4900016784668","60.4900016784668","60.4900016784668","","","","","","","","","","","","","","",""
"9962","","","","","","","","","","","","","","","","61.779998779296875","61.779998779296875","61.779998779296875","61.7599983215332","61.7599983215332","61.7599983215332","62.91999816894531","62.91999816894531","62.91999816894531"
"10000","61.869998931884766","61.029998779296875","62.709999084472656","","","","","","","","","","","","","","","","","","","","",""
"10001","63.209999084472656","63.209999084472656","63.209999084472656","","","","","","","","","","","","","","","","","","","","",""
"10163","","","","","","","61.25","61.25","61.25","","","","","","","","","","","","","","",""
"10164","","","","","","","","","","","","","","","","62.119998931884766","62.119998931884766","62.119998931884766","61.04999923706055","61.04999923706055","61.04999923706055","62.18000030517578","62.18000030517578","62.18000030517578"
"10197","62.885000228881836","62.11000061035156","63.65999984741211","","","","","","","","","","","","","","","","","","","","",""
"10198","60.83000183105469","60.83000183105469","60.83000183105469","","","","","","","","","","","","","","","","","","","","",""
"10301","","","","","","","","","","","","","","","","62.029998779296875","62.029998779296875","62.029998779296875","61.33000183105469","61.33000183105469","61.33000183105469","61.060001373291016","61.060001373291016","61.060001373291016"
"10329","62.81500053405762","61.54999923706055","64.08000183105469","","","","","","","","","","","","","","","","","","","","",""
"10330","62.459999084472656","62.459999084472656","62.459999084472656","","","","","","","","","","","","","","","","","","","","",""
"10503","","","","","","","","","","","","","","","","61.189998626708984","61.189998626708984","61.189998626708984","","","","","",""
"10526","62.84499931335449","61.88999938964844","63.79999923706055","","","","","","","","","","","","","","","","","","","","",""
"10527","61.63999938964844","61.63999938964844","61.63999938964844","","","","","","","","","","","","","","","","","","","","",""
"10571","","","","","","","","","","","","","","","","","","","59.4900016784668","59.4900016784668","59.4900016784668","","",""
"10640","","","","","","","","","","","","","","","","60.56999969482422","60.56999969482422","60.56999969482422","","","","","",""
"10658","63.73500061035156","61.88999938964844","65.58000183105469","","","","","","","","","","","","","","","","","","","","",""
"10659","60.65999984741211","60.65999984741211","60.65999984741211","","","","","","","","","","","","","","","","","","","","",""
"10698","","","","","","","","","","","","","","","","","","","","","","61.40999984741211","61.40999984741211","61.40999984741211"
"10773","","","","","","","","","","","","","","","","","","","61.15999984741211","61.15999984741211","61.15999984741211","","",""
"10835","","","","","","","","","","","","","","","","","","","","","","60.630001068115234","60.630001068115234","60.630001068115234"
"10842","","","","","","","","","","","","","","","","62.900001525878906","62.900001525878906","62.900001525878906","","","","","",""
"10855","62.9950008392334","60.630001068115234","65.36000061035156","","","","","","","","","","","","","","","","","","","","",""
"10856","62.400001525878906","62.400001525878906","62.400001525878906","","","","","","","","","","","","","","","","","","","","",""
"10910","","","","","","","","","","","","","","","","","","","60.720001220703125","60.720001220703125","60.720001220703125","","",""
"10987","62.89000129699707","61.810001373291016","63.970001220703125","","","","","","","","","","","","","","","","","","","","",""
"10988","64.5199966430664","64.5199966430664","64.5199966430664","","","","","","","","","","","","","","","","","","","","",""
"11037","","","","","","","","","","","","","","","","","","","","","","61.220001220703125","61.220001220703125","61.220001220703125"
"11045","","","","","","","","","","","","","","","","63.400001525878906","63.400001525878906","63.400001525878906","","","","","",""
"11112","","","","","","","","","","","","","","","","","","","62.220001220703125","62.220001220703125","62.220001220703125","","",""
"11174","","","","","","","","","","","","","","","","","","","","","","61.15999984741211","61.15999984741211","61.15999984741211"
"11182","","","","","","","","","","","","","","","","62.47999954223633","62.47999954223633","62.47999954223633","","","","","",""
"11184","62.02000045776367","61.08000183105469","62.959999084472656","","","","","","","","","","","","","","","","","","","","",""
"11185","62.09000015258789","62.09000015258789","62.09000015258789","","","","","","","","","","","","","","","","","","","","",""
"11249","","","","","","","","","","","","","","","","","","","61.72999954223633","61.72999954223633","61.72999954223633","","",""
"11316","62.005001068115234","61.560001373291016","62.45000076293945","","","","","","","","","","","","","","","","","","","","",""
"11317","63.22999954223633","63.22999954223633","63.22999954223633","","","","","","","","","","","","","","","","","","","","",""
"11376","","","","","","","","","","","","","","","","","","","","","","63.119998931884766","63.119998931884766","63.119998931884766"
"11384","","","","","","","","","","","","","","","","61.220001220703125","61.220001220703125","61.220001220703125","","","","","",""
"11451","","","","","","","","","","","","","","","","","","","60.9900016784668","60.9900016784668","60.9900016784668","","",""
"11513","62.64500045776367","61.33000183105469","63.959999084472656","","","","","","","","","","","","","","","","","","","64.25","64.25","64.25"
"11514","62.779998779296875","62.779998779296875","62.779998779296875","","","","","","","","","","","","","","","","","","","","",""
"11521","","","","","","","","","","","","","","","","63.59000015258789","63.59000015258789","63.59000015258789","","","","","",""
"11588","","","","","","","","","","","","","","","","","","","62.869998931884766","62.869998931884766","62.869998931884766","","",""
"11645","62.81500053405762","61.75","63.880001068115234","","","","","","","","","","","","","","","","","","","","",""
"11646","62.63999938964844","62.63999938964844","62.63999938964844","","","","","","","","","","","","","","","","","","","","",""
"11715","","","","","","","","","","","","","","","","","","","","","","61.88999938964844","61.88999938964844","61.88999938964844"
"11723","","","","","","","","","","","","","","","","63.869998931884766","63.869998931884766","63.869998931884766","","","","","",""
"11725","","","","","","","","","","","","","","","","","","","63.2400016784668","63.2400016784668","63.2400016784668","","",""
"11732","","","","","","","","","","","","","","","","","","","63.2400016784668","63.2400016784668","63.2400016784668","","",""
"11842","62.78500175476074","61.58000183105469","63.9900016784668","","","","","","","","","","","","","","","","","","","","",""
"11843","61.66999816894531","61.66999816894531","61.66999816894531","","","","","","","","","","","","","","","","","","","","",""
"11852","","","","","","","","","","","","","","","","","","","","","","62.060001373291016","62.060001373291016","62.060001373291016"
"11863","","","","","","","","","","","","","","","","","","","60.63999938964844","60.63999938964844","60.63999938964844","","",""
"11870","","","","","","","","","","","","","","","","","","","60.63999938964844","60.63999938964844","60.63999938964844","","",""
"11926","","","","","","","","","","","","","","","","63.459999084472656","63.459999084472656","63.459999084472656","","","","","",""
"11974","63.135000228881836","62.5","63.77000045776367","","","","","","","","","","","","","","","","","","","","",""
"11975","63.290000915527344","63.290000915527344","63.290000915527344","","","","","","","","","","","","","","","","","","","","",""
"12054","","","","","","","","","","","","","","","","","","","","","","62.93000030517578","62.93000030517578","62.93000030517578"
"12066","","","","","","","","","","","","","","","","","","","61.220001220703125","61.220001220703125","61.220001220703125","","",""
"12129","","","","","","","","","","","","","","","","59.93000030517578","59.93000030517578","59.93000030517578","","","","","",""
"12171","63.22999954223633","61.83000183105469","64.62999725341797","","","","","","","","","","","","","","","","","","","","",""
"12172","63.689998626708984","63.689998626708984","63.689998626708984","","","","","","","","","","","","","","","","","","","","",""
"12191","","","","","","","","","","","","","","","","","","","","","","62.63999938964844","62.63999938964844","62.63999938964844"
"12198","","","","","","","","","","","","","","","","","","","","","","61.189998626708984","61.189998626708984","61.189998626708984"
"12203","","","","","","","","","","","","","","","","","","","61.470001220703125","61.470001220703125","61.470001220703125","","",""
"12205","","","","","","","","","","","","","","","","","","","","","","61.189998626708984","61.189998626708984","61.189998626708984"
"12267","","","","","","","","","","","","","","","","62.22999954223633","62.22999954223633","62.22999954223633","","","","","",""
"12271","","","","","","","","","","","","","","","","","","","","","","59.59000015258789","59.59000015258789","59.59000015258789"
"12303","63.404998779296875","62.459999084472656","64.3499984741211","","","","","","","","","","","","","","","","","","","","",""
"12304","62.72999954223633","62.72999954223633","62.72999954223633","","","","","","","","","","","","","","","","","","","","",""
"12405","","","","","","","","","","","","","","","","","","","60.58000183105469","60.58000183105469","60.58000183105469","","",""
"12469","","","","","","","","","","","","","","","","61.47999954223633","61.47999954223633","61.47999954223633","","","","","",""
"12473","","","","","","","","","","","","","","","","","","","","","","62.66999816894531","62.66999816894531","62.66999816894531"
"12500","63.28499984741211","62.779998779296875","63.790000915527344","","","","","","","","","","","","","","","","","","","","",""
"12501","63.31999969482422","63.31999969482422","63.31999969482422","","","","","","","","","","","","","","","","","","","","",""
"12542","","","","","","","","","","","","","","","","","","","61.29999923706055","61.29999923706055","61.29999923706055","","",""
"12606","","","","","","","","","","","","","","","","63.119998931884766","63.119998931884766","63.119998931884766","","","","","",""
"12610","","","","","","","","","","","","","","","","","","","","","","62.08000183105469","62.08000183105469","62.08000183105469"
"12632","62.17500114440918","61.20000076293945","63.150001525878906","","","","","","","","","","","","","","","","","","","","",""
"12633","60.9900016784668","60.9900016784668","60.9900016784668","","","","","","","","","","","","","","","","","","","","",""
"12744","","","","","","","","","","","","","","","","","","","60.36000061035156","60.36000061035156","60.36000061035156","","",""
"12808","","","","","","","","","","","","","","","","63.599998474121094","63.599998474121094","63.599998474121094","","","","","",""
"12812","","","","","","","","","","","","","","","","","","","","","","63.150001525878906","63.150001525878906","63.150001525878906"
"12829","63.12499809265137","61.29999923706055","64.94999694824219","","","","","","","","","","","","","","","","","","","","",""
"12830","63.650001525878906","63.650001525878906","63.650001525878906","","","","","","","","","","","","","","","","","","","","",""
"12881","","","","","","","","","","","","","","","","","","","60.119998931884766","60.119998931884766","60.119998931884766","","",""
"12945","","","","","","","","","","","","","","","","61.779998779296875","61.779998779296875","61.779998779296875","","","","","",""
"12949","","","","","","","","","","","","","","","","","","","","","","61.970001220703125","61.970001220703125","61.970001220703125"
"12961","63.170000076293945","62.09000015258789","64.25","","","","","","","","","","","","","","","","","","","","",""
"12962","62.040000915527344","62.040000915527344","62.040000915527344","","","","","","","","","","","","","","","","","","","","",""
"13083","","","","","","","","","","","","","","","","","","","61.40999984741211","61.40999984741211","61.40999984741211","","",""
"13147","","","","","","","","","","","","","","","","63.09000015258789","63.09000015258789","63.09000015258789","","","","","",""
"13151","","","","","","","","","","","","","","","","","","","","","","62.59000015258789","62.59000015258789","62.59000015258789"
"13158","63.639997482299805","62.5099983215332","64.7699966430664","","","","","","","","","","","","","","","","","","","","",""
"13159","64.22000122070312","64.22000122070312","64.22000122070312","","","","","","","","","","","","","","","","","","","","",""
"13220","","","","","","","","","","","","","","","","","","","60.88999938964844","60.88999938964844","60.88999938964844","","",""
"13284","","","","","","","","","","","","","","","","63.06999969482422","63.06999969482422","63.06999969482422","","","","","",""
"13288","","","","","","","","","","","","","","","","","","","","","","63.099998474121094","63.099998474121094","63.099998474121094"
"13290","62.114999771118164","62","62.22999954223633","","","","","","","","","","","","","","","","","","","","",""
"13291","62.59000015258789","62.59000015258789","62.59000015258789","","","","","","","","","","","","","","","","","","","","",""
"13422","","","","","","","","","","","","","","","","","","","60.91999816894531","60.91999816894531","60.91999816894531","","",""
"13486","","","","","","","","","","","","","","","","64.66000366210938","64.66000366210938","64.66000366210938","","","","","",""
"13487","62.239999771118164","60.75","63.72999954223633","","","","","","","","","","","","","","","","","","","","",""
"13488","61.810001373291016","61.810001373291016","61.810001373291016","","","","","","","","","","","","","","","","","","","","",""
"13490","","","","","","","","","","","","","","","","","","","","","","63.209999084472656","63.209999084472656","63.209999084472656"
"13559","","","","","","","","","","","","","","","","","","","63.5099983215332","63.5099983215332","63.5099983215332","","",""
"13619","63.85000038146973","62.869998931884766","64.83000183105469","","","","","","","","","","","","","","","","","","","","",""
"13620","64.01000213623047","64.01000213623047","64.01000213623047","","","","","","","","","","","","","","","","","","","","",""
"13623","","","","","","","","","","","","","","","","63.630001068115234","63.630001068115234","63.630001068115234","","","","","",""
"13627","","","","","","","","","","","","","","","","","","","","","","63.060001373291016","63.060001373291016","63.060001373291016"
"13761","","","","","","","","","","","","","","","","","","","62.529998779296875","62.529998779296875","62.529998779296875","","",""
"13816","63.78999900817871","62.59000015258789","64.98999786376953","","","","","","","","","","","","","","","","","","","","",""
"13817","65.2300033569336","65.2300033569336","65.2300033569336","","","","","","","","","","","","","","","","","","","","",""
"13825","","","","","","","","","","","","","","","","63.619998931884766","63.619998931884766","63.619998931884766","","","","","",""
"13829","","","","","","","","","","","","","","","","","","","","","","60.970001220703125","60.970001220703125","60.970001220703125"
"13898","","","","","","","","","","","","","","","","","","","62.81999969482422","62.81999969482422","62.81999969482422","","",""
"13948","63.23499870300293","62.66999816894531","63.79999923706055","","","","","","","","","","","","","","","","","","","","",""
"13949","64.77999877929688","64.77999877929688","64.77999877929688","","","","","","","","","","","","","","","","","","","","",""
"13962","","","","","","","","","","","","","","","","61.75","61.75","61.75","","","","","",""
"13966","","","","","","","","","","","","","","","","","","","","","","61.099998474121094","61.099998474121094","61.099998474121094"
"14100","","","","","","","","","","","","","","","","","","","61.84000015258789","61.84000015258789","61.84000015258789","","",""
"14145","63.694997787475586","61.939998626708984","65.44999694824219","","","","","","","","","","","","","","","","","","","","",""
"14146","62.84000015258789","62.84000015258789","62.84000015258789","","","","","","","","","","","","","","","","","","","","",""
"14164","","","","","","","","","","","","","","","","63.93000030517578","63.93000030517578","63.93000030517578","","","","","",""
"14168","","","","","","","","","","","","","","","","","","","","","","62.540000915527344","62.540000915527344","62.540000915527344"
"14237","","","","","","","","","","","","","","","","","","","62.9900016784668","62.9900016784668","62.9900016784668","","",""
"14277","63.40500068664551","61.7599983215332","65.05000305175781","","","","","","","","","","","","","","","","","","","","",""
"14278","62.650001525878906","62.650001525878906","62.650001525878906","","","","","","","","","","","","","","","","","","","","",""
"14301","","","","","","","","","","","","","","","","61.36000061035156","61.36000061035156","61.36000061035156","","","","","",""
"14305","","","","","","","","","","","","","","","","","","","","","","61.88999938964844","61.88999938964844","61.88999938964844"
"14439","","","","","","","","","","","","","","","","","","","60.040000915527344","60.040000915527344","60.040000915527344","","",""
"14474","62.34000015258789","61.29999923706055","63.380001068115234","","","","","","","","","","","","","","","","","","","","",""
"14475","64.18000030517578","64.18000030517578","64.18000030517578","","","","","","","","","","","","","","","","","","","","",""
"14503","","","","","","","","","","","","","","","","64.87999725341797","64.87999725341797","64.87999725341797","","","","","",""
"14507","","","","","","","","","","","","","","","","","","","","","","62.09000015258789","62.09000015258789","62.09000015258789"
"14576","","","","","","","","","","","","","","","","","","","61.91999816894531","61.91999816894531","61.91999816894531","","",""
"14606","63.76499938964844","62.75","64.77999877929688","","","","","","","","","","","","","","","","","","","","",""
"14607","64.55000305175781","64.55000305175781","64.55000305175781","","","","","","","","","","","","","","","","","","","","",""
"14640","","","","","","","","","","","","","","","","63.310001373291016","63.310001373291016","63.310001373291016","","","","","",""
"14644","","","","","","","","","","","","","","","","","","","","","","63.20000076293945","63.20000076293945","63.20000076293945"
"14778","","","","","","","","","","","","","","","","","","","61.779998779296875","61.779998779296875","61.779998779296875","","",""
"14803","62.92500114440918","60.7400016784668","65.11000061035156","","","","","","","","","","","","","","","","","","","","",""
"14804","63.9900016784668","63.9900016784668","63.9900016784668","","","","","","","","","","","","","","","","","","","","",""
"14842","","","","","","","","","","","","","","","","62.93000030517578","62.93000030517578","62.93000030517578","","","","","",""
"14846","","","","","","","","","","","","","","","","","","","","","","60.88999938964844","60.88999938964844","60.88999938964844"
"14915","","","","","","","","","","","","","","","","","","","60.90999984741211","60.90999984741211","60.90999984741211","","",""
"14935","62.22999954223633","59.68000030517578","64.77999877929688","","","","","","","","","","","","","","","","","","","","",""
"14936","63.56999969482422","63.56999969482422","63.56999969482422","","","","","","","","","","","","","","","","","","","","",""
"14979","","","","","","","","","","","","","","","","63.31999969482422","63.31999969482422","63.31999969482422","","","","","",""
"14983","","","","","","","","","","","","","","","","","","","","","","63.22999954223633","63.22999954223633","63.22999954223633"
"15117","","","","","","","","","","","","","","","","","","","60.90999984741211","60.90999984741211","60.90999984741211","","",""
"15132","64.22999954223633","62.41999816894531","66.04000091552734","","","","","","","","","","","","","","","","","","","","",""
"15133","63.65999984741211","63.65999984741211","63.65999984741211","","","","","","","","","","","","","","","","","","","","",""
"15181","","","","","","","","","","","","","","","","65.16999816894531","65.16999816894531","65.16999816894531","","","","","",""
"15185","","","","","","","","","","","","","","","","","","","","","","61.11000061035156","61.11000061035156","61.11000061035156"
"15192","","","","","","","","","","","","","","","","","","","","","","61.11000061035156","61.11000061035156","61.11000061035156"
"15254","","","","","","","","","","","","","","","","","","","61.189998626708984","61.189998626708984","61.189998626708984","","",""
"15264","63.189998626708984","61.11000061035156","65.2699966430664","","","","","","","","","","","","","","","","","","","","",""
"15265","65.4800033569336","65.4800033569336","65.4800033569336","","","","","","","","","","","","","","","","","","","","",""
"15318","","","","","","","","","","","","","","","","62.81999969482422","62.81999969482422","62.81999969482422","","","","","",""
"15388","","","","","","","","","","","","","","","","","","","","","","62.18000030517578","62.18000030517578","62.18000030517578"
"15456","","","","","","","","","","","","","","","","","","","60.90999984741211","60.90999984741211","60.90999984741211","","",""
"15461","64.1299991607666","62.59000015258789","65.66999816894531","","","","","","","","","","","","","","","","","","","","",""
"15462","66.19999694824219","66.19999694824219","66.19999694824219","","","","","","","","","","","","","","","","","","","","",""
"15463","","","","","","","","","","","","","","","","","","","60.90999984741211","60.90999984741211","60.90999984741211","","",""
"15520","","","","","","","","","","","","","","","","64.8499984741211","64.8499984741211","64.8499984741211","","","","","",""
"15525","","","","","","","","","","","","","","","","","","","","","","60.54999923706055","60.54999923706055","60.54999923706055"
"15529","","","","","","","","","","","","","","","","","","","60.689998626708984","60.689998626708984","60.689998626708984","","",""
"15593","62.02000045776367","59.06999969482422","64.97000122070312","","","","","","","","","","","","","","","","","","","","",""
"15594","63.869998931884766","63.869998931884766","63.869998931884766","","","","","","","","","","","","","","","","","","","","",""
"15657","","","","","","","","","","","","","","","","64.77999877929688","64.77999877929688","64.77999877929688","","","","","",""
"15666","","","","","","","","","","","","","","","","","","","59.7400016784668","59.7400016784668","59.7400016784668","","",""
"15727","","","","","","","","","","","","","","","","","","","","","","61.40999984741211","61.40999984741211","61.40999984741211"
"15790","63.35499954223633","62.31999969482422","64.38999938964844","","","","","","","","","","","","","","","","","","","","",""
"15791","65.05999755859375","65.05999755859375","65.05999755859375","","","","","","","","","","","","","","","","","","","","",""
"15859","","","","","","","","","","","","","","","","64.48999786376953","64.48999786376953","64.48999786376953","","","","","",""
"15864","","","","","","","","","","","","","","","","","","","","","","63.2400016784668","63.2400016784668","63.2400016784668"
"15868","","","","","","","","","","","","","","","","","","","60.709999084472656","60.709999084472656","60.709999084472656","","",""
"15922","62.54999923706055","60.36000061035156","64.73999786376953","","","","","","","","","","","","","","","","","","","","",""
"15923","64.29000091552734","64.29000091552734","64.29000091552734","","","","","","","","","","","","","","","","","","","","",""
"15925","64.29000091552734","64.29000091552734","64.29000091552734","","","","","","","","","","","","","","","","","","","","",""
"15996","","","","","","","","","","","","","","","","63.09000015258789","63.09000015258789","63.09000015258789","","","","","",""
"16005","","","","","","","","","","","","","","","","","","","62.68000030517578","62.68000030517578","62.68000030517578","","",""
"16066","","","","","","","","","","","","","","","","","","","","","","61.72999954223633","61.72999954223633","61.72999954223633"
"16119","62.88999938964844","61.869998931884766","63.90999984741211","","","","","","","","","","","","","","","","","","","","",""
"16121","61.869998931884766","61.869998931884766","61.869998931884766","","","","","","","","","","","","","","","","","","","","",""
"16198","","","","","","","","","","","","","","","","65.27999877929688","65.27999877929688","65.27999877929688","","","","","",""
"16203","","","","","","","","","","","","","","","","","","","","","","63.970001220703125","63.970001220703125","63.970001220703125"
"16207","","","","","","","","","","","","","","","","","","","61.54999923706055","61.54999923706055","61.54999923706055","","",""
"16251","65.44000244140625","65.44000244140625","65.44000244140625","","","","","","","","","","","","","","","","","","","","",""
"16335","","","","","","","","","","","","","","","","64.31999969482422","64.31999969482422","64.31999969482422","","","","","",""
"16344","","","","","","","","","","","","","","","","","","","62.150001525878906","62.150001525878906","62.150001525878906","","",""
"16405","","","","","","","","","","","","","","","","","","","","","","61.439998626708984","61.439998626708984","61.439998626708984"
"16448","65.66000366210938","65.66000366210938","65.66000366210938","","","","","","","","","","","","","","","","","","","","",""
"16537","","","","","","","","","","","","","","","","62.25","62.25","62.25","","","","","",""
"16542","","","","","","","","","","","","","","","","","","","","","","62.040000915527344","62.040000915527344","62.040000915527344"
"16546","","","","","","","","","","","","","","","","","","","62.220001220703125","62.220001220703125","62.220001220703125","","",""
"16580","65.77999877929688","65.77999877929688","65.77999877929688","","","","","","","","","","","","","","","","","","","","",""
"16674","","","","","","","","","","","","","","","","63.81999969482422","63.81999969482422","63.81999969482422","","","","","",""
"16683","","","","","","","","","","","","","","","","","","","64.45999908447266","64.45999908447266","64.45999908447266","","",""
"16744","","","","","","","","","","","","","","","","","","","","","","60.86000061035156","60.86000061035156","60.86000061035156"
"16777","64.75","64.75","64.75","","","","","","","","","","","","","","","","","","","","",""
"16876","","","","","","","","","","","","","","","","62.709999084472656","62.709999084472656","62.709999084472656","","","","","",""
"16881","","","","","","","","","","","","","","","","","","","","","","62.47999954223633","62.47999954223633","62.47999954223633"
"16885","","","","","","","","","","","","","","","","","","","61.66999816894531","61.66999816894531","61.66999816894531","","",""
"16888","","","","","","","","","","","","","","","","","","","","","","62.47999954223633","62.47999954223633","62.47999954223633"
"16892","","","","","","","","","","","","","","","","","","","61.66999816894531","61.66999816894531","61.66999816894531","","",""
"16909","66.2300033569336","66.2300033569336","66.2300033569336","","","","","","","","","","","","","","","","","","","","",""
"17013","","","","","","","","","","","","","","","","64.94000244140625","64.94000244140625","64.94000244140625","","","","","",""
"17106","64.80000305175781","64.80000305175781","64.80000305175781","","","","","","","","","","","","","","","","","","","","",""
"17215","","","","","","","","","","","","","","","","65.83999633789062","65.83999633789062","65.83999633789062","","","","","",""
"17238","64.98999786376953","64.98999786376953","64.98999786376953","","","","","","","","","","","","","","","","","","","","",""
"17352","","","","","","","","","","","","","","","","65.05999755859375","65.05999755859375","65.05999755859375","","","","","",""
"17435","65.91999816894531","65.91999816894531","65.91999816894531","","","","","","","","","","","","","","","","","","","","",""
"17554","","","","","","","","","","","","","","","","63.970001220703125","63.970001220703125","63.970001220703125","","","","","",""
"17567","64.97000122070312","64.97000122070312","64.97000122070312","","","","","","","","","","","","","","","","","","","","",""
"17691","","","","","","","","","","","","","","","","65.12999725341797","65.12999725341797","65.12999725341797","","","","","",""
"17764","64.7699966430664","64.7699966430664","64.7699966430664","","","","","","","","","","","","","","","","","","","","",""
"17893","","","","","","","","","","","","","","","","65.12999725341797","65.12999725341797","65.12999725341797","","","","","",""
"17896","64.20999908447266","64.20999908447266","64.20999908447266","","","","","","","","","","","","","","","","","","","","",""
"18030","","","","","","","","","","","","","","","","65.02999877929688","65.02999877929688","65.02999877929688","","","","","",""
"18093","65.76000213623047","65.76000213623047","65.76000213623047","","","","","","","","","","","","","","","","","","","","",""
"18225","66.18000030517578","66.18000030517578","66.18000030517578","","","","","","","","","","","","","","","","","","","","",""
"18422","65.19000244140625","65.19000244140625","65.19000244140625","","","","","","","","","","","","","","","","","","","","",""
"18554","66.68000030517578","66.68000030517578","66.68000030517578","","","","","","","","","","","","","","","","","","","","",""
"18751","67.12000274658203","67.12000274658203","67.12000274658203","","","","","","","","","","","","","","","","","","","","",""
"18883","67.23999786376953","67.23999786376953","67.23999786376953","","","","","","","","","","","","","","","","","","","","",""
"19080","67.45999908447266","67.45999908447266","67.45999908447266","","","","","","","","","","","","","","","","","","","","",""
"19212","63.790000915527344","63.790000915527344","63.790000915527344","","","","","","","","","","","","","","","","","","","","",""
"19409","65.58999633789062","65.58999633789062","65.58999633789062","","","","","","","","","","","","","","","","","","","","",""
"19541","65.52999877929688","65.52999877929688","65.52999877929688","","","","","","","","","","","","","","","","","","","","",""
"19738","67.62000274658203","67.62000274658203","67.62000274658203","","","","","","","","","","","","","","","","","","","","",""
"19870","63.790000915527344","63.790000915527344","63.790000915527344","","","","","","","","","","","","","","","","","","","","",""
"20067","66.33999633789062","66.33999633789062","66.33999633789062","","","","","","","","","","","","","","","","","","","","",""
"20199","65.41000366210938","65.41000366210938","65.41000366210938","","","","","","","","","","","","","","","","","","","","",""
"20396","66.45999908447266","66.45999908447266","66.45999908447266","","","","","","","","","","","","","","","","","","","","",""
"20528","64.33000183105469","64.33000183105469","64.33000183105469","","","","","","","","","","","","","","","","","","","","",""
"20725","66.01000213623047","66.01000213623047","66.01000213623047","","","","","","","","","","","","","","","","","","","","",""
"20857","65.76000213623047","65.76000213623047","65.76000213623047","","","","","","","","","","","","","","","","","","","","",""
"21054","64.0999984741211","64.0999984741211","64.0999984741211","","","","","","","","","","","","","","","","","","","","",""
"21186","66.08000183105469","66.08000183105469","66.08000183105469","","","","","","","","","","","","","","","","","","","","",""
"21383","66.55999755859375","66.55999755859375","66.55999755859375","","","","","","","","","","","","","","","","","","","","",""
"21515","67.16000366210938","67.16000366210938","67.16000366210938","","","","","","","","","","","","","","","","","","","","",""
"21712","65.61000061035156","65.61000061035156","65.61000061035156","","","","","","","","","","","","","","","","","","","","",""
"21844","66.26000213623047","66.26000213623047","66.26000213623047","","","","","","","","","","","","","","","","","","","","",""
"22041","66.26000213623047","66.26000213623047","66.26000213623047","","","","","","","","","","","","","","","","","","","","",""
"22173","66.7300033569336","66.7300033569336","66.7300033569336","","","","","","","","","","","","","","","","","","","","",""
"22370","65.75","65.75","65.75","","","","","","","","","","","","","","","","","","","","",""
"22502","66.8499984741211","66.8499984741211","66.8499984741211","","","","","","","","","","","","","","","","","","","","",""
"22699","66.66999816894531","66.66999816894531","66.66999816894531","","","","","","","","","","","","","","","","","","","","",""
"22831","65.08999633789062","65.08999633789062","65.08999633789062","","","","","","","","","","","","","","","","","","","","",""
"23028","66.33999633789062","66.33999633789062","66.33999633789062","","","","","","","","","","","","","","","","","","","","",""
"23160","65.7300033569336","65.7300033569336","65.7300033569336","","","","","","","","","","","","","","","","","","","","",""
"23357","67.0199966430664","67.0199966430664","67.0199966430664","","","","","","","","","","","","","","","","","","","","",""
"23489","67.3499984741211","67.3499984741211","67.3499984741211","","","","","","","","","","","","","","","","","","","","",""
"23686","65.5","65.5","65.5","","","","","","","","","","","","","","","","","","","","",""
"23818","66.2300033569336","66.2300033569336","66.2300033569336","","","","","","","","","","","","","","","","","","","","",""