"Step","Group: text10-vision0 - evaluation/blimp/irregular_forms","Group: text10-vision0 - evaluation/blimp/irregular_forms__MIN","Group: text10-vision0 - evaluation/blimp/irregular_forms__MAX","Group: text1-vision0 - evaluation/blimp/irregular_forms","Group: text1-vision0 - evaluation/blimp/irregular_forms__MIN","Group: text1-vision0 - evaluation/blimp/irregular_forms__MAX","Group: text1-vision100 - evaluation/blimp/irregular_forms","Group: text1-vision100 - evaluation/blimp/irregular_forms__MIN","Group: text1-vision100 - evaluation/blimp/irregular_forms__MAX","Group: text1-vision10 - evaluation/blimp/irregular_forms","Group: text1-vision10 - evaluation/blimp/irregular_forms__MIN","Group: text1-vision10 - evaluation/blimp/irregular_forms__MAX","Group: text1-vision1 - evaluation/blimp/irregular_forms","Group: text1-vision1 - evaluation/blimp/irregular_forms__MIN","Group: text1-vision1 - evaluation/blimp/irregular_forms__MAX","Group: text10-vision1 - evaluation/blimp/irregular_forms","Group: text10-vision1 - evaluation/blimp/irregular_forms__MIN","Group: text10-vision1 - evaluation/blimp/irregular_forms__MAX","Group: text10-vision10 - evaluation/blimp/irregular_forms","Group: text10-vision10 - evaluation/blimp/irregular_forms__MIN","Group: text10-vision10 - evaluation/blimp/irregular_forms__MAX","Group: text10-vision100 - evaluation/blimp/irregular_forms","Group: text10-vision100 - evaluation/blimp/irregular_forms__MIN","Group: text10-vision100 - evaluation/blimp/irregular_forms__MAX"
"130","58.72999954223633","48.349998474121094","69.11000061035156","56.28499984741211","51.70000076293945","60.869998931884766","50.7400016784668","50.7400016784668","50.7400016784668","48.2400016784668","48.2400016784668","48.2400016784668","65.23999786376953","65.23999786376953","65.23999786376953","65.80000305175781","65.80000305175781","65.80000305175781","","","","","",""
"131","51.86000061035156","51.86000061035156","51.86000061035156","","","","","","","","","","","","","","","","50.84000015258789","50.84000015258789","50.84000015258789","51.810001373291016","51.810001373291016","51.810001373291016"
"327","55.39499855041504","45.45000076293945","65.33999633789062","56.795000076293945","54.400001525878906","59.189998626708984","","","","","","","","","","","","","","","","","",""
"328","59.900001525878906","59.900001525878906","59.900001525878906","","","","","","","","","","","","","","","","","","","","",""
"332","","","","","","","57.20000076293945","57.20000076293945","57.20000076293945","54.810001373291016","54.810001373291016","54.810001373291016","59.75","59.75","59.75","68.55000305175781","68.55000305175781","68.55000305175781","","","","","",""
"333","","","","","","","","","","","","","","","","","","","58.52000045776367","58.52000045776367","58.52000045776367","55.52000045776367","55.52000045776367","55.52000045776367"
"459","56.029998779296875","55.619998931884766","56.439998626708984","60.78499984741211","59.029998779296875","62.540000915527344","","","","","","","","","","","","","","","","","",""
"460","57.29999923706055","57.29999923706055","57.29999923706055","","","","","","","","","","","","","","","","","","","","",""
"469","","","","","","","53.4900016784668","53.4900016784668","53.4900016784668","55.97999954223633","55.97999954223633","55.97999954223633","62.849998474121094","62.849998474121094","62.849998474121094","61.58000183105469","61.58000183105469","61.58000183105469","","","","","",""
"470","","","","","","","","","","","","","","","","","","","59.290000915527344","59.290000915527344","59.290000915527344","58.41999816894531","58.41999816894531","58.41999816894531"
"656","52.744998931884766","49.2599983215332","56.22999954223633","57.33000183105469","56.08000183105469","58.58000183105469","","","","","","","","","","","","","","","","","",""
"657","58.02000045776367","58.02000045776367","58.02000045776367","","","","","","","","","","","","","","","","","","","","",""
"671","","","","","","","52.41999816894531","52.41999816894531","52.41999816894531","52.2599983215332","52.2599983215332","52.2599983215332","58.97999954223633","58.97999954223633","58.97999954223633","61.68000030517578","61.68000030517578","61.68000030517578","","","","","",""
"672","","","","","","","","","","","","","","","","","","","60.04999923706055","60.04999923706055","60.04999923706055","59.63999938964844","59.63999938964844","59.63999938964844"
"788","54.959999084472656","51.5","58.41999816894531","59.79499816894531","58.41999816894531","61.16999816894531","","","","","","","","","","","","","","","","","",""
"789","57.349998474121094","57.349998474121094","57.349998474121094","","","","","","","","","","","","","","","","","","","","",""
"808","","","","","","","53.7400016784668","53.7400016784668","53.7400016784668","50.7400016784668","50.7400016784668","50.7400016784668","53.59000015258789","53.59000015258789","53.59000015258789","63.04999923706055","63.04999923706055","63.04999923706055","","","","","",""
"809","","","","","","","","","","","","","","","","","","","59.290000915527344","59.290000915527344","59.290000915527344","63.40999984741211","63.40999984741211","63.40999984741211"
"985","60.86499786376953","56.38999938964844","65.33999633789062","63.78999900817871","61.72999954223633","65.8499984741211","","","","","","","","","","","","","","","","","",""
"986","65.55000305175781","65.55000305175781","65.55000305175781","","","","","","","","","","","","","","","","","","","","",""
"1010","","","","","","","55.11000061035156","55.11000061035156","55.11000061035156","46.40999984741211","46.40999984741211","46.40999984741211","57.400001525878906","57.400001525878906","57.400001525878906","66.41000366210938","66.41000366210938","66.41000366210938","","","","","",""
"1011","","","","","","","","","","","","","","","","","","","61.779998779296875","61.779998779296875","61.779998779296875","64.88999938964844","64.88999938964844","64.88999938964844"
"1117","59.670000076293945","58.630001068115234","60.709999084472656","65.11499977111816","61.119998931884766","69.11000061035156","","","","","","","","","","","","","","","","","",""
"1118","69.7699966430664","69.7699966430664","69.7699966430664","","","","","","","","","","","","","","","","","","","","",""
"1147","","","","","","","58.02000045776367","58.02000045776367","58.02000045776367","60.150001525878906","60.150001525878906","60.150001525878906","63.310001373291016","63.310001373291016","63.310001373291016","68.8499984741211","68.8499984741211","68.8499984741211","","","","","",""
"1148","","","","","","","","","","","","","","","","","","","63.560001373291016","63.560001373291016","63.560001373291016","67.68000030517578","67.68000030517578","67.68000030517578"
"1314","60.04999923706055","58.119998931884766","61.97999954223633","66.43499755859375","65.33999633789062","67.52999877929688","","","","","","","","","","","","","","","","","",""
"1315","68.04000091552734","68.04000091552734","68.04000091552734","","","","","","","","","","","","","","","","","","","","",""
"1349","","","","","","","52.060001373291016","52.060001373291016","52.060001373291016","57.959999084472656","57.959999084472656","57.959999084472656","66.20999908447266","66.20999908447266","66.20999908447266","68.8499984741211","68.8499984741211","68.8499984741211","","","","","",""
"1350","","","","","","","","","","","","","","","","","","","66.20999908447266","66.20999908447266","66.20999908447266","70.98999786376953","70.98999786376953","70.98999786376953"
"1446","63.204999923706055","63.04999923706055","63.36000061035156","65.83000183105469","65.5","66.16000366210938","","","","","","","","","","","","","","","","","",""
"1447","64.2699966430664","64.2699966430664","64.2699966430664","","","","","","","","","","","","","","","","","","","","",""
"1486","","","","","","","66.87000274658203","66.87000274658203","66.87000274658203","70.43000030517578","70.43000030517578","70.43000030517578","76.08000183105469","76.08000183105469","76.08000183105469","68.30000305175781","68.30000305175781","68.30000305175781","","","","","",""
"1487","","","","","","","","","","","","","","","","","","","69.66999816894531","69.66999816894531","69.66999816894531","74.5","74.5","74.5"
"1643","73.79000091552734","70.27999877929688","77.30000305175781","71.29999923706055","70.58999633789062","72.01000213623047","","","","","","","","","","","","","","","","","",""
"1644","67.79000091552734","67.79000091552734","67.79000091552734","","","","","","","","","","","","","","","","","","","","",""
"1688","","","","","","","71.08999633789062","71.08999633789062","71.08999633789062","64.88999938964844","64.88999938964844","64.88999938964844","73.94000244140625","73.94000244140625","73.94000244140625","69.7699966430664","69.7699966430664","69.7699966430664","","","","","",""
"1689","","","","","","","","","","","","","","","","","","","73.54000091552734","73.54000091552734","73.54000091552734","75.56999969482422","75.56999969482422","75.56999969482422"
"1775","76.08000183105469","70.94000244140625","81.22000122070312","74.3499984741211","73.02999877929688","75.66999816894531","","","","","","","","","","","","","","","","","",""
"1776","78.2699966430664","78.2699966430664","78.2699966430664","","","","","","","","","","","","","","","","","","","","",""
"1825","","","","","","","69.62000274658203","69.62000274658203","69.62000274658203","68.08999633789062","68.08999633789062","68.08999633789062","78.77999877929688","78.77999877929688","78.77999877929688","73.37999725341797","73.37999725341797","73.37999725341797","","","","","",""
"1826","","","","","","","","","","","","","","","","","","","70.69000244140625","70.69000244140625","70.69000244140625","70.63999938964844","70.63999938964844","70.63999938964844"
"1972","80.04999923706055","78.83000183105469","81.2699966430664","76.54000091552734","76.08000183105469","77","","","","","","","","","","","","","","","","","",""
"1973","79.75","79.75","79.75","","","","","","","","","","","","","","","","","","","","",""
"2027","","","","","","","75.37000274658203","75.37000274658203","75.37000274658203","71.44999694824219","71.44999694824219","71.44999694824219","82.33999633789062","82.33999633789062","82.33999633789062","76.12999725341797","76.12999725341797","76.12999725341797","","","","","",""
"2028","","","","","","","","","","","","","","","","","","","70.79000091552734","70.79000091552734","70.79000091552734","71.5","71.5","71.5"
"2104","81.375","80.51000213623047","82.23999786376953","78.27000045776367","77.30000305175781","79.23999786376953","","","","","","","","","","","","","","","","","",""
"2105","80.25","80.25","80.25","","","","","","","","","","","","","","","","","","","","",""
"2164","","","","","","","80.66000366210938","80.66000366210938","80.66000366210938","75.62000274658203","75.62000274658203","75.62000274658203","83.97000122070312","83.97000122070312","83.97000122070312","74.3499984741211","74.3499984741211","74.3499984741211","","","","","",""
"2165","","","","","","","","","","","","","","","","","","","73.54000091552734","73.54000091552734","73.54000091552734","77.55999755859375","77.55999755859375","77.55999755859375"
"2301","83.79000091552734","83.45999908447266","84.12000274658203","75.36999893188477","74.4000015258789","76.33999633789062","","","","","","","","","","","","","","","","","",""
"2302","80.87000274658203","80.87000274658203","80.87000274658203","","","","","","","","","","","","","","","","","","","","",""
"2366","","","","","","","80.76000213623047","80.76000213623047","80.76000213623047","79.69000244140625","79.69000244140625","79.69000244140625","82.44000244140625","82.44000244140625","82.44000244140625","75.41999816894531","75.41999816894531","75.41999816894531","","","","","",""
"2367","","","","","","","","","","","","","","","","","","","81.37000274658203","81.37000274658203","81.37000274658203","78.12000274658203","78.12000274658203","78.12000274658203"
"2433","84.80999755859375","84.62999725341797","84.98999786376953","76.30999755859375","76.27999877929688","76.33999633789062","","","","","","","","","","","","","","","","","",""
"2434","80.76000213623047","80.76000213623047","80.76000213623047","","","","","","","","","","","","","","","","","","","","",""
"2503","","","","","","","79.9000015258789","79.9000015258789","79.9000015258789","82.04000091552734","82.04000091552734","82.04000091552734","82.5999984741211","82.5999984741211","82.5999984741211","78.41999816894531","78.41999816894531","78.41999816894531","","","","","",""
"2504","","","","","","","","","","","","","","","","","","","82.33999633789062","82.33999633789062","82.33999633789062","83.55999755859375","83.55999755859375","83.55999755859375"
"2630","84.16999816894531","83.55999755859375","84.77999877929688","77.25499725341797","72.87999725341797","81.62999725341797","","","","","","","","","","","","","","","","","",""
"2631","80.51000213623047","80.51000213623047","80.51000213623047","","","","","","","","","","","","","","","","","","","","",""
"2705","","","","","","","78.62999725341797","78.62999725341797","78.62999725341797","79.58999633789062","79.58999633789062","79.58999633789062","79.8499984741211","79.8499984741211","79.8499984741211","78.58000183105469","78.58000183105469","78.58000183105469","","","","","",""
"2706","","","","","","","","","","","","","","","","","","","80.61000061035156","80.61000061035156","80.61000061035156","81.06999969482422","81.06999969482422","81.06999969482422"
"2762","83.46500015258789","82.5999984741211","84.33000183105469","80.53499984741211","79.94999694824219","81.12000274658203","","","","","","","","","","","","","","","","","",""
"2763","78.37000274658203","78.37000274658203","78.37000274658203","","","","","","","","","","","","","","","","","","","","",""
"2842","","","","","","","78.0199966430664","78.0199966430664","78.0199966430664","84.22000122070312","84.22000122070312","84.22000122070312","79.69000244140625","79.69000244140625","79.69000244140625","78.7300033569336","78.7300033569336","78.7300033569336","","","","","",""
"2843","","","","","","","","","","","","","","","","","","","81.9800033569336","81.9800033569336","81.9800033569336","76.83999633789062","76.83999633789062","76.83999633789062"
"2959","84.17499923706055","82.04000091552734","86.30999755859375","78.09000015258789","74.44999694824219","81.7300033569336","","","","","","","","","","","","","","","","","",""
"2960","78.58000183105469","78.58000183105469","78.58000183105469","","","","","","","","","","","","","","","","","","","","",""
"3044","","","","","","","77.66000366210938","77.66000366210938","77.66000366210938","80.61000061035156","80.61000061035156","80.61000061035156","81.9800033569336","81.9800033569336","81.9800033569336","76.33999633789062","76.33999633789062","76.33999633789062","","","","","",""
"3045","","","","","","","","","","","","","","","","","","","82.6500015258789","82.6500015258789","82.6500015258789","84.7300033569336","84.7300033569336","84.7300033569336"
"3091","85.26499938964844","83.55999755859375","86.97000122070312","80.79000091552734","80.05000305175781","81.52999877929688","","","","","","","","","","","","","","","","","",""
"3092","78.68000030517578","78.68000030517578","78.68000030517578","","","","","","","","","","","","","","","","","","","","",""
"3181","","","","","","","78.2699966430664","78.2699966430664","78.2699966430664","79.44000244140625","79.44000244140625","79.44000244140625","77.86000061035156","77.86000061035156","77.86000061035156","76.2300033569336","76.2300033569336","76.2300033569336","","","","","",""
"3182","","","","","","","","","","","","","","","","","","","83.0999984741211","83.0999984741211","83.0999984741211","86.66999816894531","86.66999816894531","86.66999816894531"
"3288","82.5199966430664","82.08999633789062","82.94999694824219","78.98500061035156","75.16999816894531","82.80000305175781","","","","","","","","","","","","","","","","","",""
"3289","78.0199966430664","78.0199966430664","78.0199966430664","","","","","","","","","","","","","","","","","","","","",""
"3383","","","","","","","79.33999633789062","79.33999633789062","79.33999633789062","77.51000213623047","77.51000213623047","77.51000213623047","78.41999816894531","78.41999816894531","78.41999816894531","80.80999755859375","80.80999755859375","80.80999755859375","","","","","",""
"3384","","","","","","","","","","","","","","","","","","","86.11000061035156","86.11000061035156","86.11000061035156","77.86000061035156","77.86000061035156","77.86000061035156"
"3420","84.9900016784668","84.94000244140625","85.04000091552734","77.07500076293945","70.73999786376953","83.41000366210938","","","","","","","","","","","","","","","","","",""
"3421","79.23999786376953","79.23999786376953","79.23999786376953","","","","","","","","","","","","","","","","","","","","",""
"3520","","","","","","","74.19999694824219","74.19999694824219","74.19999694824219","74.86000061035156","74.86000061035156","74.86000061035156","76.44000244140625","76.44000244140625","76.44000244140625","80.80999755859375","80.80999755859375","80.80999755859375","","","","","",""
"3521","","","","","","","","","","","","","","","","","","","84.52999877929688","84.52999877929688","84.52999877929688","81.58000183105469","81.58000183105469","81.58000183105469"
"3617","84.30000305175781","83.66000366210938","84.94000244140625","77.70999908447266","73.79000091552734","81.62999725341797","","","","","","","","","","","","","","","","","",""
"3618","83.91999816894531","83.91999816894531","83.91999816894531","","","","","","","","","","","","","","","","","","","","",""
"3722","","","","","","","73.18000030517578","73.18000030517578","73.18000030517578","78.12000274658203","78.12000274658203","78.12000274658203","80.91999816894531","80.91999816894531","80.91999816894531","84.16999816894531","84.16999816894531","84.16999816894531","","","","","",""
"3723","","","","","","","","","","","","","","","","","","","82.29000091552734","82.29000091552734","82.29000091552734","85.19000244140625","85.19000244140625","85.19000244140625"
"3749","83.63500213623047","82.44000244140625","84.83000183105469","78.95999908447266","77","80.91999816894531","","","","","","","","","","","","","","","","","",""
"3750","81.77999877929688","81.77999877929688","81.77999877929688","","","","","","","","","","","","","","","","","","","","",""
"3859","","","","","","","77.45999908447266","77.45999908447266","77.45999908447266","79.63999938964844","79.63999938964844","79.63999938964844","81.58000183105469","81.58000183105469","81.58000183105469","80.36000061035156","80.36000061035156","80.36000061035156","","","","","",""
"3860","","","","","","","","","","","","","","","","","","","85.9000015258789","85.9000015258789","85.9000015258789","81.31999969482422","81.31999969482422","81.31999969482422"
"3946","83.91500091552734","82.44000244140625","85.38999938964844","78.5250015258789","75.37000274658203","81.68000030517578","","","","","","","","","","","","","","","","","",""
"3947","86.26000213623047","86.26000213623047","86.26000213623047","","","","","","","","","","","","","","","","","","","","",""
"4061","","","","","","","75.56999969482422","75.56999969482422","75.56999969482422","79.33999633789062","79.33999633789062","79.33999633789062","78.93000030517578","78.93000030517578","78.93000030517578","77.3499984741211","77.3499984741211","77.3499984741211","","","","","",""
"4062","","","","","","","","","","","","","","","","","","","84.16999816894531","84.16999816894531","84.16999816894531","79.80000305175781","79.80000305175781","79.80000305175781"
"4078","83.15499877929688","82.29000091552734","84.0199966430664","79.74499893188477","77.25","82.23999786376953","","","","","","","","","","","","","","","","","",""
"4079","84.52999877929688","84.52999877929688","84.52999877929688","","","","","","","","","","","","","","","","","","","","",""
"4198","","","","","","","76.54000091552734","76.54000091552734","76.54000091552734","77.3499984741211","77.3499984741211","77.3499984741211","76.18000030517578","76.18000030517578","76.18000030517578","77.66000366210938","77.66000366210938","77.66000366210938","","","","","",""
"4199","","","","","","","","","","","","","","","","","","","83.05000305175781","83.05000305175781","83.05000305175781","78.58000183105469","78.58000183105469","78.58000183105469"
"4275","81.12000274658203","80.51000213623047","81.7300033569336","79.36000061035156","76.27999877929688","82.44000244140625","","","","","","","","","","","","","","","","","",""
"4276","82.33999633789062","82.33999633789062","82.33999633789062","","","","","","","","","","","","","","","","","","","","",""
"4400","","","","","","","74.66000366210938","74.66000366210938","74.66000366210938","74.05000305175781","74.05000305175781","74.05000305175781","76.58999633789062","76.58999633789062","76.58999633789062","78.58000183105469","78.58000183105469","78.58000183105469","","","","","",""
"4401","","","","","","","","","","","","","","","","","","","84.98999786376953","84.98999786376953","84.98999786376953","81.2699966430664","81.2699966430664","81.2699966430664"
"4407","82.52000045776367","80.55999755859375","84.4800033569336","78.65500259399414","75.83000183105469","81.4800033569336","","","","","","","","","","","","","","","","","",""
"4408","84.58000183105469","84.58000183105469","84.58000183105469","","","","","","","","","","","","","","","","","","","","",""
"4537","","","","","","","75.31999969482422","75.31999969482422","75.31999969482422","78.62999725341797","78.62999725341797","78.62999725341797","","","","76.73999786376953","76.73999786376953","76.73999786376953","","","","","",""
"4538","","","","","","","","","","","","","","","","","","","86.72000122070312","86.72000122070312","86.72000122070312","84.68000030517578","84.68000030517578","84.68000030517578"
"4604","82.09000015258789","80.45999908447266","83.72000122070312","78.80500030517578","75.16999816894531","82.44000244140625","","","","","","","","","","","","","","","","","",""
"4605","82.19000244140625","82.19000244140625","82.19000244140625","","","","","","","","","","","","","","","","","","","","",""
"4668","","","","","","","","","","","","","73.69000244140625","73.69000244140625","73.69000244140625","","","","","","","","",""
"4736","81.76000213623047","80.36000061035156","83.16000366210938","80.13000106811523","77.51000213623047","82.75","","","","","","","","","","","","","","","","","",""
"4737","82.23999786376953","82.23999786376953","82.23999786376953","","","","","","","","","","","","","","","","","","","","",""
"4739","","","","","","","80.41000366210938","80.41000366210938","80.41000366210938","77.70999908447266","77.70999908447266","77.70999908447266","","","","83.30999755859375","83.30999755859375","83.30999755859375","","","","","",""
"4740","","","","","","","","","","","","","","","","","","","82.38999938964844","82.38999938964844","82.38999938964844","78.93000030517578","78.93000030517578","78.93000030517578"
"4870","","","","","","","","","","","","","78.12000274658203","78.12000274658203","78.12000274658203","","","","","","","","",""
"4876","","","","","","","77","77","77","77","77","77","","","","80.45999908447266","80.45999908447266","80.45999908447266","","","","","",""
"4877","","","","","","","","","","","","","","","","","","","85.5999984741211","85.5999984741211","85.5999984741211","82.54000091552734","82.54000091552734","82.54000091552734"
"4933","80.84000015258789","80.51000213623047","81.16999816894531","78.29500198364258","75.62000274658203","80.97000122070312","","","","","","","","","","","","","","","","","",""
"4934","86.30999755859375","86.30999755859375","86.30999755859375","","","","","","","","","","","","","","","","","","","","",""
"5007","","","","","","","","","","","","","78.58000183105469","78.58000183105469","78.58000183105469","","","","","","","","",""
"5065","78.72500228881836","76.79000091552734","80.66000366210938","79.15999984741211","79.12999725341797","79.19000244140625","","","","","","","","","","","","","","","","","",""
"5066","83.30999755859375","83.30999755859375","83.30999755859375","","","","","","","","","","","","","","","","","","","","",""
"5078","","","","","","","75.56999969482422","75.56999969482422","75.56999969482422","78.93000030517578","78.93000030517578","78.93000030517578","","","","79.48999786376953","79.48999786376953","79.48999786376953","","","","","",""
"5079","","","","","","","","","","","","","","","","","","","83.16000366210938","83.16000366210938","83.16000366210938","78.2699966430664","78.2699966430664","78.2699966430664"
"5209","","","","","","","","","","","","","76.79000091552734","76.79000091552734","76.79000091552734","","","","","","","","",""
"5215","","","","","","","77.3499984741211","77.3499984741211","77.3499984741211","75.77999877929688","75.77999877929688","75.77999877929688","","","","79.9000015258789","79.9000015258789","79.9000015258789","","","","","",""
"5216","","","","","","","","","","","","","","","","","","","85.8499984741211","85.8499984741211","85.8499984741211","78.9800033569336","78.9800033569336","78.9800033569336"
"5262","79.43999862670898","77.25","81.62999725341797","78.34500122070312","77.95999908447266","78.7300033569336","","","","","","","","","","","","","","","","","",""
"5263","81.58000183105469","81.58000183105469","81.58000183105469","","","","","","","","","","","","","","","","","","","","",""
"5264","","","","77.95999908447266","77.95999908447266","77.95999908447266","","","","","","","","","","","","","","","","","",""
"5346","","","","","","","","","","","","","77.25","77.25","77.25","","","","","","","","",""
"5394","79.71999740600586","78.41999816894531","81.0199966430664","78.41999816894531","78.41999816894531","78.41999816894531","","","","","","","","","","","","","","","","","",""
"5395","84.88999938964844","84.88999938964844","84.88999938964844","","","","","","","","","","","","","","","","","","","","",""
"5417","","","","","","","77.55999755859375","77.55999755859375","77.55999755859375","76.38999938964844","76.38999938964844","76.38999938964844","","","","81.41999816894531","81.41999816894531","81.41999816894531","","","","","",""
"5418","","","","","","","","","","","","","","","","","","","79.8499984741211","79.8499984741211","79.8499984741211","82.75","82.75","82.75"
"5548","","","","","","","","","","","","","74.25","74.25","74.25","","","","","","","","",""
"5554","","","","","","","73.08000183105469","73.08000183105469","73.08000183105469","73.98999786376953","73.98999786376953","73.98999786376953","","","","83.61000061035156","83.61000061035156","83.61000061035156","","","","","",""
"5555","","","","","","","","","","","","","","","","","","","85.5999984741211","85.5999984741211","85.5999984741211","79.54000091552734","79.54000091552734","79.54000091552734"
"5591","79.1349983215332","78.06999969482422","80.19999694824219","","","","","","","","","","","","","","","","","","","","",""
"5592","82.80000305175781","82.80000305175781","82.80000305175781","","","","","","","","","","","","","","","","","","","","",""
"5685","","","","","","","","","","","","","78.9800033569336","78.9800033569336","78.9800033569336","","","","","","","","",""
"5723","78.44499969482422","76.18000030517578","80.70999908447266","","","","","","","","","","","","","","","","","","","","",""
"5724","81.0199966430664","81.0199966430664","81.0199966430664","","","","","","","","","","","","","","","","","","","","",""
"5756","","","","","","","79.75","79.75","79.75","75.01000213623047","75.01000213623047","75.01000213623047","","","","82.23999786376953","82.23999786376953","82.23999786376953","","","","","",""
"5757","","","","","","","","","","","","","","","","","","","83.51000213623047","83.51000213623047","83.51000213623047","81.37000274658203","81.37000274658203","81.37000274658203"
"5887","","","","","","","","","","","","","78.7300033569336","78.7300033569336","78.7300033569336","","","","","","","","",""
"5893","","","","","","","76.33999633789062","76.33999633789062","76.33999633789062","76.48999786376953","76.48999786376953","76.48999786376953","","","","81.41999816894531","81.41999816894531","81.41999816894531","","","","","",""
"5894","","","","","","","","","","","","","","","","","","","78.68000030517578","78.68000030517578","78.68000030517578","80.61000061035156","80.61000061035156","80.61000061035156"
"5920","78.72999954223633","78.06999969482422","79.38999938964844","","","","","","","","","","","","","","","","","","","","",""
"5921","84.88999938964844","84.88999938964844","84.88999938964844","","","","","","","","","","","","","","","","","","","","",""
"6024","","","","","","","","","","","","","79.12999725341797","79.12999725341797","79.12999725341797","","","","","","","","",""
"6052","78.88000106811523","78.06999969482422","79.69000244140625","","","","","","","","","","","","","","","","","","","","",""
"6053","82.19000244140625","82.19000244140625","82.19000244140625","","","","","","","","","","","","","","","","","","","","",""
"6095","","","","","","","77.0999984741211","77.0999984741211","77.0999984741211","75.22000122070312","75.22000122070312","75.22000122070312","","","","84.77999877929688","84.77999877929688","84.77999877929688","","","","","",""
"6096","","","","","","","","","","","","","","","","","","","82.6500015258789","82.6500015258789","82.6500015258789","84.16999816894531","84.16999816894531","84.16999816894531"
"6226","","","","","","","","","","","","","81.22000122070312","81.22000122070312","81.22000122070312","","","","","","","","",""
"6232","","","","","","","75.16999816894531","75.16999816894531","75.16999816894531","76.9000015258789","76.9000015258789","76.9000015258789","","","","","","","","","","","",""
"6233","","","","","","","","","","","","","","","","85.94999694824219","85.94999694824219","85.94999694824219","84.16999816894531","84.16999816894531","84.16999816894531","84.43000030517578","84.43000030517578","84.43000030517578"
"6249","79.84499740600586","77.3499984741211","82.33999633789062","","","","","","","","","","","","","","","","","","","","",""
"6250","81.87999725341797","81.87999725341797","81.87999725341797","","","","","","","","","","","","","","","","","","","","",""
"6363","","","","","","","","","","","","","80.80999755859375","80.80999755859375","80.80999755859375","","","","","","","","",""
"6381","79.13500213623047","77.76000213623047","80.51000213623047","","","","","","","","","","","","","","","","","","","","",""
"6382","82.80000305175781","82.80000305175781","82.80000305175781","","","","","","","","","","","","","","","","","","","","",""
"6434","","","","","","","75.9800033569336","75.9800033569336","75.9800033569336","77","77","77","","","","","","","","","","","",""
"6435","","","","","","","","","","","","","","","","79.29000091552734","79.29000091552734","79.29000091552734","80.66000366210938","80.66000366210938","80.66000366210938","83.81999969482422","83.81999969482422","83.81999969482422"
"6565","","","","","","","","","","","","","77.80999755859375","77.80999755859375","77.80999755859375","","","","","","","","",""
"6571","","","","","","","76.38999938964844","76.38999938964844","76.38999938964844","72.81999969482422","72.81999969482422","72.81999969482422","","","","","","","","","","","",""
"6572","","","","","","","","","","","","","","","","80.76000213623047","80.76000213623047","80.76000213623047","83.26000213623047","83.26000213623047","83.26000213623047","86.87000274658203","86.87000274658203","86.87000274658203"
"6578","80.61000061035156","78.83000183105469","82.38999938964844","","","","","","","","","","","","","","","","","","","","",""
"6579","82.38999938964844","82.38999938964844","82.38999938964844","","","","","","","","","","","","","","","","","","","","",""
"6702","","","","","","","","","","","","","79.02999877929688","79.02999877929688","79.02999877929688","","","","","","","","",""
"6710","81.8849983215332","80.55999755859375","83.20999908447266","","","","","","","","","","","","","","","","","","","","",""
"6711","80.61000061035156","80.61000061035156","80.61000061035156","","","","","","","","","","","","","","","","","","","","",""
"6773","","","","","","","73.48999786376953","73.48999786376953","73.48999786376953","77","77","77","","","","","","","","","","","",""
"6774","","","","","","","","","","","","","","","","80.45999908447266","80.45999908447266","80.45999908447266","82.54000091552734","82.54000091552734","82.54000091552734","84.12000274658203","84.12000274658203","84.12000274658203"
"6904","","","","","","","","","","","","","79.69000244140625","79.69000244140625","79.69000244140625","","","","","","","","",""
"6907","82.26499938964844","82.04000091552734","82.48999786376953","","","","","","","","","","","","","","","","","","","","",""
"6908","81.37000274658203","81.37000274658203","81.37000274658203","","","","","","","","","","","","","","","","","","","","",""
"6910","","","","","","","71.19999694824219","71.19999694824219","71.19999694824219","77.91000366210938","77.91000366210938","77.91000366210938","","","","","","","","","","","",""
"6911","","","","","","","","","","","","","","","","80.87000274658203","80.87000274658203","80.87000274658203","78.77999877929688","78.77999877929688","78.77999877929688","84.68000030517578","84.68000030517578","84.68000030517578"
"7039","79.77000045776367","78.16999816894531","81.37000274658203","","","","","","","","","","","","","","","","","","","","",""
"7040","80.76000213623047","80.76000213623047","80.76000213623047","","","","","","","","","","","","","","","","","","","","",""
"7041","","","","","","","","","","","","","76.79000091552734","76.79000091552734","76.79000091552734","","","","","","","","",""
"7112","","","","","","","75.7300033569336","75.7300033569336","75.7300033569336","75.16999816894531","75.16999816894531","75.16999816894531","","","","","","","","","","","",""
"7113","","","","","","","","","","","","","","","","78.06999969482422","78.06999969482422","78.06999969482422","84.58000183105469","84.58000183105469","84.58000183105469","81.22000122070312","81.22000122070312","81.22000122070312"
"7236","79.56999969482422","78.2699966430664","80.87000274658203","","","","","","","","","","","","","","","","","","","","",""
"7237","81.93000030517578","81.93000030517578","81.93000030517578","","","","","","","","","","","","","","","","","","","","",""
"7243","","","","","","","","","","","","","77","77","77","","","","","","","","",""
"7249","","","","","","","72.11000061035156","72.11000061035156","72.11000061035156","76.48999786376953","76.48999786376953","76.48999786376953","","","","","","","","","","","",""
"7250","","","","","","","","","","","","","","","","77.3499984741211","77.3499984741211","77.3499984741211","83.72000122070312","83.72000122070312","83.72000122070312","86.55999755859375","86.55999755859375","86.55999755859375"
"7368","81.73500061035156","80.87000274658203","82.5999984741211","","","","","","","","","","","","","","","","","","","","",""
"7369","80.87000274658203","80.87000274658203","80.87000274658203","","","","","","","","","","","","","","","","","","","","",""
"7380","","","","","","","","","","","","","76.44000244140625","76.44000244140625","76.44000244140625","","","","","","","","",""
"7451","","","","","","","73.08000183105469","73.08000183105469","73.08000183105469","75.22000122070312","75.22000122070312","75.22000122070312","","","","","","","","","","","",""
"7452","","","","","","","","","","","","","","","","77.55999755859375","77.55999755859375","77.55999755859375","81.4800033569336","81.4800033569336","81.4800033569336","85.5999984741211","85.5999984741211","85.5999984741211"
"7565","81.29999923706055","79.94999694824219","82.6500015258789","","","","","","","","","","","","","","","","","","","","",""
"7566","81.93000030517578","81.93000030517578","81.93000030517578","","","","","","","","","","","","","","","","","","","","",""
"7582","","","","","","","","","","","","","79.9000015258789","79.9000015258789","79.9000015258789","","","","","","","","",""
"7588","","","","","","","74.44999694824219","74.44999694824219","74.44999694824219","80.80999755859375","80.80999755859375","80.80999755859375","","","","","","","","","","","",""
"7589","","","","","","","","","","","","","","","","80.0999984741211","80.0999984741211","80.0999984741211","83.36000061035156","83.36000061035156","83.36000061035156","83.51000213623047","83.51000213623047","83.51000213623047"
"7697","83.22999954223633","81.37000274658203","85.08999633789062","","","","","","","","","","","","","","","","","","","","",""
"7698","81.83000183105469","81.83000183105469","81.83000183105469","","","","","","","","","","","","","","","","","","","","",""
"7719","","","","","","","","","","","","","78.47000122070312","78.47000122070312","78.47000122070312","","","","","","","","",""
"7790","","","","","","","72.56999969482422","72.56999969482422","72.56999969482422","79.9000015258789","79.9000015258789","79.9000015258789","","","","","","","","","","","",""
"7791","","","","","","","","","","","","","","","","81.87999725341797","81.87999725341797","81.87999725341797","82.69999694824219","82.69999694824219","82.69999694824219","85.94999694824219","85.94999694824219","85.94999694824219"
"7894","82.7750015258789","80.97000122070312","84.58000183105469","","","","","","","","","","","","","","","","","","","","",""
"7895","82.08999633789062","82.08999633789062","82.08999633789062","","","","","","","","","","","","","","","","","","","","",""
"7921","","","","","","","","","","","","","77.80999755859375","77.80999755859375","77.80999755859375","","","","","","","","",""
"7927","","","","","","","75.11000061035156","75.11000061035156","75.11000061035156","79.33999633789062","79.33999633789062","79.33999633789062","","","","","","","","","","","",""
"7928","","","","","","","","","","","","","","","","82.04000091552734","82.04000091552734","82.04000091552734","82.29000091552734","82.29000091552734","82.29000091552734","86.62000274658203","86.62000274658203","86.62000274658203"
"8026","80.30500030517578","79.29000091552734","81.31999969482422","","","","","","","","","","","","","","","","","","","","",""
"8027","81.9800033569336","81.9800033569336","81.9800033569336","","","","","","","","","","","","","","","","","","","","",""
"8058","","","","","","","","","","","","","80.80999755859375","80.80999755859375","80.80999755859375","","","","","","","","",""
"8129","","","","","","","72.9800033569336","72.9800033569336","72.9800033569336","77.3499984741211","77.3499984741211","77.3499984741211","","","","","","","","","","","",""
"8130","","","","","","","","","","","","","","","","81.41999816894531","81.41999816894531","81.41999816894531","83.7699966430664","83.7699966430664","83.7699966430664","85.94999694824219","85.94999694824219","85.94999694824219"
"8223","83.89500045776367","81.68000030517578","86.11000061035156","","","","","","","","","","","","","","","","","","","","",""
"8224","82.13999938964844","82.13999938964844","82.13999938964844","","","","","","","","","","","","","","","","","","","","",""
"8260","","","","","","","","","","","","","79.44000244140625","79.44000244140625","79.44000244140625","","","","","","","","",""
"8266","","","","","","","73.54000091552734","73.54000091552734","73.54000091552734","","","","","","","","","","","","","","",""
"8267","","","","","","","","","","","","","","","","81.31999969482422","81.31999969482422","81.31999969482422","80.41000366210938","80.41000366210938","80.41000366210938","83.51000213623047","83.51000213623047","83.51000213623047"
"8355","83.28499984741211","82.5999984741211","83.97000122070312","","","","","","","","","","","","","","","","","","","","",""
"8356","82.9000015258789","82.9000015258789","82.9000015258789","","","","","","","","","","","","","","","","","","","","",""
"8397","","","","","","","","","","","","","76.38999938964844","76.38999938964844","76.38999938964844","","","","","","","","",""
"8468","","","","","","","73.58999633789062","73.58999633789062","73.58999633789062","","","","","","","","","","","","","","",""
"8469","","","","","","","","","","","","","","","","79.58999633789062","79.58999633789062","79.58999633789062","80.80999755859375","80.80999755859375","80.80999755859375","83.91999816894531","83.91999816894531","83.91999816894531"
"8552","82.06500244140625","80.87000274658203","83.26000213623047","","","","","","","","","","","","","","","","","","","","",""
"8553","83.26000213623047","83.26000213623047","83.26000213623047","","","","","","","","","","","","","","","","","","","","",""
"8599","","","","","","","","","","","","","76.69000244140625","76.69000244140625","76.69000244140625","","","","","","","","",""
"8605","","","","","","","75.16999816894531","75.16999816894531","75.16999816894531","","","","","","","","","","","","","","",""
"8606","","","","","","","","","","","","","","","","78.0199966430664","78.0199966430664","78.0199966430664","79.02999877929688","79.02999877929688","79.02999877929688","82.38999938964844","82.38999938964844","82.38999938964844"
"8684","82.77000045776367","80.76000213623047","84.77999877929688","","","","","","","","","","","","","","","","","","","","",""
"8685","83.81999969482422","83.81999969482422","83.81999969482422","","","","","","","","","","","","","","","","","","","","",""
"8736","","","","","","","","","","","","","75.9800033569336","75.9800033569336","75.9800033569336","","","","","","","","",""
"8807","","","","","","","71.95999908447266","71.95999908447266","71.95999908447266","","","","","","","","","","","","","","",""
"8808","","","","","","","","","","","","","","","","79.19000244140625","79.19000244140625","79.19000244140625","79.12999725341797","79.12999725341797","79.12999725341797","82.23999786376953","82.23999786376953","82.23999786376953"
"8881","81.47999954223633","80.87000274658203","82.08999633789062","","","","","","","","","","","","","","","","","","","","",""
"8882","80.66000366210938","80.66000366210938","80.66000366210938","","","","","","","","","","","","","","","","","","","","",""
"8944","","","","","","","74.76000213623047","74.76000213623047","74.76000213623047","","","","","","","","","","","","","","",""
"8945","","","","","","","","","","","","","","","","82.13999938964844","82.13999938964844","82.13999938964844","78.41999816894531","78.41999816894531","78.41999816894531","82.48999786376953","82.48999786376953","82.48999786376953"
"9013","83.76499938964844","82.69999694824219","84.83000183105469","","","","","","","","","","","","","","","","","","","","",""
"9014","83.81999969482422","83.81999969482422","83.81999969482422","","","","","","","","","","","","","","","","","","","","",""
"9146","","","","","","","71.5","71.5","71.5","","","","","","","","","","","","","","",""
"9147","","","","","","","","","","","","","","","","81.41999816894531","81.41999816894531","81.41999816894531","80.80999755859375","80.80999755859375","80.80999755859375","79.33999633789062","79.33999633789062","79.33999633789062"
"9210","82.43999862670898","82.33999633789062","82.54000091552734","","","","","","","","","","","","","","","","","","","","",""
"9211","82.80000305175781","82.80000305175781","82.80000305175781","","","","","","","","","","","","","","","","","","","","",""
"9283","","","","","","","74.66000366210938","74.66000366210938","74.66000366210938","","","","","","","","","","","","","","",""
"9284","","","","","","","","","","","","","","","","81.9800033569336","81.9800033569336","81.9800033569336","76.73999786376953","76.73999786376953","76.73999786376953","77.86000061035156","77.86000061035156","77.86000061035156"
"9342","82.92499923706055","82.33999633789062","83.51000213623047","","","","","","","","","","","","","","","","","","","","",""
"9343","80.87000274658203","80.87000274658203","80.87000274658203","","","","","","","","","","","","","","","","","","","","",""
"9485","","","","","","","74.4000015258789","74.4000015258789","74.4000015258789","","","","","","","","","","","","","","",""
"9486","","","","","","","","","","","","","","","","82.38999938964844","82.38999938964844","82.38999938964844","82.80000305175781","82.80000305175781","82.80000305175781","82.38999938964844","82.38999938964844","82.38999938964844"
"9539","82.20999908447266","79.63999938964844","84.77999877929688","","","","","","","","","","","","","","","","","","","","",""
"9540","81.06999969482422","81.06999969482422","81.06999969482422","","","","","","","","","","","","","","","","","","","","",""
"9622","","","","","","","73.88999938964844","73.88999938964844","73.88999938964844","","","","","","","","","","","","","","",""
"9623","","","","","","","","","","","","","","","","81.12000274658203","81.12000274658203","81.12000274658203","84.58000183105469","84.58000183105469","84.58000183105469","83.0999984741211","83.0999984741211","83.0999984741211"
"9671","82.46999740600586","82.23999786376953","82.69999694824219","","","","","","","","","","","","","","","","","","","","",""
"9672","81.62999725341797","81.62999725341797","81.62999725341797","","","","","","","","","","","","","","","","","","","","",""
"9824","","","","","","","74.70999908447266","74.70999908447266","74.70999908447266","","","","","","","","","","","","","","",""
"9825","","","","","","","","","","","","","","","","81.77999877929688","81.77999877929688","81.77999877929688","83.7699966430664","83.7699966430664","83.7699966430664","83.72000122070312","83.72000122070312","83.72000122070312"
"9868","82.29000091552734","80.41000366210938","84.16999816894531","","","","","","","","","","","","","","","","","","","","",""
"9869","82.44000244140625","82.44000244140625","82.44000244140625","","","","","","","","","","","","","","","","","","","","",""
"9961","","","","","","","70.43000030517578","70.43000030517578","70.43000030517578","","","","","","","","","","","","","","",""
"9962","","","","","","","","","","","","","","","","82.6500015258789","82.6500015258789","82.6500015258789","81.93000030517578","81.93000030517578","81.93000030517578","84.88999938964844","84.88999938964844","84.88999938964844"
"10000","82.75","81.77999877929688","83.72000122070312","","","","","","","","","","","","","","","","","","","","",""
"10001","84.37999725341797","84.37999725341797","84.37999725341797","","","","","","","","","","","","","","","","","","","","",""
"10163","","","","","","","70.02999877929688","70.02999877929688","70.02999877929688","","","","","","","","","","","","","","",""
"10164","","","","","","","","","","","","","","","","78.83000183105469","78.83000183105469","78.83000183105469","78.68000030517578","78.68000030517578","78.68000030517578","82.94999694824219","82.94999694824219","82.94999694824219"
"10197","82.54499816894531","81.87999725341797","83.20999908447266","","","","","","","","","","","","","","","","","","","","",""
"10198","83.26000213623047","83.26000213623047","83.26000213623047","","","","","","","","","","","","","","","","","","","","",""
"10301","","","","","","","","","","","","","","","","80.19999694824219","80.19999694824219","80.19999694824219","85.13999938964844","85.13999938964844","85.13999938964844","83.61000061035156","83.61000061035156","83.61000061035156"
"10329","82.56999969482422","81.31999969482422","83.81999969482422","","","","","","","","","","","","","","","","","","","","",""
"10330","83.05000305175781","83.05000305175781","83.05000305175781","","","","","","","","","","","","","","","","","","","","",""
"10503","","","","","","","","","","","","","","","","78.68000030517578","78.68000030517578","78.68000030517578","","","","","",""
"10526","83.30999755859375","81.0199966430664","85.5999984741211","","","","","","","","","","","","","","","","","","","","",""
"10527","81.7300033569336","81.7300033569336","81.7300033569336","","","","","","","","","","","","","","","","","","","","",""
"10571","","","","","","","","","","","","","","","","","","","80.70999908447266","80.70999908447266","80.70999908447266","","",""
"10640","","","","","","","","","","","","","","","","77.86000061035156","77.86000061035156","77.86000061035156","","","","","",""
"10658","84.07000350952148","83.66000366210938","84.4800033569336","","","","","","","","","","","","","","","","","","","","",""
"10659","82.13999938964844","82.13999938964844","82.13999938964844","","","","","","","","","","","","","","","","","","","","",""
"10698","","","","","","","","","","","","","","","","","","","","","","83.55999755859375","83.55999755859375","83.55999755859375"
"10773","","","","","","","","","","","","","","","","","","","82.9000015258789","82.9000015258789","82.9000015258789","","",""
"10835","","","","","","","","","","","","","","","","","","","","","","85.29000091552734","85.29000091552734","85.29000091552734"
"10842","","","","","","","","","","","","","","","","77.76000213623047","77.76000213623047","77.76000213623047","","","","","",""
"10855","82.875","81.9800033569336","83.7699966430664","","","","","","","","","","","","","","","","","","","","",""
"10856","82.54000091552734","82.54000091552734","82.54000091552734","","","","","","","","","","","","","","","","","","","","",""
"10910","","","","","","","","","","","","","","","","","","","84.0199966430664","84.0199966430664","84.0199966430664","","",""
"10987","83.84499740600586","82.5999984741211","85.08999633789062","","","","","","","","","","","","","","","","","","","","",""
"10988","82.80000305175781","82.80000305175781","82.80000305175781","","","","","","","","","","","","","","","","","","","","",""
"11037","","","","","","","","","","","","","","","","","","","","","","84.43000030517578","84.43000030517578","84.43000030517578"
"11045","","","","","","","","","","","","","","","","77.3499984741211","77.3499984741211","77.3499984741211","","","","","",""
"11112","","","","","","","","","","","","","","","","","","","81.37000274658203","81.37000274658203","81.37000274658203","","",""
"11174","","","","","","","","","","","","","","","","","","","","","","83.41000366210938","83.41000366210938","83.41000366210938"
"11182","","","","","","","","","","","","","","","","79.38999938964844","79.38999938964844","79.38999938964844","","","","","",""
"11184","83.71500015258789","82.38999938964844","85.04000091552734","","","","","","","","","","","","","","","","","","","","",""
"11185","83.05000305175781","83.05000305175781","83.05000305175781","","","","","","","","","","","","","","","","","","","","",""
"11249","","","","","","","","","","","","","","","","","","","81.06999969482422","81.06999969482422","81.06999969482422","","",""
"11316","83.68999862670898","81.52999877929688","85.8499984741211","","","","","","","","","","","","","","","","","","","","",""
"11317","80.70999908447266","80.70999908447266","80.70999908447266","","","","","","","","","","","","","","","","","","","","",""
"11376","","","","","","","","","","","","","","","","","","","","","","83.55999755859375","83.55999755859375","83.55999755859375"
"11384","","","","","","","","","","","","","","","","80.66000366210938","80.66000366210938","80.66000366210938","","","","","",""
"11451","","","","","","","","","","","","","","","","","","","81.0199966430664","81.0199966430664","81.0199966430664","","",""
"11513","82.29000091552734","81.16999816894531","83.41000366210938","","","","","","","","","","","","","","","","","","","84.37999725341797","84.37999725341797","84.37999725341797"
"11514","84.12000274658203","84.12000274658203","84.12000274658203","","","","","","","","","","","","","","","","","","","","",""
"11521","","","","","","","","","","","","","","","","81.37000274658203","81.37000274658203","81.37000274658203","","","","","",""
"11588","","","","","","","","","","","","","","","","","","","85.5999984741211","85.5999984741211","85.5999984741211","","",""
"11645","83.54000091552734","81.52999877929688","85.55000305175781","","","","","","","","","","","","","","","","","","","","",""
"11646","84.43000030517578","84.43000030517578","84.43000030517578","","","","","","","","","","","","","","","","","","","","",""
"11715","","","","","","","","","","","","","","","","","","","","","","85.13999938964844","85.13999938964844","85.13999938964844"
"11723","","","","","","","","","","","","","","","","81.87999725341797","81.87999725341797","81.87999725341797","","","","","",""
"11725","","","","","","","","","","","","","","","","","","","81.83000183105469","81.83000183105469","81.83000183105469","","",""
"11732","","","","","","","","","","","","","","","","","","","81.83000183105469","81.83000183105469","81.83000183105469","","",""
"11842","82.80000305175781","82.44000244140625","83.16000366210938","","","","","","","","","","","","","","","","","","","","",""
"11843","85.94999694824219","85.94999694824219","85.94999694824219","","","","","","","","","","","","","","","","","","","","",""
"11852","","","","","","","","","","","","","","","","","","","","","","83.55999755859375","83.55999755859375","83.55999755859375"
"11863","","","","","","","","","","","","","","","","","","","88.08999633789062","88.08999633789062","88.08999633789062","","",""
"11870","","","","","","","","","","","","","","","","","","","88.08999633789062","88.08999633789062","88.08999633789062","","",""
"11926","","","","","","","","","","","","","","","","78.2699966430664","78.2699966430664","78.2699966430664","","","","","",""
"11974","82.66999816894531","81.31999969482422","84.0199966430664","","","","","","","","","","","","","","","","","","","","",""
"11975","85.29000091552734","85.29000091552734","85.29000091552734","","","","","","","","","","","","","","","","","","","","",""
"12054","","","","","","","","","","","","","","","","","","","","","","85.23999786376953","85.23999786376953","85.23999786376953"
"12066","","","","","","","","","","","","","","","","","","","84.06999969482422","84.06999969482422","84.06999969482422","","",""
"12129","","","","","","","","","","","","","","","","82.6500015258789","82.6500015258789","82.6500015258789","","","","","",""
"12171","83.6150016784668","83.51000213623047","83.72000122070312","","","","","","","","","","","","","","","","","","","","",""
"12172","85.75","85.75","85.75","","","","","","","","","","","","","","","","","","","","",""
"12191","","","","","","","","","","","","","","","","","","","","","","87.37999725341797","87.37999725341797","87.37999725341797"
"12198","","","","","","","","","","","","","","","","","","","","","","85.69999694824219","85.69999694824219","85.69999694824219"
"12203","","","","","","","","","","","","","","","","","","","84.33000183105469","84.33000183105469","84.33000183105469","","",""
"12205","","","","","","","","","","","","","","","","","","","","","","85.69999694824219","85.69999694824219","85.69999694824219"
"12267","","","","","","","","","","","","","","","","81.52999877929688","81.52999877929688","81.52999877929688","","","","","",""
"12271","","","","","","","","","","","","","","","","","","","","","","87.4800033569336","87.4800033569336","87.4800033569336"
"12303","83.68999862670898","82.48999786376953","84.88999938964844","","","","","","","","","","","","","","","","","","","","",""
"12304","82.6500015258789","82.6500015258789","82.6500015258789","","","","","","","","","","","","","","","","","","","","",""
"12405","","","","","","","","","","","","","","","","","","","80.41000366210938","80.41000366210938","80.41000366210938","","",""
"12469","","","","","","","","","","","","","","","","82.38999938964844","82.38999938964844","82.38999938964844","","","","","",""
"12473","","","","","","","","","","","","","","","","","","","","","","84.0199966430664","84.0199966430664","84.0199966430664"
"12500","82.7750015258789","80.51000213623047","85.04000091552734","","","","","","","","","","","","","","","","","","","","",""
"12501","84.7300033569336","84.7300033569336","84.7300033569336","","","","","","","","","","","","","","","","","","","","",""
"12542","","","","","","","","","","","","","","","","","","","82.29000091552734","82.29000091552734","82.29000091552734","","",""
"12606","","","","","","","","","","","","","","","","81.9800033569336","81.9800033569336","81.9800033569336","","","","","",""
"12610","","","","","","","","","","","","","","","","","","","","","","81.83000183105469","81.83000183105469","81.83000183105469"
"12632","83.61499786376953","83.30999755859375","83.91999816894531","","","","","","","","","","","","","","","","","","","","",""
"12633","81.2699966430664","81.2699966430664","81.2699966430664","","","","","","","","","","","","","","","","","","","","",""
"12744","","","","","","","","","","","","","","","","","","","81.77999877929688","81.77999877929688","81.77999877929688","","",""
"12808","","","","","","","","","","","","","","","","80","80","80","","","","","",""
"12812","","","","","","","","","","","","","","","","","","","","","","78.06999969482422","78.06999969482422","78.06999969482422"
"12829","82.36999893188477","80.30999755859375","84.43000030517578","","","","","","","","","","","","","","","","","","","","",""
"12830","82.08999633789062","82.08999633789062","82.08999633789062","","","","","","","","","","","","","","","","","","","","",""
"12881","","","","","","","","","","","","","","","","","","","83.66000366210938","83.66000366210938","83.66000366210938","","",""
"12945","","","","","","","","","","","","","","","","80.45999908447266","80.45999908447266","80.45999908447266","","","","","",""
"12949","","","","","","","","","","","","","","","","","","","","","","82.44000244140625","82.44000244140625","82.44000244140625"
"12961","83.59000015258789","81.4800033569336","85.69999694824219","","","","","","","","","","","","","","","","","","","","",""
"12962","82.23999786376953","82.23999786376953","82.23999786376953","","","","","","","","","","","","","","","","","","","","",""
"13083","","","","","","","","","","","","","","","","","","","84.22000122070312","84.22000122070312","84.22000122070312","","",""
"13147","","","","","","","","","","","","","","","","80.19999694824219","80.19999694824219","80.19999694824219","","","","","",""
"13151","","","","","","","","","","","","","","","","","","","","","","84.33000183105469","84.33000183105469","84.33000183105469"
"13158","83.99499893188477","82.48999786376953","85.5","","","","","","","","","","","","","","","","","","","","",""
"13159","82.13999938964844","82.13999938964844","82.13999938964844","","","","","","","","","","","","","","","","","","","","",""
"13220","","","","","","","","","","","","","","","","","","","84.22000122070312","84.22000122070312","84.22000122070312","","",""
"13284","","","","","","","","","","","","","","","","83.26000213623047","83.26000213623047","83.26000213623047","","","","","",""
"13288","","","","","","","","","","","","","","","","","","","","","","85.6500015258789","85.6500015258789","85.6500015258789"
"13290","82.97999954223633","80.97000122070312","84.98999786376953","","","","","","","","","","","","","","","","","","","","",""
"13291","82.8499984741211","82.8499984741211","82.8499984741211","","","","","","","","","","","","","","","","","","","","",""
"13422","","","","","","","","","","","","","","","","","","","83.45999908447266","83.45999908447266","83.45999908447266","","",""
"13486","","","","","","","","","","","","","","","","80.05000305175781","80.05000305175781","80.05000305175781","","","","","",""
"13487","82.77499771118164","80.55999755859375","84.98999786376953","","","","","","","","","","","","","","","","","","","","",""
"13488","82.69999694824219","82.69999694824219","82.69999694824219","","","","","","","","","","","","","","","","","","","","",""
"13490","","","","","","","","","","","","","","","","","","","","","","83.66000366210938","83.66000366210938","83.66000366210938"
"13559","","","","","","","","","","","","","","","","","","","84.4800033569336","84.4800033569336","84.4800033569336","","",""
"13619","84.45500183105469","83.72000122070312","85.19000244140625","","","","","","","","","","","","","","","","","","","","",""
"13620","82.23999786376953","82.23999786376953","82.23999786376953","","","","","","","","","","","","","","","","","","","","",""
"13623","","","","","","","","","","","","","","","","81.4800033569336","81.4800033569336","81.4800033569336","","","","","",""
"13627","","","","","","","","","","","","","","","","","","","","","","85.13999938964844","85.13999938964844","85.13999938964844"
"13761","","","","","","","","","","","","","","","","","","","84.0199966430664","84.0199966430664","84.0199966430664","","",""
"13816","84.11999893188477","84.06999969482422","84.16999816894531","","","","","","","","","","","","","","","","","","","","",""
"13817","84.06999969482422","84.06999969482422","84.06999969482422","","","","","","","","","","","","","","","","","","","","",""
"13825","","","","","","","","","","","","","","","","79.12999725341797","79.12999725341797","79.12999725341797","","","","","",""
"13829","","","","","","","","","","","","","","","","","","","","","","85.23999786376953","85.23999786376953","85.23999786376953"
"13898","","","","","","","","","","","","","","","","","","","83.55999755859375","83.55999755859375","83.55999755859375","","",""
"13948","82.625","81.4800033569336","83.7699966430664","","","","","","","","","","","","","","","","","","","","",""
"13949","82.38999938964844","82.38999938964844","82.38999938964844","","","","","","","","","","","","","","","","","","","","",""
"13962","","","","","","","","","","","","","","","","82.13999938964844","82.13999938964844","82.13999938964844","","","","","",""
"13966","","","","","","","","","","","","","","","","","","","","","","85.33999633789062","85.33999633789062","85.33999633789062"
"14100","","","","","","","","","","","","","","","","","","","82.23999786376953","82.23999786376953","82.23999786376953","","",""
"14145","82.9749984741211","82.48999786376953","83.45999908447266","","","","","","","","","","","","","","","","","","","","",""
"14146","83.61000061035156","83.61000061035156","83.61000061035156","","","","","","","","","","","","","","","","","","","","",""
"14164","","","","","","","","","","","","","","","","81.4800033569336","81.4800033569336","81.4800033569336","","","","","",""
"14168","","","","","","","","","","","","","","","","","","","","","","84.58000183105469","84.58000183105469","84.58000183105469"
"14237","","","","","","","","","","","","","","","","","","","83.26000213623047","83.26000213623047","83.26000213623047","","",""
"14277","83.2300033569336","81.9800033569336","84.4800033569336","","","","","","","","","","","","","","","","","","","","",""
"14278","82.5999984741211","82.5999984741211","82.5999984741211","","","","","","","","","","","","","","","","","","","","",""
"14301","","","","","","","","","","","","","","","","80.80999755859375","80.80999755859375","80.80999755859375","","","","","",""
"14305","","","","","","","","","","","","","","","","","","","","","","84.52999877929688","84.52999877929688","84.52999877929688"
"14439","","","","","","","","","","","","","","","","","","","81.37000274658203","81.37000274658203","81.37000274658203","","",""
"14474","84.06999969482422","83.30999755859375","84.83000183105469","","","","","","","","","","","","","","","","","","","","",""
"14475","81.62999725341797","81.62999725341797","81.62999725341797","","","","","","","","","","","","","","","","","","","","",""
"14503","","","","","","","","","","","","","","","","81.06999969482422","81.06999969482422","81.06999969482422","","","","","",""
"14507","","","","","","","","","","","","","","","","","","","","","","85.38999938964844","85.38999938964844","85.38999938964844"
"14576","","","","","","","","","","","","","","","","","","","83.66000366210938","83.66000366210938","83.66000366210938","","",""
"14606","84.57999801635742","84.0199966430664","85.13999938964844","","","","","","","","","","","","","","","","","","","","",""
"14607","85.23999786376953","85.23999786376953","85.23999786376953","","","","","","","","","","","","","","","","","","","","",""
"14640","","","","","","","","","","","","","","","","82.44000244140625","82.44000244140625","82.44000244140625","","","","","",""
"14644","","","","","","","","","","","","","","","","","","","","","","82.75","82.75","82.75"
"14778","","","","","","","","","","","","","","","","","","","82.80000305175781","82.80000305175781","82.80000305175781","","",""
"14803","83.66500091552734","83.41000366210938","83.91999816894531","","","","","","","","","","","","","","","","","","","","",""
"14804","82.48999786376953","82.48999786376953","82.48999786376953","","","","","","","","","","","","","","","","","","","","",""
"14842","","","","","","","","","","","","","","","","80.30999755859375","80.30999755859375","80.30999755859375","","","","","",""
"14846","","","","","","","","","","","","","","","","","","","","","","82.5999984741211","82.5999984741211","82.5999984741211"
"14915","","","","","","","","","","","","","","","","","","","82.69999694824219","82.69999694824219","82.69999694824219","","",""
"14935","83.99499893188477","83.36000061035156","84.62999725341797","","","","","","","","","","","","","","","","","","","","",""
"14936","83.91999816894531","83.91999816894531","83.91999816894531","","","","","","","","","","","","","","","","","","","","",""
"14979","","","","","","","","","","","","","","","","77.61000061035156","77.61000061035156","77.61000061035156","","","","","",""
"14983","","","","","","","","","","","","","","","","","","","","","","84.43000030517578","84.43000030517578","84.43000030517578"
"15117","","","","","","","","","","","","","","","","","","","83.26000213623047","83.26000213623047","83.26000213623047","","",""
"15132","84.52999877929688","83.55999755859375","85.5","","","","","","","","","","","","","","","","","","","","",""
"15133","84.33000183105469","84.33000183105469","84.33000183105469","","","","","","","","","","","","","","","","","","","","",""
"15181","","","","","","","","","","","","","","","","81.52999877929688","81.52999877929688","81.52999877929688","","","","","",""
"15185","","","","","","","","","","","","","","","","","","","","","","81.7300033569336","81.7300033569336","81.7300033569336"
"15192","","","","","","","","","","","","","","","","","","","","","","81.7300033569336","81.7300033569336","81.7300033569336"
"15254","","","","","","","","","","","","","","","","","","","84.94000244140625","84.94000244140625","84.94000244140625","","",""
"15264","82.9000015258789","81.37000274658203","84.43000030517578","","","","","","","","","","","","","","","","","","","","",""
"15265","85.13999938964844","85.13999938964844","85.13999938964844","","","","","","","","","","","","","","","","","","","","",""
"15318","","","","","","","","","","","","","","","","82.13999938964844","82.13999938964844","82.13999938964844","","","","","",""
"15388","","","","","","","","","","","","","","","","","","","","","","85.13999938964844","85.13999938964844","85.13999938964844"
"15456","","","","","","","","","","","","","","","","","","","85.55000305175781","85.55000305175781","85.55000305175781","","",""
"15461","82.82500076293945","81.4800033569336","84.16999816894531","","","","","","","","","","","","","","","","","","","","",""
"15462","85.5999984741211","85.5999984741211","85.5999984741211","","","","","","","","","","","","","","","","","","","","",""
"15463","","","","","","","","","","","","","","","","","","","85.55000305175781","85.55000305175781","85.55000305175781","","",""
"15520","","","","","","","","","","","","","","","","80.76000213623047","80.76000213623047","80.76000213623047","","","","","",""
"15525","","","","","","","","","","","","","","","","","","","","","","84.52999877929688","84.52999877929688","84.52999877929688"
"15529","","","","","","","","","","","","","","","","","","","83.05000305175781","83.05000305175781","83.05000305175781","","",""
"15593","83.2599983215332","82.5999984741211","83.91999816894531","","","","","","","","","","","","","","","","","","","","",""
"15594","84.52999877929688","84.52999877929688","84.52999877929688","","","","","","","","","","","","","","","","","","","","",""
"15657","","","","","","","","","","","","","","","","80.87000274658203","80.87000274658203","80.87000274658203","","","","","",""
"15666","","","","","","","","","","","","","","","","","","","86.30999755859375","86.30999755859375","86.30999755859375","","",""
"15727","","","","","","","","","","","","","","","","","","","","","","82.44000244140625","82.44000244140625","82.44000244140625"
"15790","84.09500122070312","83.61000061035156","84.58000183105469","","","","","","","","","","","","","","","","","","","","",""
"15791","85.69999694824219","85.69999694824219","85.69999694824219","","","","","","","","","","","","","","","","","","","","",""
"15859","","","","","","","","","","","","","","","","84.16999816894531","84.16999816894531","84.16999816894531","","","","","",""
"15864","","","","","","","","","","","","","","","","","","","","","","82.69999694824219","82.69999694824219","82.69999694824219"
"15868","","","","","","","","","","","","","","","","","","","85.04000091552734","85.04000091552734","85.04000091552734","","",""
"15922","83.26000213623047","81.58000183105469","84.94000244140625","","","","","","","","","","","","","","","","","","","","",""
"15923","84.7300033569336","84.7300033569336","84.7300033569336","","","","","","","","","","","","","","","","","","","","",""
"15925","84.7300033569336","84.7300033569336","84.7300033569336","","","","","","","","","","","","","","","","","","","","",""
"15996","","","","","","","","","","","","","","","","82.08999633789062","82.08999633789062","82.08999633789062","","","","","",""
"16005","","","","","","","","","","","","","","","","","","","84.83000183105469","84.83000183105469","84.83000183105469","","",""
"16066","","","","","","","","","","","","","","","","","","","","","","83.55999755859375","83.55999755859375","83.55999755859375"
"16119","82.67499923706055","80.91999816894531","84.43000030517578","","","","","","","","","","","","","","","","","","","","",""
"16121","80.91999816894531","80.91999816894531","80.91999816894531","","","","","","","","","","","","","","","","","","","","",""
"16198","","","","","","","","","","","","","","","","81.31999969482422","81.31999969482422","81.31999969482422","","","","","",""
"16203","","","","","","","","","","","","","","","","","","","","","","86.16000366210938","86.16000366210938","86.16000366210938"
"16207","","","","","","","","","","","","","","","","","","","83.61000061035156","83.61000061035156","83.61000061035156","","",""
"16251","86.01000213623047","86.01000213623047","86.01000213623047","","","","","","","","","","","","","","","","","","","","",""
"16335","","","","","","","","","","","","","","","","83.45999908447266","83.45999908447266","83.45999908447266","","","","","",""
"16344","","","","","","","","","","","","","","","","","","","84.06999969482422","84.06999969482422","84.06999969482422","","",""
"16405","","","","","","","","","","","","","","","","","","","","","","85.6500015258789","85.6500015258789","85.6500015258789"
"16448","85.33999633789062","85.33999633789062","85.33999633789062","","","","","","","","","","","","","","","","","","","","",""
"16537","","","","","","","","","","","","","","","","82.69999694824219","82.69999694824219","82.69999694824219","","","","","",""
"16542","","","","","","","","","","","","","","","","","","","","","","86.7699966430664","86.7699966430664","86.7699966430664"
"16546","","","","","","","","","","","","","","","","","","","83","83","83","","",""
"16580","83.61000061035156","83.61000061035156","83.61000061035156","","","","","","","","","","","","","","","","","","","","",""
"16674","","","","","","","","","","","","","","","","81.93000030517578","81.93000030517578","81.93000030517578","","","","","",""
"16683","","","","","","","","","","","","","","","","","","","83.66000366210938","83.66000366210938","83.66000366210938","","",""
"16744","","","","","","","","","","","","","","","","","","","","","","85.13999938964844","85.13999938964844","85.13999938964844"
"16777","86.51000213623047","86.51000213623047","86.51000213623047","","","","","","","","","","","","","","","","","","","","",""
"16876","","","","","","","","","","","","","","","","84.16999816894531","84.16999816894531","84.16999816894531","","","","","",""
"16881","","","","","","","","","","","","","","","","","","","","","","83.66000366210938","83.66000366210938","83.66000366210938"
"16885","","","","","","","","","","","","","","","","","","","85.75","85.75","85.75","","",""
"16888","","","","","","","","","","","","","","","","","","","","","","83.66000366210938","83.66000366210938","83.66000366210938"
"16892","","","","","","","","","","","","","","","","","","","85.75","85.75","85.75","","",""
"16909","84.0199966430664","84.0199966430664","84.0199966430664","","","","","","","","","","","","","","","","","","","","",""
"17013","","","","","","","","","","","","","","","","81.22000122070312","81.22000122070312","81.22000122070312","","","","","",""
"17106","84.77999877929688","84.77999877929688","84.77999877929688","","","","","","","","","","","","","","","","","","","","",""
"17215","","","","","","","","","","","","","","","","83.41000366210938","83.41000366210938","83.41000366210938","","","","","",""
"17238","86.05999755859375","86.05999755859375","86.05999755859375","","","","","","","","","","","","","","","","","","","","",""
"17352","","","","","","","","","","","","","","","","79.69000244140625","79.69000244140625","79.69000244140625","","","","","",""
"17435","82.29000091552734","82.29000091552734","82.29000091552734","","","","","","","","","","","","","","","","","","","","",""
"17554","","","","","","","","","","","","","","","","81.58000183105469","81.58000183105469","81.58000183105469","","","","","",""
"17567","81.68000030517578","81.68000030517578","81.68000030517578","","","","","","","","","","","","","","","","","","","","",""
"17691","","","","","","","","","","","","","","","","83","83","83","","","","","",""
"17764","83.7699966430664","83.7699966430664","83.7699966430664","","","","","","","","","","","","","","","","","","","","",""
"17893","","","","","","","","","","","","","","","","82.94999694824219","82.94999694824219","82.94999694824219","","","","","",""
"17896","79.02999877929688","79.02999877929688","79.02999877929688","","","","","","","","","","","","","","","","","","","","",""
"18030","","","","","","","","","","","","","","","","83.30999755859375","83.30999755859375","83.30999755859375","","","","","",""
"18093","83.55999755859375","83.55999755859375","83.55999755859375","","","","","","","","","","","","","","","","","","","","",""
"18225","84.06999969482422","84.06999969482422","84.06999969482422","","","","","","","","","","","","","","","","","","","","",""
"18422","83.72000122070312","83.72000122070312","83.72000122070312","","","","","","","","","","","","","","","","","","","","",""
"18554","83","83","83","","","","","","","","","","","","","","","","","","","","",""
"18751","82.04000091552734","82.04000091552734","82.04000091552734","","","","","","","","","","","","","","","","","","","","",""
"18883","85.6500015258789","85.6500015258789","85.6500015258789","","","","","","","","","","","","","","","","","","","","",""
"19080","85.38999938964844","85.38999938964844","85.38999938964844","","","","","","","","","","","","","","","","","","","","",""
"19212","83.51000213623047","83.51000213623047","83.51000213623047","","","","","","","","","","","","","","","","","","","","",""
"19409","82.29000091552734","82.29000091552734","82.29000091552734","","","","","","","","","","","","","","","","","","","","",""
"19541","82.13999938964844","82.13999938964844","82.13999938964844","","","","","","","","","","","","","","","","","","","","",""
"19738","83.51000213623047","83.51000213623047","83.51000213623047","","","","","","","","","","","","","","","","","","","","",""
"19870","82.8499984741211","82.8499984741211","82.8499984741211","","","","","","","","","","","","","","","","","","","","",""
"20067","83.81999969482422","83.81999969482422","83.81999969482422","","","","","","","","","","","","","","","","","","","","",""
"20199","82.9000015258789","82.9000015258789","82.9000015258789","","","","","","","","","","","","","","","","","","","","",""
"20396","83.26000213623047","83.26000213623047","83.26000213623047","","","","","","","","","","","","","","","","","","","","",""
"20528","84.43000030517578","84.43000030517578","84.43000030517578","","","","","","","","","","","","","","","","","","","","",""
"20725","83.26000213623047","83.26000213623047","83.26000213623047","","","","","","","","","","","","","","","","","","","","",""
"20857","82.5999984741211","82.5999984741211","82.5999984741211","","","","","","","","","","","","","","","","","","","","",""
"21054","82.29000091552734","82.29000091552734","82.29000091552734","","","","","","","","","","","","","","","","","","","","",""
"21186","85.55000305175781","85.55000305175781","85.55000305175781","","","","","","","","","","","","","","","","","","","","",""
"21383","84.98999786376953","84.98999786376953","84.98999786376953","","","","","","","","","","","","","","","","","","","","",""
"21515","85.55000305175781","85.55000305175781","85.55000305175781","","","","","","","","","","","","","","","","","","","","",""
"21712","82.23999786376953","82.23999786376953","82.23999786376953","","","","","","","","","","","","","","","","","","","","",""
"21844","83.20999908447266","83.20999908447266","83.20999908447266","","","","","","","","","","","","","","","","","","","","",""
"22041","82.80000305175781","82.80000305175781","82.80000305175781","","","","","","","","","","","","","","","","","","","","",""
"22173","83.45999908447266","83.45999908447266","83.45999908447266","","","","","","","","","","","","","","","","","","","","",""
"22370","81.77999877929688","81.77999877929688","81.77999877929688","","","","","","","","","","","","","","","","","","","","",""
"22502","82.04000091552734","82.04000091552734","82.04000091552734","","","","","","","","","","","","","","","","","","","","",""
"22699","81.87999725341797","81.87999725341797","81.87999725341797","","","","","","","","","","","","","","","","","","","","",""
"22831","83.41000366210938","83.41000366210938","83.41000366210938","","","","","","","","","","","","","","","","","","","","",""
"23028","83.97000122070312","83.97000122070312","83.97000122070312","","","","","","","","","","","","","","","","","","","","",""
"23160","85.19000244140625","85.19000244140625","85.19000244140625","","","","","","","","","","","","","","","","","","","","",""
"23357","84.4800033569336","84.4800033569336","84.4800033569336","","","","","","","","","","","","","","","","","","","","",""
"23489","84.52999877929688","84.52999877929688","84.52999877929688","","","","","","","","","","","","","","","","","","","","",""
"23686","83.05000305175781","83.05000305175781","83.05000305175781","","","","","","","","","","","","","","","","","","","","",""
"23818","84.98999786376953","84.98999786376953","84.98999786376953","","","","","","","","","","","","","","","","","","","","",""