"Step","Group: text10-vision0 - evaluation/blimp/island_effects","Group: text10-vision0 - evaluation/blimp/island_effects__MIN","Group: text10-vision0 - evaluation/blimp/island_effects__MAX","Group: text1-vision0 - evaluation/blimp/island_effects","Group: text1-vision0 - evaluation/blimp/island_effects__MIN","Group: text1-vision0 - evaluation/blimp/island_effects__MAX","Group: text1-vision100 - evaluation/blimp/island_effects","Group: text1-vision100 - evaluation/blimp/island_effects__MIN","Group: text1-vision100 - evaluation/blimp/island_effects__MAX","Group: text1-vision10 - evaluation/blimp/island_effects","Group: text1-vision10 - evaluation/blimp/island_effects__MIN","Group: text1-vision10 - evaluation/blimp/island_effects__MAX","Group: text1-vision1 - evaluation/blimp/island_effects","Group: text1-vision1 - evaluation/blimp/island_effects__MIN","Group: text1-vision1 - evaluation/blimp/island_effects__MAX","Group: text10-vision1 - evaluation/blimp/island_effects","Group: text10-vision1 - evaluation/blimp/island_effects__MIN","Group: text10-vision1 - evaluation/blimp/island_effects__MAX","Group: text10-vision10 - evaluation/blimp/island_effects","Group: text10-vision10 - evaluation/blimp/island_effects__MIN","Group: text10-vision10 - evaluation/blimp/island_effects__MAX","Group: text10-vision100 - evaluation/blimp/island_effects","Group: text10-vision100 - evaluation/blimp/island_effects__MIN","Group: text10-vision100 - evaluation/blimp/island_effects__MAX"
"130","49.66499900817871","47.90999984741211","51.41999816894531","52.20500183105469","51.83000183105469","52.58000183105469","53.060001373291016","53.060001373291016","53.060001373291016","49.88999938964844","49.88999938964844","49.88999938964844","45.220001220703125","45.220001220703125","45.220001220703125","51.20000076293945","51.20000076293945","51.20000076293945","","","","","",""
"131","52.43000030517578","52.43000030517578","52.43000030517578","","","","","","","","","","","","","","","","50.63999938964844","50.63999938964844","50.63999938964844","50.40999984741211","50.40999984741211","50.40999984741211"
"327","50.470001220703125","48.36000061035156","52.58000183105469","50.18499946594238","49.099998474121094","51.27000045776367","","","","","","","","","","","","","","","","","",""
"328","49.779998779296875","49.779998779296875","49.779998779296875","","","","","","","","","","","","","","","","","","","","",""
"332","","","","","","","50.189998626708984","50.189998626708984","50.189998626708984","50.93000030517578","50.93000030517578","50.93000030517578","47.27000045776367","47.27000045776367","47.27000045776367","51.04999923706055","51.04999923706055","51.04999923706055","","","","","",""
"333","","","","","","","","","","","","","","","","","","","48.209999084472656","48.209999084472656","48.209999084472656","47.56999969482422","47.56999969482422","47.56999969482422"
"459","52.635000228881836","49.290000915527344","55.97999954223633","52.48499870300293","50.599998474121094","54.369998931884766","","","","","","","","","","","","","","","","","",""
"460","51.15999984741211","51.15999984741211","51.15999984741211","","","","","","","","","","","","","","","","","","","","",""
"469","","","","","","","48.36000061035156","48.36000061035156","48.36000061035156","50.93000030517578","50.93000030517578","50.93000030517578","48.650001525878906","48.650001525878906","48.650001525878906","50.34000015258789","50.34000015258789","50.34000015258789","","","","","",""
"470","","","","","","","","","","","","","","","","","","","49.959999084472656","49.959999084472656","49.959999084472656","50.599998474121094","50.599998474121094","50.599998474121094"
"656","53.53000068664551","51.15999984741211","55.900001525878906","55.15500068664551","54.220001220703125","56.09000015258789","","","","","","","","","","","","","","","","","",""
"657","55.869998931884766","55.869998931884766","55.869998931884766","","","","","","","","","","","","","","","","","","","","",""
"671","","","","","","","54.189998626708984","54.189998626708984","54.189998626708984","50.93000030517578","50.93000030517578","50.93000030517578","52.16999816894531","52.16999816894531","52.16999816894531","50.75","50.75","50.75","","","","","",""
"672","","","","","","","","","","","","","","","","","","","49.93000030517578","49.93000030517578","49.93000030517578","50.900001525878906","50.900001525878906","50.900001525878906"
"788","55.4900016784668","52.2400016784668","58.7400016784668","56.875","56.459999084472656","57.290000915527344","","","","","","","","","","","","","","","","","",""
"789","59.0099983215332","59.0099983215332","59.0099983215332","","","","","","","","","","","","","","","","","","","","",""
"808","","","","","","","50.06999969482422","50.06999969482422","50.06999969482422","52.31999969482422","52.31999969482422","52.31999969482422","54.220001220703125","54.220001220703125","54.220001220703125","49.630001068115234","49.630001068115234","49.630001068115234","","","","","",""
"809","","","","","","","","","","","","","","","","","","","49.959999084472656","49.959999084472656","49.959999084472656","50","50","50"
"985","59.02499961853027","54.779998779296875","63.27000045776367","58.7450008392334","57.36000061035156","60.130001068115234","","","","","","","","","","","","","","","","","",""
"986","61.25","61.25","61.25","","","","","","","","","","","","","","","","","","","","",""
"1010","","","","","","","52.650001525878906","52.650001525878906","52.650001525878906","46.150001525878906","46.150001525878906","46.150001525878906","55.869998931884766","55.869998931884766","55.869998931884766","54.150001525878906","54.150001525878906","54.150001525878906","","","","","",""
"1011","","","","","","","","","","","","","","","","","","","55.040000915527344","55.040000915527344","55.040000915527344","55.15999984741211","55.15999984741211","55.15999984741211"
"1117","61.079999923706055","58.93000030517578","63.22999954223633","53.27000045776367","51.83000183105469","54.709999084472656","","","","","","","","","","","","","","","","","",""
"1118","55.41999816894531","55.41999816894531","55.41999816894531","","","","","","","","","","","","","","","","","","","","",""
"1147","","","","","","","55.34000015258789","55.34000015258789","55.34000015258789","51.68000030517578","51.68000030517578","51.68000030517578","59.83000183105469","59.83000183105469","59.83000183105469","52.58000183105469","52.58000183105469","52.58000183105469","","","","","",""
"1148","","","","","","","","","","","","","","","","","","","58.88999938964844","58.88999938964844","58.88999938964844","60.90999984741211","60.90999984741211","60.90999984741211"
"1314","51.775001525878906","51.4900016784668","52.060001373291016","50.260000228881836","48.02000045776367","52.5","","","","","","","","","","","","","","","","","",""
"1315","47.61000061035156","47.61000061035156","47.61000061035156","","","","","","","","","","","","","","","","","","","","",""
"1349","","","","","","","61.290000915527344","61.290000915527344","61.290000915527344","58.86000061035156","58.86000061035156","58.86000061035156","47.529998779296875","47.529998779296875","47.529998779296875","54.06999969482422","54.06999969482422","54.06999969482422","","","","","",""
"1350","","","","","","","","","","","","","","","","","","","63.45000076293945","63.45000076293945","63.45000076293945","59.83000183105469","59.83000183105469","59.83000183105469"
"1446","49.96500015258789","46.189998626708984","53.7400016784668","46.880001068115234","46.11000061035156","47.650001525878906","","","","","","","","","","","","","","","","","",""
"1447","49.93000030517578","49.93000030517578","49.93000030517578","","","","","","","","","","","","","","","","","","","","",""
"1486","","","","","","","47.56999969482422","47.56999969482422","47.56999969482422","49.36000061035156","49.36000061035156","49.36000061035156","43.38999938964844","43.38999938964844","43.38999938964844","42.900001525878906","42.900001525878906","42.900001525878906","","","","","",""
"1487","","","","","","","","","","","","","","","","","","","57.13999938964844","57.13999938964844","57.13999938964844","52.20000076293945","52.20000076293945","52.20000076293945"
"1643","48.69499969482422","46.63999938964844","50.75","40.470001220703125","38.45000076293945","42.4900016784668","","","","","","","","","","","","","","","","","",""
"1644","44.43000030517578","44.43000030517578","44.43000030517578","","","","","","","","","","","","","","","","","","","","",""
"1688","","","","","","","41.33000183105469","41.33000183105469","41.33000183105469","42.150001525878906","42.150001525878906","42.150001525878906","38.08000183105469","38.08000183105469","38.08000183105469","41.439998626708984","41.439998626708984","41.439998626708984","","","","","",""
"1689","","","","","","","","","","","","","","","","","","","52.540000915527344","52.540000915527344","52.540000915527344","41.88999938964844","41.88999938964844","41.88999938964844"
"1775","42.545000076293945","40.43000030517578","44.65999984741211","37.78000068664551","37.59000015258789","37.970001220703125","","","","","","","","","","","","","","","","","",""
"1776","38.939998626708984","38.939998626708984","38.939998626708984","","","","","","","","","","","","","","","","","","","","",""
"1825","","","","","","","40.619998931884766","40.619998931884766","40.619998931884766","36.060001373291016","36.060001373291016","36.060001373291016","39.79999923706055","39.79999923706055","39.79999923706055","42.63999938964844","42.63999938964844","42.63999938964844","","","","","",""
"1826","","","","","","","","","","","","","","","","","","","44.959999084472656","44.959999084472656","44.959999084472656","40.470001220703125","40.470001220703125","40.470001220703125"
"1972","40.470001220703125","39.720001220703125","41.220001220703125","36.959999084472656","36.099998474121094","37.81999969482422","","","","","","","","","","","","","","","","","",""
"1973","40.02000045776367","40.02000045776367","40.02000045776367","","","","","","","","","","","","","","","","","","","","",""
"2027","","","","","","","39.0099983215332","39.0099983215332","39.0099983215332","34.41999816894531","34.41999816894531","34.41999816894531","34.380001068115234","34.380001068115234","34.380001068115234","35.9900016784668","35.9900016784668","35.9900016784668","","","","","",""
"2028","","","","","","","","","","","","","","","","","","","35.869998931884766","35.869998931884766","35.869998931884766","36.58000183105469","36.58000183105469","36.58000183105469"
"2104","39.80000114440918","39.540000915527344","40.060001373291016","37.39000129699707","35.9900016784668","38.790000915527344","","","","","","","","","","","","","","","","","",""
"2105","39.20000076293945","39.20000076293945","39.20000076293945","","","","","","","","","","","","","","","","","","","","",""
"2164","","","","","","","36.54999923706055","36.54999923706055","36.54999923706055","36.209999084472656","36.209999084472656","36.209999084472656","36.31999969482422","36.31999969482422","36.31999969482422","38.380001068115234","38.380001068115234","38.380001068115234","","","","","",""
"2165","","","","","","","","","","","","","","","","","","","35.09000015258789","35.09000015258789","35.09000015258789","39.9900016784668","39.9900016784668","39.9900016784668"
"2301","39.38999938964844","39.279998779296875","39.5","36.19499969482422","34.529998779296875","37.86000061035156","","","","","","","","","","","","","","","","","",""
"2302","36.880001068115234","36.880001068115234","36.880001068115234","","","","","","","","","","","","","","","","","","","","",""
"2366","","","","","","","38.040000915527344","38.040000915527344","38.040000915527344","37.220001220703125","37.220001220703125","37.220001220703125","35.7599983215332","35.7599983215332","35.7599983215332","39.279998779296875","39.279998779296875","39.279998779296875","","","","","",""
"2367","","","","","","","","","","","","","","","","","","","36.060001373291016","36.060001373291016","36.060001373291016","37.779998779296875","37.779998779296875","37.779998779296875"
"2433","38.34000015258789","37.7400016784668","38.939998626708984","36.454999923706055","35.540000915527344","37.369998931884766","","","","","","","","","","","","","","","","","",""
"2434","31.1299991607666","31.1299991607666","31.1299991607666","","","","","","","","","","","","","","","","","","","","",""
"2503","","","","","","","40.58000183105469","40.58000183105469","40.58000183105469","35.5","35.5","35.5","36.13999938964844","36.13999938964844","36.13999938964844","37.59000015258789","37.59000015258789","37.59000015258789","","","","","",""
"2504","","","","","","","","","","","","","","","","","","","35.04999923706055","35.04999923706055","35.04999923706055","37.66999816894531","37.66999816894531","37.66999816894531"
"2630","38.529998779296875","37.66999816894531","39.38999938964844","35.35500144958496","33.150001525878906","37.560001373291016","","","","","","","","","","","","","","","","","",""
"2631","29.40999984741211","29.40999984741211","29.40999984741211","","","","","","","","","","","","","","","","","","","","",""
"2705","","","","","","","38.4900016784668","38.4900016784668","38.4900016784668","36.72999954223633","36.72999954223633","36.72999954223633","32.099998474121094","32.099998474121094","32.099998474121094","40.619998931884766","40.619998931884766","40.619998931884766","","","","","",""
"2706","","","","","","","","","","","","","","","","","","","34.27000045776367","34.27000045776367","34.27000045776367","34.189998626708984","34.189998626708984","34.189998626708984"
"2762","38.73499870300293","37.709999084472656","39.7599983215332","36.32500076293945","35.130001068115234","37.52000045776367","","","","","","","","","","","","","","","","","",""
"2763","30.34000015258789","30.34000015258789","30.34000015258789","","","","","","","","","","","","","","","","","","","","",""
"2842","","","","","","","38.599998474121094","38.599998474121094","38.599998474121094","37.2599983215332","37.2599983215332","37.2599983215332","37.66999816894531","37.66999816894531","37.66999816894531","38.97999954223633","38.97999954223633","38.97999954223633","","","","","",""
"2843","","","","","","","","","","","","","","","","","","","34.75","34.75","34.75","32.59000015258789","32.59000015258789","32.59000015258789"
"2959","37.88999938964844","37.439998626708984","38.34000015258789","35.279998779296875","33.29999923706055","37.2599983215332","","","","","","","","","","","","","","","","","",""
"2960","29.709999084472656","29.709999084472656","29.709999084472656","","","","","","","","","","","","","","","","","","","","",""
"3044","","","","","","","36.619998931884766","36.619998931884766","36.619998931884766","39.9900016784668","39.9900016784668","39.9900016784668","31.8799991607666","31.8799991607666","31.8799991607666","37.88999938964844","37.88999938964844","37.88999938964844","","","","","",""
"3045","","","","","","","","","","","","","","","","","","","32.470001220703125","32.470001220703125","32.470001220703125","32.470001220703125","32.470001220703125","32.470001220703125"
"3091","39.96499824523926","39.7599983215332","40.16999816894531","36.92499923706055","34.869998931884766","38.97999954223633","","","","","","","","","","","","","","","","","",""
"3092","30.079999923706055","30.079999923706055","30.079999923706055","","","","","","","","","","","","","","","","","","","","",""
"3181","","","","","","","38.939998626708984","38.939998626708984","38.939998626708984","35.79999923706055","35.79999923706055","35.79999923706055","34.0099983215332","34.0099983215332","34.0099983215332","41.2599983215332","41.2599983215332","41.2599983215332","","","","","",""
"3182","","","","","","","","","","","","","","","","","","","35.58000183105469","35.58000183105469","35.58000183105469","37.369998931884766","37.369998931884766","37.369998931884766"
"3288","38.375","37.029998779296875","39.720001220703125","39.19999885559082","38.599998474121094","39.79999923706055","","","","","","","","","","","","","","","","","",""
"3289","34.29999923706055","34.29999923706055","34.29999923706055","","","","","","","","","","","","","","","","","","","","",""
"3383","","","","","","","37.970001220703125","37.970001220703125","37.970001220703125","35.43000030517578","35.43000030517578","35.43000030517578","35.130001068115234","35.130001068115234","35.130001068115234","45.06999969482422","45.06999969482422","45.06999969482422","","","","","",""
"3384","","","","","","","","","","","","","","","","","","","35.310001373291016","35.310001373291016","35.310001373291016","37.66999816894531","37.66999816894531","37.66999816894531"
"3420","40.94000053405762","40.77000045776367","41.11000061035156","39.875","38.119998931884766","41.630001068115234","","","","","","","","","","","","","","","","","",""
"3421","35.349998474121094","35.349998474121094","35.349998474121094","","","","","","","","","","","","","","","","","","","","",""
"3520","","","","","","","37.88999938964844","37.88999938964844","37.88999938964844","40.31999969482422","40.31999969482422","40.31999969482422","36.36000061035156","36.36000061035156","36.36000061035156","44.02000045776367","44.02000045776367","44.02000045776367","","","","","",""
"3521","","","","","","","","","","","","","","","","","","","38.45000076293945","38.45000076293945","38.45000076293945","40.279998779296875","40.279998779296875","40.279998779296875"
"3617","41.93000030517578","41.18000030517578","42.68000030517578","39.06999969482422","39.04999923706055","39.09000015258789","","","","","","","","","","","","","","","","","",""
"3618","37.47999954223633","37.47999954223633","37.47999954223633","","","","","","","","","","","","","","","","","","","","",""
"3722","","","","","","","39.130001068115234","39.130001068115234","39.130001068115234","39.95000076293945","39.95000076293945","39.95000076293945","41.11000061035156","41.11000061035156","41.11000061035156","43.119998931884766","43.119998931884766","43.119998931884766","","","","","",""
"3723","","","","","","","","","","","","","","","","","","","39.0099983215332","39.0099983215332","39.0099983215332","43.720001220703125","43.720001220703125","43.720001220703125"
"3749","42.09499931335449","41.93000030517578","42.2599983215332","39.46500015258789","37.40999984741211","41.52000045776367","","","","","","","","","","","","","","","","","",""
"3750","39.9900016784668","39.9900016784668","39.9900016784668","","","","","","","","","","","","","","","","","","","","",""
"3859","","","","","","","40.5099983215332","40.5099983215332","40.5099983215332","37.779998779296875","37.779998779296875","37.779998779296875","36.880001068115234","36.880001068115234","36.880001068115234","45.029998779296875","45.029998779296875","45.029998779296875","","","","","",""
"3860","","","","","","","","","","","","","","","","","","","40.58000183105469","40.58000183105469","40.58000183105469","43.5","43.5","43.5"
"3946","41.670000076293945","41.220001220703125","42.119998931884766","40.97500038146973","39.540000915527344","42.40999984741211","","","","","","","","","","","","","","","","","",""
"3947","41.54999923706055","41.54999923706055","41.54999923706055","","","","","","","","","","","","","","","","","","","","",""
"4061","","","","","","","40.810001373291016","40.810001373291016","40.810001373291016","39.689998626708984","39.689998626708984","39.689998626708984","37.439998626708984","37.439998626708984","37.439998626708984","44.689998626708984","44.689998626708984","44.689998626708984","","","","","",""
"4062","","","","","","","","","","","","","","","","","","","38.75","38.75","38.75","40.54999923706055","40.54999923706055","40.54999923706055"
"4078","42.17499923706055","40.54999923706055","43.79999923706055","39.78000068664551","38.83000183105469","40.72999954223633","","","","","","","","","","","","","","","","","",""
"4079","42.560001373291016","42.560001373291016","42.560001373291016","","","","","","","","","","","","","","","","","","","","",""
"4198","","","","","","","41.70000076293945","41.70000076293945","41.70000076293945","39.15999984741211","39.15999984741211","39.15999984741211","38.22999954223633","38.22999954223633","38.22999954223633","46.939998626708984","46.939998626708984","46.939998626708984","","","","","",""
"4199","","","","","","","","","","","","","","","","","","","37.06999969482422","37.06999969482422","37.06999969482422","39.689998626708984","39.689998626708984","39.689998626708984"
"4275","42.63999938964844","41.369998931884766","43.90999984741211","42.135000228881836","41.369998931884766","42.900001525878906","","","","","","","","","","","","","","","","","",""
"4276","42.2599983215332","42.2599983215332","42.2599983215332","","","","","","","","","","","","","","","","","","","","",""
"4400","","","","","","","43.09000015258789","43.09000015258789","43.09000015258789","40.279998779296875","40.279998779296875","40.279998779296875","41.2599983215332","41.2599983215332","41.2599983215332","44.060001373291016","44.060001373291016","44.060001373291016","","","","","",""
"4401","","","","","","","","","","","","","","","","","","","35.79999923706055","35.79999923706055","35.79999923706055","40.5099983215332","40.5099983215332","40.5099983215332"
"4407","41.96500015258789","41.220001220703125","42.709999084472656","42.44999885559082","40.91999816894531","43.97999954223633","","","","","","","","","","","","","","","","","",""
"4408","40.58000183105469","40.58000183105469","40.58000183105469","","","","","","","","","","","","","","","","","","","","",""
"4537","","","","","","","44.619998931884766","44.619998931884766","44.619998931884766","39.84000015258789","39.84000015258789","39.84000015258789","","","","48.09000015258789","48.09000015258789","48.09000015258789","","","","","",""
"4538","","","","","","","","","","","","","","","","","","","34.34000015258789","34.34000015258789","34.34000015258789","37.2599983215332","37.2599983215332","37.2599983215332"
"4604","44.40999984741211","42.86000061035156","45.959999084472656","41.739999771118164","40.43000030517578","43.04999923706055","","","","","","","","","","","","","","","","","",""
"4605","44.279998779296875","44.279998779296875","44.279998779296875","","","","","","","","","","","","","","","","","","","","",""
"4668","","","","","","","","","","","","","38.22999954223633","38.22999954223633","38.22999954223633","","","","","","","","",""
"4736","45.53000068664551","43.68000030517578","47.380001068115234","44.564998626708984","44.5099983215332","44.619998931884766","","","","","","","","","","","","","","","","","",""
"4737","44.9900016784668","44.9900016784668","44.9900016784668","","","","","","","","","","","","","","","","","","","","",""
"4739","","","","","","","43.720001220703125","43.720001220703125","43.720001220703125","41.630001068115234","41.630001068115234","41.630001068115234","","","","46.86000061035156","46.86000061035156","46.86000061035156","","","","","",""
"4740","","","","","","","","","","","","","","","","","","","40.209999084472656","40.209999084472656","40.209999084472656","41.029998779296875","41.029998779296875","41.029998779296875"
"4870","","","","","","","","","","","","","40.130001068115234","40.130001068115234","40.130001068115234","","","","","","","","",""
"4876","","","","","","","42.380001068115234","42.380001068115234","42.380001068115234","42.08000183105469","42.08000183105469","42.08000183105469","","","","45.88999938964844","45.88999938964844","45.88999938964844","","","","","",""
"4877","","","","","","","","","","","","","","","","","","","40.91999816894531","40.91999816894531","40.91999816894531","42.939998626708984","42.939998626708984","42.939998626708984"
"4933","45.51499938964844","44.31999969482422","46.709999084472656","43.1200008392334","42.970001220703125","43.27000045776367","","","","","","","","","","","","","","","","","",""
"4934","43.650001525878906","43.650001525878906","43.650001525878906","","","","","","","","","","","","","","","","","","","","",""
"5007","","","","","","","","","","","","","38.040000915527344","38.040000915527344","38.040000915527344","","","","","","","","",""
"5065","44.30499839782715","42.939998626708984","45.66999816894531","43.94500160217285","42.150001525878906","45.7400016784668","","","","","","","","","","","","","","","","","",""
"5066","40.77000045776367","40.77000045776367","40.77000045776367","","","","","","","","","","","","","","","","","","","","",""
"5078","","","","","","","42.900001525878906","42.900001525878906","42.900001525878906","38.040000915527344","38.040000915527344","38.040000915527344","","","","51.61000061035156","51.61000061035156","51.61000061035156","","","","","",""
"5079","","","","","","","","","","","","","","","","","","","39.2400016784668","39.2400016784668","39.2400016784668","40.31999969482422","40.31999969482422","40.31999969482422"
"5209","","","","","","","","","","","","","40.77000045776367","40.77000045776367","40.77000045776367","","","","","","","","",""
"5215","","","","","","","44.279998779296875","44.279998779296875","44.279998779296875","37.7400016784668","37.7400016784668","37.7400016784668","","","","51.939998626708984","51.939998626708984","51.939998626708984","","","","","",""
"5216","","","","","","","","","","","","","","","","","","","36.65999984741211","36.65999984741211","36.65999984741211","45.25","45.25","45.25"
"5262","43.7400016784668","40.9900016784668","46.4900016784668","42.6200008392334","42.34000015258789","42.900001525878906","","","","","","","","","","","","","","","","","",""
"5263","47.90999984741211","47.90999984741211","47.90999984741211","","","","","","","","","","","","","","","","","","","","",""
"5264","","","","42.900001525878906","42.900001525878906","42.900001525878906","","","","","","","","","","","","","","","","","",""
"5346","","","","","","","","","","","","","38.380001068115234","38.380001068115234","38.380001068115234","","","","","","","","",""
"5394","44.39500045776367","44.130001068115234","44.65999984741211","44.16999816894531","44.16999816894531","44.16999816894531","","","","","","","","","","","","","","","","","",""
"5395","44.540000915527344","44.540000915527344","44.540000915527344","","","","","","","","","","","","","","","","","","","","",""
"5417","","","","","","","41.630001068115234","41.630001068115234","41.630001068115234","39.869998931884766","39.869998931884766","39.869998931884766","","","","48.16999816894531","48.16999816894531","48.16999816894531","","","","","",""
"5418","","","","","","","","","","","","","","","","","","","35.349998474121094","35.349998474121094","35.349998474121094","46.75","46.75","46.75"
"5548","","","","","","","","","","","","","40.31999969482422","40.31999969482422","40.31999969482422","","","","","","","","",""
"5554","","","","","","","46.4900016784668","46.4900016784668","46.4900016784668","40.65999984741211","40.65999984741211","40.65999984741211","","","","46.75","46.75","46.75","","","","","",""
"5555","","","","","","","","","","","","","","","","","","","45.099998474121094","45.099998474121094","45.099998474121094","44.36000061035156","44.36000061035156","44.36000061035156"
"5591","45.420000076293945","42.560001373291016","48.279998779296875","","","","","","","","","","","","","","","","","","","","",""
"5592","47.56999969482422","47.56999969482422","47.56999969482422","","","","","","","","","","","","","","","","","","","","",""
"5685","","","","","","","","","","","","","39.90999984741211","39.90999984741211","39.90999984741211","","","","","","","","",""
"5723","43.239999771118164","40.70000076293945","45.779998779296875","","","","","","","","","","","","","","","","","","","","",""
"5724","44.130001068115234","44.130001068115234","44.130001068115234","","","","","","","","","","","","","","","","","","","","",""
"5756","","","","","","","46.790000915527344","46.790000915527344","46.790000915527344","44.9900016784668","44.9900016784668","44.9900016784668","","","","47.939998626708984","47.939998626708984","47.939998626708984","","","","","",""
"5757","","","","","","","","","","","","","","","","","","","37.2599983215332","37.2599983215332","37.2599983215332","43.41999816894531","43.41999816894531","43.41999816894531"
"5887","","","","","","","","","","","","","38.68000030517578","38.68000030517578","38.68000030517578","","","","","","","","",""
"5893","","","","","","","45.779998779296875","45.779998779296875","45.779998779296875","42.29999923706055","42.29999923706055","42.29999923706055","","","","49.47999954223633","49.47999954223633","49.47999954223633","","","","","",""
"5894","","","","","","","","","","","","","","","","","","","41.06999969482422","41.06999969482422","41.06999969482422","45.849998474121094","45.849998474121094","45.849998474121094"
"5920","45.51499938964844","45.13999938964844","45.88999938964844","","","","","","","","","","","","","","","","","","","","",""
"5921","46.81999969482422","46.81999969482422","46.81999969482422","","","","","","","","","","","","","","","","","","","","",""
"6024","","","","","","","","","","","","","39.650001525878906","39.650001525878906","39.650001525878906","","","","","","","","",""
"6052","44.05499839782715","43.41999816894531","44.689998626708984","","","","","","","","","","","","","","","","","","","","",""
"6053","47.04999923706055","47.04999923706055","47.04999923706055","","","","","","","","","","","","","","","","","","","","",""
"6095","","","","","","","45.779998779296875","45.779998779296875","45.779998779296875","36.470001220703125","36.470001220703125","36.470001220703125","","","","48.84000015258789","48.84000015258789","48.84000015258789","","","","","",""
"6096","","","","","","","","","","","","","","","","","","","42.599998474121094","42.599998474121094","42.599998474121094","42.86000061035156","42.86000061035156","42.86000061035156"
"6226","","","","","","","","","","","","","41.59000015258789","41.59000015258789","41.59000015258789","","","","","","","","",""
"6232","","","","","","","46.34000015258789","46.34000015258789","46.34000015258789","42.970001220703125","42.970001220703125","42.970001220703125","","","","","","","","","","","",""
"6233","","","","","","","","","","","","","","","","43.650001525878906","43.650001525878906","43.650001525878906","39.310001373291016","39.310001373291016","39.310001373291016","43.95000076293945","43.95000076293945","43.95000076293945"
"6249","44.31999969482422","42.599998474121094","46.040000915527344","","","","","","","","","","","","","","","","","","","","",""
"6250","50.189998626708984","50.189998626708984","50.189998626708984","","","","","","","","","","","","","","","","","","","","",""
"6363","","","","","","","","","","","","","40.130001068115234","40.130001068115234","40.130001068115234","","","","","","","","",""
"6381","46.29999923706055","46","46.599998474121094","","","","","","","","","","","","","","","","","","","","",""
"6382","46.11000061035156","46.11000061035156","46.11000061035156","","","","","","","","","","","","","","","","","","","","",""
"6434","","","","","","","48.880001068115234","48.880001068115234","48.880001068115234","44.38999938964844","44.38999938964844","44.38999938964844","","","","","","","","","","","",""
"6435","","","","","","","","","","","","","","","","47.04999923706055","47.04999923706055","47.04999923706055","39.15999984741211","39.15999984741211","39.15999984741211","44.84000015258789","44.84000015258789","44.84000015258789"
"6565","","","","","","","","","","","","","44.130001068115234","44.130001068115234","44.130001068115234","","","","","","","","",""
"6571","","","","","","","46.81999969482422","46.81999969482422","46.81999969482422","46.66999816894531","46.66999816894531","46.66999816894531","","","","","","","","","","","",""
"6572","","","","","","","","","","","","","","","","46.08000183105469","46.08000183105469","46.08000183105469","44.77000045776367","44.77000045776367","44.77000045776367","44.099998474121094","44.099998474121094","44.099998474121094"
"6578","46.26499938964844","44.16999816894531","48.36000061035156","","","","","","","","","","","","","","","","","","","","",""
"6579","47.04999923706055","47.04999923706055","47.04999923706055","","","","","","","","","","","","","","","","","","","","",""
"6702","","","","","","","","","","","","","41.40999984741211","41.40999984741211","41.40999984741211","","","","","","","","",""
"6710","46.69000053405762","45.810001373291016","47.56999969482422","","","","","","","","","","","","","","","","","","","","",""
"6711","47.27000045776367","47.27000045776367","47.27000045776367","","","","","","","","","","","","","","","","","","","","",""
"6773","","","","","","","45.7400016784668","45.7400016784668","45.7400016784668","38.22999954223633","38.22999954223633","38.22999954223633","","","","","","","","","","","",""
"6774","","","","","","","","","","","","","","","","45.13999938964844","45.13999938964844","45.13999938964844","37.52000045776367","37.52000045776367","37.52000045776367","39.869998931884766","39.869998931884766","39.869998931884766"
"6904","","","","","","","","","","","","","39.84000015258789","39.84000015258789","39.84000015258789","","","","","","","","",""
"6907","48.69499969482422","48.5099983215332","48.880001068115234","","","","","","","","","","","","","","","","","","","","",""
"6908","49.029998779296875","49.029998779296875","49.029998779296875","","","","","","","","","","","","","","","","","","","","",""
"6910","","","","","","","53.060001373291016","53.060001373291016","53.060001373291016","40.099998474121094","40.099998474121094","40.099998474121094","","","","","","","","","","","",""
"6911","","","","","","","","","","","","","","","","48.84000015258789","48.84000015258789","48.84000015258789","38.41999816894531","38.41999816894531","38.41999816894531","42.189998626708984","42.189998626708984","42.189998626708984"
"7039","47.10000038146973","45.25","48.95000076293945","","","","","","","","","","","","","","","","","","","","",""
"7040","48.619998931884766","48.619998931884766","48.619998931884766","","","","","","","","","","","","","","","","","","","","",""
"7041","","","","","","","","","","","","","45.029998779296875","45.029998779296875","45.029998779296875","","","","","","","","",""
"7112","","","","","","","47.0099983215332","47.0099983215332","47.0099983215332","41.88999938964844","41.88999938964844","41.88999938964844","","","","","","","","","","","",""
"7113","","","","","","","","","","","","","","","","49.959999084472656","49.959999084472656","49.959999084472656","40.84000015258789","40.84000015258789","40.84000015258789","47.5","47.5","47.5"
"7236","48.67500114440918","47.310001373291016","50.040000915527344","","","","","","","","","","","","","","","","","","","","",""
"7237","52.540000915527344","52.540000915527344","52.540000915527344","","","","","","","","","","","","","","","","","","","","",""
"7243","","","","","","","","","","","","","39.7599983215332","39.7599983215332","39.7599983215332","","","","","","","","",""
"7249","","","","","","","46.66999816894531","46.66999816894531","46.66999816894531","42.08000183105469","42.08000183105469","42.08000183105469","","","","","","","","","","","",""
"7250","","","","","","","","","","","","","","","","43.95000076293945","43.95000076293945","43.95000076293945","42.29999923706055","42.29999923706055","42.29999923706055","45.88999938964844","45.88999938964844","45.88999938964844"
"7368","50.64999961853027","48.79999923706055","52.5","","","","","","","","","","","","","","","","","","","","",""
"7369","52.20000076293945","52.20000076293945","52.20000076293945","","","","","","","","","","","","","","","","","","","","",""
"7380","","","","","","","","","","","","","42.040000915527344","42.040000915527344","42.040000915527344","","","","","","","","",""
"7451","","","","","","","48.58000183105469","48.58000183105469","48.58000183105469","44.72999954223633","44.72999954223633","44.72999954223633","","","","","","","","","","","",""
"7452","","","","","","","","","","","","","","","","47.09000015258789","47.09000015258789","47.09000015258789","40.65999984741211","40.65999984741211","40.65999984741211","47.20000076293945","47.20000076293945","47.20000076293945"
"7565","49.23499870300293","47.7599983215332","50.709999084472656","","","","","","","","","","","","","","","","","","","","",""
"7566","50.06999969482422","50.06999969482422","50.06999969482422","","","","","","","","","","","","","","","","","","","","",""
"7582","","","","","","","","","","","","","43.869998931884766","43.869998931884766","43.869998931884766","","","","","","","","",""
"7588","","","","","","","48.16999816894531","48.16999816894531","48.16999816894531","41.52000045776367","41.52000045776367","41.52000045776367","","","","","","","","","","","",""
"7589","","","","","","","","","","","","","","","","48.880001068115234","48.880001068115234","48.880001068115234","40.810001373291016","40.810001373291016","40.810001373291016","49.59000015258789","49.59000015258789","49.59000015258789"
"7697","48.130001068115234","46.45000076293945","49.810001373291016","","","","","","","","","","","","","","","","","","","","",""
"7698","53.77000045776367","53.77000045776367","53.77000045776367","","","","","","","","","","","","","","","","","","","","",""
"7719","","","","","","","","","","","","","41.93000030517578","41.93000030517578","41.93000030517578","","","","","","","","",""
"7790","","","","","","","47.41999816894531","47.41999816894531","47.41999816894531","42.40999984741211","42.40999984741211","42.40999984741211","","","","","","","","","","","",""
"7791","","","","","","","","","","","","","","","","50.29999923706055","50.29999923706055","50.29999923706055","36.16999816894531","36.16999816894531","36.16999816894531","39.09000015258789","39.09000015258789","39.09000015258789"
"7894","46.78499984741211","44.060001373291016","49.5099983215332","","","","","","","","","","","","","","","","","","","","",""
"7895","47.0099983215332","47.0099983215332","47.0099983215332","","","","","","","","","","","","","","","","","","","","",""
"7921","","","","","","","","","","","","","41.849998474121094","41.849998474121094","41.849998474121094","","","","","","","","",""
"7927","","","","","","","50.34000015258789","50.34000015258789","50.34000015258789","40.880001068115234","40.880001068115234","40.880001068115234","","","","","","","","","","","",""
"7928","","","","","","","","","","","","","","","","50.599998474121094","50.599998474121094","50.599998474121094","41.970001220703125","41.970001220703125","41.970001220703125","40.91999816894531","40.91999816894531","40.91999816894531"
"8026","45.255001068115234","44.880001068115234","45.630001068115234","","","","","","","","","","","","","","","","","","","","",""
"8027","49.959999084472656","49.959999084472656","49.959999084472656","","","","","","","","","","","","","","","","","","","","",""
"8058","","","","","","","","","","","","","43.2400016784668","43.2400016784668","43.2400016784668","","","","","","","","",""
"8129","","","","","","","43.650001525878906","43.650001525878906","43.650001525878906","42.599998474121094","42.599998474121094","42.599998474121094","","","","","","","","","","","",""
"8130","","","","","","","","","","","","","","","","51.20000076293945","51.20000076293945","51.20000076293945","44.65999984741211","44.65999984741211","44.65999984741211","45.33000183105469","45.33000183105469","45.33000183105469"
"8223","49.34499931335449","48.72999954223633","49.959999084472656","","","","","","","","","","","","","","","","","","","","",""
"8224","48.470001220703125","48.470001220703125","48.470001220703125","","","","","","","","","","","","","","","","","","","","",""
"8260","","","","","","","","","","","","","44.959999084472656","44.959999084472656","44.959999084472656","","","","","","","","",""
"8266","","","","","","","46.970001220703125","46.970001220703125","46.970001220703125","","","","","","","","","","","","","","",""
"8267","","","","","","","","","","","","","","","","52.650001525878906","52.650001525878906","52.650001525878906","46.900001525878906","46.900001525878906","46.900001525878906","47.68000030517578","47.68000030517578","47.68000030517578"
"8355","46.44999885559082","44.279998779296875","48.619998931884766","","","","","","","","","","","","","","","","","","","","",""
"8356","51.349998474121094","51.349998474121094","51.349998474121094","","","","","","","","","","","","","","","","","","","","",""
"8397","","","","","","","","","","","","","42.599998474121094","42.599998474121094","42.599998474121094","","","","","","","","",""
"8468","","","","","","","48.02000045776367","48.02000045776367","48.02000045776367","","","","","","","","","","","","","","",""
"8469","","","","","","","","","","","","","","","","51.08000183105469","51.08000183105469","51.08000183105469","44.16999816894531","44.16999816894531","44.16999816894531","40.77000045776367","40.77000045776367","40.77000045776367"
"8552","48.80500030517578","47.83000183105469","49.779998779296875","","","","","","","","","","","","","","","","","","","","",""
"8553","52.16999816894531","52.16999816894531","52.16999816894531","","","","","","","","","","","","","","","","","","","","",""
"8599","","","","","","","","","","","","","40.470001220703125","40.470001220703125","40.470001220703125","","","","","","","","",""
"8605","","","","","","","50.220001220703125","50.220001220703125","50.220001220703125","","","","","","","","","","","","","","",""
"8606","","","","","","","","","","","","","","","","48.650001525878906","48.650001525878906","48.650001525878906","43.5","43.5","43.5","45.06999969482422","45.06999969482422","45.06999969482422"
"8684","51.420000076293945","49.18000030517578","53.65999984741211","","","","","","","","","","","","","","","","","","","","",""
"8685","50.189998626708984","50.189998626708984","50.189998626708984","","","","","","","","","","","","","","","","","","","","",""
"8736","","","","","","","","","","","","","44.36000061035156","44.36000061035156","44.36000061035156","","","","","","","","",""
"8807","","","","","","","49.18000030517578","49.18000030517578","49.18000030517578","","","","","","","","","","","","","","",""
"8808","","","","","","","","","","","","","","","","52.20000076293945","52.20000076293945","52.20000076293945","47.939998626708984","47.939998626708984","47.939998626708984","46.150001525878906","46.150001525878906","46.150001525878906"
"8881","48.635000228881836","48.09000015258789","49.18000030517578","","","","","","","","","","","","","","","","","","","","",""
"8882","49.65999984741211","49.65999984741211","49.65999984741211","","","","","","","","","","","","","","","","","","","","",""
"8944","","","","","","","46.29999923706055","46.29999923706055","46.29999923706055","","","","","","","","","","","","","","",""
"8945","","","","","","","","","","","","","","","","47.41999816894531","47.41999816894531","47.41999816894531","46.040000915527344","46.040000915527344","46.040000915527344","45.54999923706055","45.54999923706055","45.54999923706055"
"9013","49.94000053405762","49.65999984741211","50.220001220703125","","","","","","","","","","","","","","","","","","","","",""
"9014","53.33000183105469","53.33000183105469","53.33000183105469","","","","","","","","","","","","","","","","","","","","",""
"9146","","","","","","","46.45000076293945","46.45000076293945","46.45000076293945","","","","","","","","","","","","","","",""
"9147","","","","","","","","","","","","","","","","46.970001220703125","46.970001220703125","46.970001220703125","48.43000030517578","48.43000030517578","48.43000030517578","42.75","42.75","42.75"
"9210","47.885000228881836","47.529998779296875","48.2400016784668","","","","","","","","","","","","","","","","","","","","",""
"9211","50.4900016784668","50.4900016784668","50.4900016784668","","","","","","","","","","","","","","","","","","","","",""
"9283","","","","","","","50.81999969482422","50.81999969482422","50.81999969482422","","","","","","","","","","","","","","",""
"9284","","","","","","","","","","","","","","","","51.7599983215332","51.7599983215332","51.7599983215332","48.540000915527344","48.540000915527344","48.540000915527344","45.630001068115234","45.630001068115234","45.630001068115234"
"9342","49.56999969482422","49.13999938964844","50","","","","","","","","","","","","","","","","","","","","",""
"9343","49.5099983215332","49.5099983215332","49.5099983215332","","","","","","","","","","","","","","","","","","","","",""
"9485","","","","","","","46.790000915527344","46.790000915527344","46.790000915527344","","","","","","","","","","","","","","",""
"9486","","","","","","","","","","","","","","","","53.209999084472656","53.209999084472656","53.209999084472656","47.869998931884766","47.869998931884766","47.869998931884766","43.20000076293945","43.20000076293945","43.20000076293945"
"9539","50.39500045776367","50.150001525878906","50.63999938964844","","","","","","","","","","","","","","","","","","","","",""
"9540","51.349998474121094","51.349998474121094","51.349998474121094","","","","","","","","","","","","","","","","","","","","",""
"9622","","","","","","","48.130001068115234","48.130001068115234","48.130001068115234","","","","","","","","","","","","","","",""
"9623","","","","","","","","","","","","","","","","51.15999984741211","51.15999984741211","51.15999984741211","48.5099983215332","48.5099983215332","48.5099983215332","47.939998626708984","47.939998626708984","47.939998626708984"
"9671","48.14999961853027","48.130001068115234","48.16999816894531","","","","","","","","","","","","","","","","","","","","",""
"9672","51.459999084472656","51.459999084472656","51.459999084472656","","","","","","","","","","","","","","","","","","","","",""
"9824","","","","","","","47.90999984741211","47.90999984741211","47.90999984741211","","","","","","","","","","","","","","",""
"9825","","","","","","","","","","","","","","","","53.060001373291016","53.060001373291016","53.060001373291016","47.650001525878906","47.650001525878906","47.650001525878906","47.869998931884766","47.869998931884766","47.869998931884766"
"9868","48.579999923706055","45.849998474121094","51.310001373291016","","","","","","","","","","","","","","","","","","","","",""
"9869","47.119998931884766","47.119998931884766","47.119998931884766","","","","","","","","","","","","","","","","","","","","",""
"9961","","","","","","","47.310001373291016","47.310001373291016","47.310001373291016","","","","","","","","","","","","","","",""
"9962","","","","","","","","","","","","","","","","50.369998931884766","50.369998931884766","50.369998931884766","43.2400016784668","43.2400016784668","43.2400016784668","46.86000061035156","46.86000061035156","46.86000061035156"
"10000","48.60000038146973","47.720001220703125","49.47999954223633","","","","","","","","","","","","","","","","","","","","",""
"10001","52.38999938964844","52.38999938964844","52.38999938964844","","","","","","","","","","","","","","","","","","","","",""
"10163","","","","","","","50.779998779296875","50.779998779296875","50.779998779296875","","","","","","","","","","","","","","",""
"10164","","","","","","","","","","","","","","","","49.959999084472656","49.959999084472656","49.959999084472656","45.959999084472656","45.959999084472656","45.959999084472656","42.970001220703125","42.970001220703125","42.970001220703125"
"10197","47.7549991607666","47.56999969482422","47.939998626708984","","","","","","","","","","","","","","","","","","","","",""
"10198","53.18000030517578","53.18000030517578","53.18000030517578","","","","","","","","","","","","","","","","","","","","",""
"10301","","","","","","","","","","","","","","","","51.459999084472656","51.459999084472656","51.459999084472656","43.20000076293945","43.20000076293945","43.20000076293945","46.709999084472656","46.709999084472656","46.709999084472656"
"10329","47.90500068664551","46.81999969482422","48.9900016784668","","","","","","","","","","","","","","","","","","","","",""
"10330","54.900001525878906","54.900001525878906","54.900001525878906","","","","","","","","","","","","","","","","","","","","",""
"10503","","","","","","","","","","","","","","","","53.810001373291016","53.810001373291016","53.810001373291016","","","","","",""
"10526","47.94500160217285","46.4900016784668","49.400001525878906","","","","","","","","","","","","","","","","","","","","",""
"10527","52.02000045776367","52.02000045776367","52.02000045776367","","","","","","","","","","","","","","","","","","","","",""
"10571","","","","","","","","","","","","","","","","","","","48.79999923706055","48.79999923706055","48.79999923706055","","",""
"10640","","","","","","","","","","","","","","","","53.619998931884766","53.619998931884766","53.619998931884766","","","","","",""
"10658","45.90999984741211","45.630001068115234","46.189998626708984","","","","","","","","","","","","","","","","","","","","",""
"10659","51.97999954223633","51.97999954223633","51.97999954223633","","","","","","","","","","","","","","","","","","","","",""
"10698","","","","","","","","","","","","","","","","","","","","","","47.97999954223633","47.97999954223633","47.97999954223633"
"10773","","","","","","","","","","","","","","","","","","","44.540000915527344","44.540000915527344","44.540000915527344","","",""
"10835","","","","","","","","","","","","","","","","","","","","","","49.7400016784668","49.7400016784668","49.7400016784668"
"10842","","","","","","","","","","","","","","","","53.59000015258789","53.59000015258789","53.59000015258789","","","","","",""
"10855","49.459999084472656","49.06999969482422","49.849998474121094","","","","","","","","","","","","","","","","","","","","",""
"10856","52.540000915527344","52.540000915527344","52.540000915527344","","","","","","","","","","","","","","","","","","","","",""
"10910","","","","","","","","","","","","","","","","","","","44.43000030517578","44.43000030517578","44.43000030517578","","",""
"10987","47.19499969482422","46.40999984741211","47.97999954223633","","","","","","","","","","","","","","","","","","","","",""
"10988","52.43000030517578","52.43000030517578","52.43000030517578","","","","","","","","","","","","","","","","","","","","",""
"11037","","","","","","","","","","","","","","","","","","","","","","44.58000183105469","44.58000183105469","44.58000183105469"
"11045","","","","","","","","","","","","","","","","50.4900016784668","50.4900016784668","50.4900016784668","","","","","",""
"11112","","","","","","","","","","","","","","","","","","","46.86000061035156","46.86000061035156","46.86000061035156","","",""
"11174","","","","","","","","","","","","","","","","","","","","","","47.20000076293945","47.20000076293945","47.20000076293945"
"11182","","","","","","","","","","","","","","","","46.150001525878906","46.150001525878906","46.150001525878906","","","","","",""
"11184","46.86000061035156","44.540000915527344","49.18000030517578","","","","","","","","","","","","","","","","","","","","",""
"11185","51.63999938964844","51.63999938964844","51.63999938964844","","","","","","","","","","","","","","","","","","","","",""
"11249","","","","","","","","","","","","","","","","","","","48.2400016784668","48.2400016784668","48.2400016784668","","",""
"11316","49.55500030517578","48.209999084472656","50.900001525878906","","","","","","","","","","","","","","","","","","","","",""
"11317","51.529998779296875","51.529998779296875","51.529998779296875","","","","","","","","","","","","","","","","","","","","",""
"11376","","","","","","","","","","","","","","","","","","","","","","45.47999954223633","45.47999954223633","45.47999954223633"
"11384","","","","","","","","","","","","","","","","50.29999923706055","50.29999923706055","50.29999923706055","","","","","",""
"11451","","","","","","","","","","","","","","","","","","","46.11000061035156","46.11000061035156","46.11000061035156","","",""
"11513","47.94499969482422","47.5","48.38999938964844","","","","","","","","","","","","","","","","","","","45.33000183105469","45.33000183105469","45.33000183105469"
"11514","50.900001525878906","50.900001525878906","50.900001525878906","","","","","","","","","","","","","","","","","","","","",""
"11521","","","","","","","","","","","","","","","","51.15999984741211","51.15999984741211","51.15999984741211","","","","","",""
"11588","","","","","","","","","","","","","","","","","","","45.66999816894531","45.66999816894531","45.66999816894531","","",""
"11645","47.88999938964844","47.349998474121094","48.43000030517578","","","","","","","","","","","","","","","","","","","","",""
"11646","50.34000015258789","50.34000015258789","50.34000015258789","","","","","","","","","","","","","","","","","","","","",""
"11715","","","","","","","","","","","","","","","","","","","","","","45.70000076293945","45.70000076293945","45.70000076293945"
"11723","","","","","","","","","","","","","","","","53.54999923706055","53.54999923706055","53.54999923706055","","","","","",""
"11725","","","","","","","","","","","","","","","","","","","48.470001220703125","48.470001220703125","48.470001220703125","","",""
"11732","","","","","","","","","","","","","","","","","","","48.470001220703125","48.470001220703125","48.470001220703125","","",""
"11842","48.974998474121094","46.189998626708984","51.7599983215332","","","","","","","","","","","","","","","","","","","","",""
"11843","50.11000061035156","50.11000061035156","50.11000061035156","","","","","","","","","","","","","","","","","","","","",""
"11852","","","","","","","","","","","","","","","","","","","","","","47.5","47.5","47.5"
"11863","","","","","","","","","","","","","","","","","","","40.91999816894531","40.91999816894531","40.91999816894531","","",""
"11870","","","","","","","","","","","","","","","","","","","40.91999816894531","40.91999816894531","40.91999816894531","","",""
"11926","","","","","","","","","","","","","","","","53.810001373291016","53.810001373291016","53.810001373291016","","","","","",""
"11974","48.9900016784668","47.83000183105469","50.150001525878906","","","","","","","","","","","","","","","","","","","","",""
"11975","49.25","49.25","49.25","","","","","","","","","","","","","","","","","","","","",""
"12054","","","","","","","","","","","","","","","","","","","","","","45.70000076293945","45.70000076293945","45.70000076293945"
"12066","","","","","","","","","","","","","","","","","","","40.959999084472656","40.959999084472656","40.959999084472656","","",""
"12129","","","","","","","","","","","","","","","","43.349998474121094","43.349998474121094","43.349998474121094","","","","","",""
"12171","49.045000076293945","47.97999954223633","50.11000061035156","","","","","","","","","","","","","","","","","","","","",""
"12172","50.369998931884766","50.369998931884766","50.369998931884766","","","","","","","","","","","","","","","","","","","","",""
"12191","","","","","","","","","","","","","","","","","","","","","","47.04999923706055","47.04999923706055","47.04999923706055"
"12198","","","","","","","","","","","","","","","","","","","","","","47.349998474121094","47.349998474121094","47.349998474121094"
"12203","","","","","","","","","","","","","","","","","","","43.97999954223633","43.97999954223633","43.97999954223633","","",""
"12205","","","","","","","","","","","","","","","","","","","","","","47.349998474121094","47.349998474121094","47.349998474121094"
"12267","","","","","","","","","","","","","","","","53.209999084472656","53.209999084472656","53.209999084472656","","","","","",""
"12271","","","","","","","","","","","","","","","","","","","","","","47.15999984741211","47.15999984741211","47.15999984741211"
"12303","46.85999870300293","46.189998626708984","47.529998779296875","","","","","","","","","","","","","","","","","","","","",""
"12304","56.02000045776367","56.02000045776367","56.02000045776367","","","","","","","","","","","","","","","","","","","","",""
"12405","","","","","","","","","","","","","","","","","","","46.150001525878906","46.150001525878906","46.150001525878906","","",""
"12469","","","","","","","","","","","","","","","","54.33000183105469","54.33000183105469","54.33000183105469","","","","","",""
"12473","","","","","","","","","","","","","","","","","","","","","","48.58000183105469","48.58000183105469","48.58000183105469"
"12500","51.19499969482422","48.72999954223633","53.65999984741211","","","","","","","","","","","","","","","","","","","","",""
"12501","54.66999816894531","54.66999816894531","54.66999816894531","","","","","","","","","","","","","","","","","","","","",""
"12542","","","","","","","","","","","","","","","","","","","51.04999923706055","51.04999923706055","51.04999923706055","","",""
"12606","","","","","","","","","","","","","","","","54.560001373291016","54.560001373291016","54.560001373291016","","","","","",""
"12610","","","","","","","","","","","","","","","","","","","","","","45.33000183105469","45.33000183105469","45.33000183105469"
"12632","48.989999771118164","47.459999084472656","50.52000045776367","","","","","","","","","","","","","","","","","","","","",""
"12633","58.150001525878906","58.150001525878906","58.150001525878906","","","","","","","","","","","","","","","","","","","","",""
"12744","","","","","","","","","","","","","","","","","","","51.68000030517578","51.68000030517578","51.68000030517578","","",""
"12808","","","","","","","","","","","","","","","","52.20000076293945","52.20000076293945","52.20000076293945","","","","","",""
"12812","","","","","","","","","","","","","","","","","","","","","","49.13999938964844","49.13999938964844","49.13999938964844"
"12829","51.959999084472656","51.63999938964844","52.279998779296875","","","","","","","","","","","","","","","","","","","","",""
"12830","54.86000061035156","54.86000061035156","54.86000061035156","","","","","","","","","","","","","","","","","","","","",""
"12881","","","","","","","","","","","","","","","","","","","46.790000915527344","46.790000915527344","46.790000915527344","","",""
"12945","","","","","","","","","","","","","","","","54.93000030517578","54.93000030517578","54.93000030517578","","","","","",""
"12949","","","","","","","","","","","","","","","","","","","","","","49.59000015258789","49.59000015258789","49.59000015258789"
"12961","50.40999984741211","48.470001220703125","52.349998474121094","","","","","","","","","","","","","","","","","","","","",""
"12962","56.540000915527344","56.540000915527344","56.540000915527344","","","","","","","","","","","","","","","","","","","","",""
"13083","","","","","","","","","","","","","","","","","","","48.880001068115234","48.880001068115234","48.880001068115234","","",""
"13147","","","","","","","","","","","","","","","","52.130001068115234","52.130001068115234","52.130001068115234","","","","","",""
"13151","","","","","","","","","","","","","","","","","","","","","","52.619998931884766","52.619998931884766","52.619998931884766"
"13158","49.88999938964844","46.939998626708984","52.84000015258789","","","","","","","","","","","","","","","","","","","","",""
"13159","54.66999816894531","54.66999816894531","54.66999816894531","","","","","","","","","","","","","","","","","","","","",""
"13220","","","","","","","","","","","","","","","","","","","47.79999923706055","47.79999923706055","47.79999923706055","","",""
"13284","","","","","","","","","","","","","","","","52.650001525878906","52.650001525878906","52.650001525878906","","","","","",""
"13288","","","","","","","","","","","","","","","","","","","","","","46.709999084472656","46.709999084472656","46.709999084472656"
"13290","47.720001220703125","46.560001373291016","48.880001068115234","","","","","","","","","","","","","","","","","","","","",""
"13291","53.59000015258789","53.59000015258789","53.59000015258789","","","","","","","","","","","","","","","","","","","","",""
"13422","","","","","","","","","","","","","","","","","","","48.43000030517578","48.43000030517578","48.43000030517578","","",""
"13486","","","","","","","","","","","","","","","","54.75","54.75","54.75","","","","","",""
"13487","49.66499900817871","45.47999954223633","53.849998474121094","","","","","","","","","","","","","","","","","","","","",""
"13488","57.70000076293945","57.70000076293945","57.70000076293945","","","","","","","","","","","","","","","","","","","","",""
"13490","","","","","","","","","","","","","","","","","","","","","","54.45000076293945","54.45000076293945","54.45000076293945"
"13559","","","","","","","","","","","","","","","","","","","47.0099983215332","47.0099983215332","47.0099983215332","","",""
"13619","49.51499938964844","45.849998474121094","53.18000030517578","","","","","","","","","","","","","","","","","","","","",""
"13620","52.650001525878906","52.650001525878906","52.650001525878906","","","","","","","","","","","","","","","","","","","","",""
"13623","","","","","","","","","","","","","","","","54.47999954223633","54.47999954223633","54.47999954223633","","","","","",""
"13627","","","","","","","","","","","","","","","","","","","","","","55.4900016784668","55.4900016784668","55.4900016784668"
"13761","","","","","","","","","","","","","","","","","","","51.380001068115234","51.380001068115234","51.380001068115234","","",""
"13816","44.97500038146973","41.93000030517578","48.02000045776367","","","","","","","","","","","","","","","","","","","","",""
"13817","53.54999923706055","53.54999923706055","53.54999923706055","","","","","","","","","","","","","","","","","","","","",""
"13825","","","","","","","","","","","","","","","","55.869998931884766","55.869998931884766","55.869998931884766","","","","","",""
"13829","","","","","","","","","","","","","","","","","","","","","","50.11000061035156","50.11000061035156","50.11000061035156"
"13898","","","","","","","","","","","","","","","","","","","52.95000076293945","52.95000076293945","52.95000076293945","","",""
"13948","48.69499969482422","48.5099983215332","48.880001068115234","","","","","","","","","","","","","","","","","","","","",""
"13949","55.900001525878906","55.900001525878906","55.900001525878906","","","","","","","","","","","","","","","","","","","","",""
"13962","","","","","","","","","","","","","","","","53.70000076293945","53.70000076293945","53.70000076293945","","","","","",""
"13966","","","","","","","","","","","","","","","","","","","","","","50.150001525878906","50.150001525878906","50.150001525878906"
"14100","","","","","","","","","","","","","","","","","","","49.439998626708984","49.439998626708984","49.439998626708984","","",""
"14145","50.97500038146973","50.4900016784668","51.459999084472656","","","","","","","","","","","","","","","","","","","","",""
"14146","54.45000076293945","54.45000076293945","54.45000076293945","","","","","","","","","","","","","","","","","","","","",""
"14164","","","","","","","","","","","","","","","","50.52000045776367","50.52000045776367","50.52000045776367","","","","","",""
"14168","","","","","","","","","","","","","","","","","","","","","","49.88999938964844","49.88999938964844","49.88999938964844"
"14237","","","","","","","","","","","","","","","","","","","51.720001220703125","51.720001220703125","51.720001220703125","","",""
"14277","49.739999771118164","47.79999923706055","51.68000030517578","","","","","","","","","","","","","","","","","","","","",""
"14278","52.650001525878906","52.650001525878906","52.650001525878906","","","","","","","","","","","","","","","","","","","","",""
"14301","","","","","","","","","","","","","","","","52.84000015258789","52.84000015258789","52.84000015258789","","","","","",""
"14305","","","","","","","","","","","","","","","","","","","","","","49.5099983215332","49.5099983215332","49.5099983215332"
"14439","","","","","","","","","","","","","","","","","","","47.380001068115234","47.380001068115234","47.380001068115234","","",""
"14474","50.46999931335449","49.88999938964844","51.04999923706055","","","","","","","","","","","","","","","","","","","","",""
"14475","59.0099983215332","59.0099983215332","59.0099983215332","","","","","","","","","","","","","","","","","","","","",""
"14503","","","","","","","","","","","","","","","","52.09000015258789","52.09000015258789","52.09000015258789","","","","","",""
"14507","","","","","","","","","","","","","","","","","","","","","","46.900001525878906","46.900001525878906","46.900001525878906"
"14576","","","","","","","","","","","","","","","","","","","49.25","49.25","49.25","","",""
"14606","50.1299991607666","49.54999923706055","50.709999084472656","","","","","","","","","","","","","","","","","","","","",""
"14607","54.369998931884766","54.369998931884766","54.369998931884766","","","","","","","","","","","","","","","","","","","","",""
"14640","","","","","","","","","","","","","","","","52.43000030517578","52.43000030517578","52.43000030517578","","","","","",""
"14644","","","","","","","","","","","","","","","","","","","","","","45.93000030517578","45.93000030517578","45.93000030517578"
"14778","","","","","","","","","","","","","","","","","","","49.54999923706055","49.54999923706055","49.54999923706055","","",""
"14803","47.77499961853027","45.54999923706055","50","","","","","","","","","","","","","","","","","","","","",""
"14804","54.779998779296875","54.779998779296875","54.779998779296875","","","","","","","","","","","","","","","","","","","","",""
"14842","","","","","","","","","","","","","","","","55.040000915527344","55.040000915527344","55.040000915527344","","","","","",""
"14846","","","","","","","","","","","","","","","","","","","","","","50.560001373291016","50.560001373291016","50.560001373291016"
"14915","","","","","","","","","","","","","","","","","","","49.06999969482422","49.06999969482422","49.06999969482422","","",""
"14935","51.045000076293945","49.59000015258789","52.5","","","","","","","","","","","","","","","","","","","","",""
"14936","52.58000183105469","52.58000183105469","52.58000183105469","","","","","","","","","","","","","","","","","","","","",""
"14979","","","","","","","","","","","","","","","","54.11000061035156","54.11000061035156","54.11000061035156","","","","","",""
"14983","","","","","","","","","","","","","","","","","","","","","","50.4900016784668","50.4900016784668","50.4900016784668"
"15117","","","","","","","","","","","","","","","","","","","50.560001373291016","50.560001373291016","50.560001373291016","","",""
"15132","51.045000076293945","50.779998779296875","51.310001373291016","","","","","","","","","","","","","","","","","","","","",""
"15133","52.349998474121094","52.349998474121094","52.349998474121094","","","","","","","","","","","","","","","","","","","","",""
"15181","","","","","","","","","","","","","","","","53.54999923706055","53.54999923706055","53.54999923706055","","","","","",""
"15185","","","","","","","","","","","","","","","","","","","","","","48.5099983215332","48.5099983215332","48.5099983215332"
"15192","","","","","","","","","","","","","","","","","","","","","","48.5099983215332","48.5099983215332","48.5099983215332"
"15254","","","","","","","","","","","","","","","","","","","48.880001068115234","48.880001068115234","48.880001068115234","","",""
"15264","50.81999969482422","49.36000061035156","52.279998779296875","","","","","","","","","","","","","","","","","","","","",""
"15265","49.099998474121094","49.099998474121094","49.099998474121094","","","","","","","","","","","","","","","","","","","","",""
"15318","","","","","","","","","","","","","","","","56.90999984741211","56.90999984741211","56.90999984741211","","","","","",""
"15388","","","","","","","","","","","","","","","","","","","","","","48.209999084472656","48.209999084472656","48.209999084472656"
"15456","","","","","","","","","","","","","","","","","","","51.97999954223633","51.97999954223633","51.97999954223633","","",""
"15461","49.39999961853027","47.22999954223633","51.56999969482422","","","","","","","","","","","","","","","","","","","","",""
"15462","53.5099983215332","53.5099983215332","53.5099983215332","","","","","","","","","","","","","","","","","","","","",""
"15463","","","","","","","","","","","","","","","","","","","51.97999954223633","51.97999954223633","51.97999954223633","","",""
"15520","","","","","","","","","","","","","","","","54.06999969482422","54.06999969482422","54.06999969482422","","","","","",""
"15525","","","","","","","","","","","","","","","","","","","","","","51.869998931884766","51.869998931884766","51.869998931884766"
"15529","","","","","","","","","","","","","","","","","","","44.880001068115234","44.880001068115234","44.880001068115234","","",""
"15593","48.80500030517578","47.20000076293945","50.40999984741211","","","","","","","","","","","","","","","","","","","","",""
"15594","51.869998931884766","51.869998931884766","51.869998931884766","","","","","","","","","","","","","","","","","","","","",""
"15657","","","","","","","","","","","","","","","","54.150001525878906","54.150001525878906","54.150001525878906","","","","","",""
"15666","","","","","","","","","","","","","","","","","","","46.52000045776367","46.52000045776367","46.52000045776367","","",""
"15727","","","","","","","","","","","","","","","","","","","","","","51.349998474121094","51.349998474121094","51.349998474121094"
"15790","47.869998931884766","47.869998931884766","47.869998931884766","","","","","","","","","","","","","","","","","","","","",""
"15791","50.86000061035156","50.86000061035156","50.86000061035156","","","","","","","","","","","","","","","","","","","","",""
"15859","","","","","","","","","","","","","","","","54.29999923706055","54.29999923706055","54.29999923706055","","","","","",""
"15864","","","","","","","","","","","","","","","","","","","","","","51.27000045776367","51.27000045776367","51.27000045776367"
"15868","","","","","","","","","","","","","","","","","","","46.599998474121094","46.599998474121094","46.599998474121094","","",""
"15922","51.17499923706055","50.06999969482422","52.279998779296875","","","","","","","","","","","","","","","","","","","","",""
"15923","54.52000045776367","54.52000045776367","54.52000045776367","","","","","","","","","","","","","","","","","","","","",""
"15925","54.52000045776367","54.52000045776367","54.52000045776367","","","","","","","","","","","","","","","","","","","","",""
"15996","","","","","","","","","","","","","","","","50.75","50.75","50.75","","","","","",""
"16005","","","","","","","","","","","","","","","","","","","49.13999938964844","49.13999938964844","49.13999938964844","","",""
"16066","","","","","","","","","","","","","","","","","","","","","","52.95000076293945","52.95000076293945","52.95000076293945"
"16119","48.48500061035156","47.22999954223633","49.7400016784668","","","","","","","","","","","","","","","","","","","","",""
"16121","49.7400016784668","49.7400016784668","49.7400016784668","","","","","","","","","","","","","","","","","","","","",""
"16198","","","","","","","","","","","","","","","","54","54","54","","","","","",""
"16203","","","","","","","","","","","","","","","","","","","","","","50.93000030517578","50.93000030517578","50.93000030517578"
"16207","","","","","","","","","","","","","","","","","","","51.939998626708984","51.939998626708984","51.939998626708984","","",""
"16251","48.5099983215332","48.5099983215332","48.5099983215332","","","","","","","","","","","","","","","","","","","","",""
"16335","","","","","","","","","","","","","","","","52.470001220703125","52.470001220703125","52.470001220703125","","","","","",""
"16344","","","","","","","","","","","","","","","","","","","51.20000076293945","51.20000076293945","51.20000076293945","","",""
"16405","","","","","","","","","","","","","","","","","","","","","","49.25","49.25","49.25"
"16448","50.189998626708984","50.189998626708984","50.189998626708984","","","","","","","","","","","","","","","","","","","","",""
"16537","","","","","","","","","","","","","","","","53.54999923706055","53.54999923706055","53.54999923706055","","","","","",""
"16542","","","","","","","","","","","","","","","","","","","","","","52.43000030517578","52.43000030517578","52.43000030517578"
"16546","","","","","","","","","","","","","","","","","","","48.43000030517578","48.43000030517578","48.43000030517578","","",""
"16580","49.5099983215332","49.5099983215332","49.5099983215332","","","","","","","","","","","","","","","","","","","","",""
"16674","","","","","","","","","","","","","","","","54.560001373291016","54.560001373291016","54.560001373291016","","","","","",""
"16683","","","","","","","","","","","","","","","","","","","48.09000015258789","48.09000015258789","48.09000015258789","","",""
"16744","","","","","","","","","","","","","","","","","","","","","","52.619998931884766","52.619998931884766","52.619998931884766"
"16777","47.0099983215332","47.0099983215332","47.0099983215332","","","","","","","","","","","","","","","","","","","","",""
"16876","","","","","","","","","","","","","","","","53.59000015258789","53.59000015258789","53.59000015258789","","","","","",""
"16881","","","","","","","","","","","","","","","","","","","","","","46.63999938964844","46.63999938964844","46.63999938964844"
"16885","","","","","","","","","","","","","","","","","","","46.380001068115234","46.380001068115234","46.380001068115234","","",""
"16888","","","","","","","","","","","","","","","","","","","","","","46.63999938964844","46.63999938964844","46.63999938964844"
"16892","","","","","","","","","","","","","","","","","","","46.380001068115234","46.380001068115234","46.380001068115234","","",""
"16909","45.66999816894531","45.66999816894531","45.66999816894531","","","","","","","","","","","","","","","","","","","","",""
"17013","","","","","","","","","","","","","","","","51.119998931884766","51.119998931884766","51.119998931884766","","","","","",""
"17106","48.31999969482422","48.31999969482422","48.31999969482422","","","","","","","","","","","","","","","","","","","","",""
"17215","","","","","","","","","","","","","","","","50.52000045776367","50.52000045776367","50.52000045776367","","","","","",""
"17238","49.5099983215332","49.5099983215332","49.5099983215332","","","","","","","","","","","","","","","","","","","","",""
"17352","","","","","","","","","","","","","","","","49.220001220703125","49.220001220703125","49.220001220703125","","","","","",""
"17435","48.36000061035156","48.36000061035156","48.36000061035156","","","","","","","","","","","","","","","","","","","","",""
"17554","","","","","","","","","","","","","","","","51.41999816894531","51.41999816894531","51.41999816894531","","","","","",""
"17567","54.150001525878906","54.150001525878906","54.150001525878906","","","","","","","","","","","","","","","","","","","","",""
"17691","","","","","","","","","","","","","","","","52.619998931884766","52.619998931884766","52.619998931884766","","","","","",""
"17764","47.7599983215332","47.7599983215332","47.7599983215332","","","","","","","","","","","","","","","","","","","","",""
"17893","","","","","","","","","","","","","","","","51.22999954223633","51.22999954223633","51.22999954223633","","","","","",""
"17896","48.2400016784668","48.2400016784668","48.2400016784668","","","","","","","","","","","","","","","","","","","","",""
"18030","","","","","","","","","","","","","","","","53.47999954223633","53.47999954223633","53.47999954223633","","","","","",""
"18093","49.779998779296875","49.779998779296875","49.779998779296875","","","","","","","","","","","","","","","","","","","","",""
"18225","50.709999084472656","50.709999084472656","50.709999084472656","","","","","","","","","","","","","","","","","","","","",""
"18422","52.77000045776367","52.77000045776367","52.77000045776367","","","","","","","","","","","","","","","","","","","","",""
"18554","48.130001068115234","48.130001068115234","48.130001068115234","","","","","","","","","","","","","","","","","","","","",""
"18751","50.45000076293945","50.45000076293945","50.45000076293945","","","","","","","","","","","","","","","","","","","","",""
"18883","53.54999923706055","53.54999923706055","53.54999923706055","","","","","","","","","","","","","","","","","","","","",""
"19080","50.52000045776367","50.52000045776367","50.52000045776367","","","","","","","","","","","","","","","","","","","","",""
"19212","49.029998779296875","49.029998779296875","49.029998779296875","","","","","","","","","","","","","","","","","","","","",""
"19409","47.79999923706055","47.79999923706055","47.79999923706055","","","","","","","","","","","","","","","","","","","","",""
"19541","48.130001068115234","48.130001068115234","48.130001068115234","","","","","","","","","","","","","","","","","","","","",""
"19738","53.33000183105469","53.33000183105469","53.33000183105469","","","","","","","","","","","","","","","","","","","","",""
"19870","52.20000076293945","52.20000076293945","52.20000076293945","","","","","","","","","","","","","","","","","","","","",""
"20067","50.66999816894531","50.66999816894531","50.66999816894531","","","","","","","","","","","","","","","","","","","","",""
"20199","51.27000045776367","51.27000045776367","51.27000045776367","","","","","","","","","","","","","","","","","","","","",""
"20396","51.7599983215332","51.7599983215332","51.7599983215332","","","","","","","","","","","","","","","","","","","","",""
"20528","49.810001373291016","49.810001373291016","49.810001373291016","","","","","","","","","","","","","","","","","","","","",""
"20725","50.06999969482422","50.06999969482422","50.06999969482422","","","","","","","","","","","","","","","","","","","","",""
"20857","51.27000045776367","51.27000045776367","51.27000045776367","","","","","","","","","","","","","","","","","","","","",""
"21054","48.470001220703125","48.470001220703125","48.470001220703125","","","","","","","","","","","","","","","","","","","","",""
"21186","53.54999923706055","53.54999923706055","53.54999923706055","","","","","","","","","","","","","","","","","","","","",""
"21383","53.70000076293945","53.70000076293945","53.70000076293945","","","","","","","","","","","","","","","","","","","","",""
"21515","56.09000015258789","56.09000015258789","56.09000015258789","","","","","","","","","","","","","","","","","","","","",""
"21712","54.189998626708984","54.189998626708984","54.189998626708984","","","","","","","","","","","","","","","","","","","","",""
"21844","52.58000183105469","52.58000183105469","52.58000183105469","","","","","","","","","","","","","","","","","","","","",""
"22041","51.04999923706055","51.04999923706055","51.04999923706055","","","","","","","","","","","","","","","","","","","","",""
"22173","52.2400016784668","52.2400016784668","52.2400016784668","","","","","","","","","","","","","","","","","","","","",""
"22370","55.459999084472656","55.459999084472656","55.459999084472656","","","","","","","","","","","","","","","","","","","","",""
"22502","50.2599983215332","50.2599983215332","50.2599983215332","","","","","","","","","","","","","","","","","","","","",""
"22699","53.25","53.25","53.25","","","","","","","","","","","","","","","","","","","","",""
"22831","52.2400016784668","52.2400016784668","52.2400016784668","","","","","","","","","","","","","","","","","","","","",""
"23028","53.060001373291016","53.060001373291016","53.060001373291016","","","","","","","","","","","","","","","","","","","","",""
"23160","52.38999938964844","52.38999938964844","52.38999938964844","","","","","","","","","","","","","","","","","","","","",""
"23357","52.31999969482422","52.31999969482422","52.31999969482422","","","","","","","","","","","","","","","","","","","","",""
"23489","52.619998931884766","52.619998931884766","52.619998931884766","","","","","","","","","","","","","","","","","","","","",""
"23686","46.66999816894531","46.66999816894531","46.66999816894531","","","","","","","","","","","","","","","","","","","","",""
"23818","51.22999954223633","51.22999954223633","51.22999954223633","","","","","","","","","","","","","","","","","","","","",""