"Step","Group: text10-vision0 - evaluation/blimp/npi_licensing","Group: text10-vision0 - evaluation/blimp/npi_licensing__MIN","Group: text10-vision0 - evaluation/blimp/npi_licensing__MAX","Group: text1-vision0 - evaluation/blimp/npi_licensing","Group: text1-vision0 - evaluation/blimp/npi_licensing__MIN","Group: text1-vision0 - evaluation/blimp/npi_licensing__MAX","Group: text1-vision100 - evaluation/blimp/npi_licensing","Group: text1-vision100 - evaluation/blimp/npi_licensing__MIN","Group: text1-vision100 - evaluation/blimp/npi_licensing__MAX","Group: text1-vision10 - evaluation/blimp/npi_licensing","Group: text1-vision10 - evaluation/blimp/npi_licensing__MIN","Group: text1-vision10 - evaluation/blimp/npi_licensing__MAX","Group: text1-vision1 - evaluation/blimp/npi_licensing","Group: text1-vision1 - evaluation/blimp/npi_licensing__MIN","Group: text1-vision1 - evaluation/blimp/npi_licensing__MAX","Group: text10-vision1 - evaluation/blimp/npi_licensing","Group: text10-vision1 - evaluation/blimp/npi_licensing__MIN","Group: text10-vision1 - evaluation/blimp/npi_licensing__MAX","Group: text10-vision10 - evaluation/blimp/npi_licensing","Group: text10-vision10 - evaluation/blimp/npi_licensing__MIN","Group: text10-vision10 - evaluation/blimp/npi_licensing__MAX","Group: text10-vision100 - evaluation/blimp/npi_licensing","Group: text10-vision100 - evaluation/blimp/npi_licensing__MIN","Group: text10-vision100 - evaluation/blimp/npi_licensing__MAX"
"130","41.72500038146973","38.65999984741211","44.790000915527344","46.80500030517578","46.7400016784668","46.869998931884766","53.099998474121094","53.099998474121094","53.099998474121094","64.36000061035156","64.36000061035156","64.36000061035156","45.189998626708984","45.189998626708984","45.189998626708984","48.09000015258789","48.09000015258789","48.09000015258789","","","","","",""
"131","47.2400016784668","47.2400016784668","47.2400016784668","","","","","","","","","","","","","","","","44.029998779296875","44.029998779296875","44.029998779296875","42.970001220703125","42.970001220703125","42.970001220703125"
"327","54.7450008392334","54.02000045776367","55.470001220703125","53.85000038146973","53.08000183105469","54.619998931884766","","","","","","","","","","","","","","","","","",""
"328","53.16999816894531","53.16999816894531","53.16999816894531","","","","","","","","","","","","","","","","","","","","",""
"332","","","","","","","54.7400016784668","54.7400016784668","54.7400016784668","56.029998779296875","56.029998779296875","56.029998779296875","51.9900016784668","51.9900016784668","51.9900016784668","53.36000061035156","53.36000061035156","53.36000061035156","","","","","",""
"333","","","","","","","","","","","","","","","","","","","52.95000076293945","52.95000076293945","52.95000076293945","51.58000183105469","51.58000183105469","51.58000183105469"
"459","55.079999923706055","54.540000915527344","55.619998931884766","57.060001373291016","55.83000183105469","58.290000915527344","","","","","","","","","","","","","","","","","",""
"460","56.529998779296875","56.529998779296875","56.529998779296875","","","","","","","","","","","","","","","","","","","","",""
"469","","","","","","","57.29999923706055","57.29999923706055","57.29999923706055","55.060001373291016","55.060001373291016","55.060001373291016","50.58000183105469","50.58000183105469","50.58000183105469","56.72999954223633","56.72999954223633","56.72999954223633","","","","","",""
"470","","","","","","","","","","","","","","","","","","","55.560001373291016","55.560001373291016","55.560001373291016","55.7400016784668","55.7400016784668","55.7400016784668"
"656","54.30499839782715","53.689998626708984","54.91999816894531","53.80500030517578","52.84000015258789","54.77000045776367","","","","","","","","","","","","","","","","","",""
"657","55.95000076293945","55.95000076293945","55.95000076293945","","","","","","","","","","","","","","","","","","","","",""
"671","","","","","","","52.15999984741211","52.15999984741211","52.15999984741211","47.869998931884766","47.869998931884766","47.869998931884766","48.88999938964844","48.88999938964844","48.88999938964844","53.04999923706055","53.04999923706055","53.04999923706055","","","","","",""
"672","","","","","","","","","","","","","","","","","","","56.5099983215332","56.5099983215332","56.5099983215332","54.540000915527344","54.540000915527344","54.540000915527344"
"788","53.77499961853027","51.25","56.29999923706055","53.885000228881836","52.060001373291016","55.709999084472656","","","","","","","","","","","","","","","","","",""
"789","54.189998626708984","54.189998626708984","54.189998626708984","","","","","","","","","","","","","","","","","","","","",""
"808","","","","","","","53.810001373291016","53.810001373291016","53.810001373291016","47.189998626708984","47.189998626708984","47.189998626708984","47.95000076293945","47.95000076293945","47.95000076293945","50.77000045776367","50.77000045776367","50.77000045776367","","","","","",""
"809","","","","","","","","","","","","","","","","","","","49.97999954223633","49.97999954223633","49.97999954223633","51.880001068115234","51.880001068115234","51.880001068115234"
"985","52.525001525878906","51.720001220703125","53.33000183105469","53.239999771118164","52.70000076293945","53.779998779296875","","","","","","","","","","","","","","","","","",""
"986","52.290000915527344","52.290000915527344","52.290000915527344","","","","","","","","","","","","","","","","","","","","",""
"1010","","","","","","","52.34000015258789","52.34000015258789","52.34000015258789","52.060001373291016","52.060001373291016","52.060001373291016","44.43000030517578","44.43000030517578","44.43000030517578","45.400001525878906","45.400001525878906","45.400001525878906","","","","","",""
"1011","","","","","","","","","","","","","","","","","","","53.56999969482422","53.56999969482422","53.56999969482422","50.119998931884766","50.119998931884766","50.119998931884766"
"1117","51.170000076293945","49.81999969482422","52.52000045776367","49.614999771118164","48.560001373291016","50.66999816894531","","","","","","","","","","","","","","","","","",""
"1118","53.11000061035156","53.11000061035156","53.11000061035156","","","","","","","","","","","","","","","","","","","","",""
"1147","","","","","","","50.380001068115234","50.380001068115234","50.380001068115234","47.47999954223633","47.47999954223633","47.47999954223633","46.709999084472656","46.709999084472656","46.709999084472656","45.220001220703125","45.220001220703125","45.220001220703125","","","","","",""
"1148","","","","","","","","","","","","","","","","","","","51.9900016784668","51.9900016784668","51.9900016784668","49.90999984741211","49.90999984741211","49.90999984741211"
"1314","49.170000076293945","46.75","51.59000015258789","51.19999885559082","50.2599983215332","52.13999938964844","","","","","","","","","","","","","","","","","",""
"1315","51.970001220703125","51.970001220703125","51.970001220703125","","","","","","","","","","","","","","","","","","","","",""
"1349","","","","","","","49.650001525878906","49.650001525878906","49.650001525878906","47.560001373291016","47.560001373291016","47.560001373291016","50.77000045776367","50.77000045776367","50.77000045776367","50.81999969482422","50.81999969482422","50.81999969482422","","","","","",""
"1350","","","","","","","","","","","","","","","","","","","49.66999816894531","49.66999816894531","49.66999816894531","49.529998779296875","49.529998779296875","49.529998779296875"
"1446","47.75","44.220001220703125","51.279998779296875","52.60499954223633","52.2599983215332","52.95000076293945","","","","","","","","","","","","","","","","","",""
"1447","52.66999816894531","52.66999816894531","52.66999816894531","","","","","","","","","","","","","","","","","","","","",""
"1486","","","","","","","49.380001068115234","49.380001068115234","49.380001068115234","50.880001068115234","50.880001068115234","50.880001068115234","47.45000076293945","47.45000076293945","47.45000076293945","54.83000183105469","54.83000183105469","54.83000183105469","","","","","",""
"1487","","","","","","","","","","","","","","","","","","","50.880001068115234","50.880001068115234","50.880001068115234","53.689998626708984","53.689998626708984","53.689998626708984"
"1643","50.35000038146973","47.38999938964844","53.310001373291016","55.69499969482422","55.41999816894531","55.970001220703125","","","","","","","","","","","","","","","","","",""
"1644","56.83000183105469","56.83000183105469","56.83000183105469","","","","","","","","","","","","","","","","","","","","",""
"1688","","","","","","","55.56999969482422","55.56999969482422","55.56999969482422","53.36000061035156","53.36000061035156","53.36000061035156","48.91999816894531","48.91999816894531","48.91999816894531","55.40999984741211","55.40999984741211","55.40999984741211","","","","","",""
"1689","","","","","","","","","","","","","","","","","","","52.459999084472656","52.459999084472656","52.459999084472656","52.34000015258789","52.34000015258789","52.34000015258789"
"1775","48.36000061035156","48","48.720001220703125","53.96999931335449","52.779998779296875","55.15999984741211","","","","","","","","","","","","","","","","","",""
"1776","56.33000183105469","56.33000183105469","56.33000183105469","","","","","","","","","","","","","","","","","","","","",""
"1825","","","","","","","54.25","54.25","54.25","57.790000915527344","57.790000915527344","57.790000915527344","51.04999923706055","51.04999923706055","51.04999923706055","55.79999923706055","55.79999923706055","55.79999923706055","","","","","",""
"1826","","","","","","","","","","","","","","","","","","","49.45000076293945","49.45000076293945","49.45000076293945","55.880001068115234","55.880001068115234","55.880001068115234"
"1972","48.61000061035156","46.52000045776367","50.70000076293945","53.77000045776367","51.59000015258789","55.95000076293945","","","","","","","","","","","","","","","","","",""
"1973","54.810001373291016","54.810001373291016","54.810001373291016","","","","","","","","","","","","","","","","","","","","",""
"2027","","","","","","","48.36000061035156","48.36000061035156","48.36000061035156","53.54999923706055","53.54999923706055","53.54999923706055","47.75","47.75","47.75","52.220001220703125","52.220001220703125","52.220001220703125","","","","","",""
"2028","","","","","","","","","","","","","","","","","","","51.470001220703125","51.470001220703125","51.470001220703125","55.150001525878906","55.150001525878906","55.150001525878906"
"2104","49.39499855041504","47.619998931884766","51.16999816894531","50.65999984741211","48.279998779296875","53.040000915527344","","","","","","","","","","","","","","","","","",""
"2105","55.689998626708984","55.689998626708984","55.689998626708984","","","","","","","","","","","","","","","","","","","","",""
"2164","","","","","","","47.77000045776367","47.77000045776367","47.77000045776367","43.20000076293945","43.20000076293945","43.20000076293945","49.29999923706055","49.29999923706055","49.29999923706055","53.84000015258789","53.84000015258789","53.84000015258789","","","","","",""
"2165","","","","","","","","","","","","","","","","","","","50.54999923706055","50.54999923706055","50.54999923706055","50.7599983215332","50.7599983215332","50.7599983215332"
"2301","48.44000053405762","45.95000076293945","50.93000030517578","52.02000045776367","49.88999938964844","54.150001525878906","","","","","","","","","","","","","","","","","",""
"2302","57.0099983215332","57.0099983215332","57.0099983215332","","","","","","","","","","","","","","","","","","","","",""
"2366","","","","","","","50.08000183105469","50.08000183105469","50.08000183105469","52.58000183105469","52.58000183105469","52.58000183105469","46.540000915527344","46.540000915527344","46.540000915527344","55.119998931884766","55.119998931884766","55.119998931884766","","","","","",""
"2367","","","","","","","","","","","","","","","","","","","51.810001373291016","51.810001373291016","51.810001373291016","49.849998474121094","49.849998474121094","49.849998474121094"
"2433","52.44499969482422","50.939998626708984","53.95000076293945","51.61000061035156","47.38999938964844","55.83000183105469","","","","","","","","","","","","","","","","","",""
"2434","56.5099983215332","56.5099983215332","56.5099983215332","","","","","","","","","","","","","","","","","","","","",""
"2503","","","","","","","51.40999984741211","51.40999984741211","51.40999984741211","47.41999816894531","47.41999816894531","47.41999816894531","52.11000061035156","52.11000061035156","52.11000061035156","57.529998779296875","57.529998779296875","57.529998779296875","","","","","",""
"2504","","","","","","","","","","","","","","","","","","","52.790000915527344","52.790000915527344","52.790000915527344","50.18000030517578","50.18000030517578","50.18000030517578"
"2630","50.5","47.720001220703125","53.279998779296875","51.010000228881836","47.65999984741211","54.36000061035156","","","","","","","","","","","","","","","","","",""
"2631","56.40999984741211","56.40999984741211","56.40999984741211","","","","","","","","","","","","","","","","","","","","",""
"2705","","","","","","","52.04999923706055","52.04999923706055","52.04999923706055","49.91999816894531","49.91999816894531","49.91999816894531","50.119998931884766","50.119998931884766","50.119998931884766","56.189998626708984","56.189998626708984","56.189998626708984","","","","","",""
"2706","","","","","","","","","","","","","","","","","","","47.619998931884766","47.619998931884766","47.619998931884766","52.099998474121094","52.099998474121094","52.099998474121094"
"2762","53.760000228881836","48.880001068115234","58.63999938964844","53.44000053405762","48.97999954223633","57.900001525878906","","","","","","","","","","","","","","","","","",""
"2763","54.689998626708984","54.689998626708984","54.689998626708984","","","","","","","","","","","","","","","","","","","","",""
"2842","","","","","","","52.81999969482422","52.81999969482422","52.81999969482422","47.720001220703125","47.720001220703125","47.720001220703125","52.790000915527344","52.790000915527344","52.790000915527344","58.81999969482422","58.81999969482422","58.81999969482422","","","","","",""
"2843","","","","","","","","","","","","","","","","","","","50.880001068115234","50.880001068115234","50.880001068115234","51.58000183105469","51.58000183105469","51.58000183105469"
"2959","53.545000076293945","48.83000183105469","58.2599983215332","49.32500076293945","45.34000015258789","53.310001373291016","","","","","","","","","","","","","","","","","",""
"2960","56.060001373291016","56.060001373291016","56.060001373291016","","","","","","","","","","","","","","","","","","","","",""
"3044","","","","","","","56.150001525878906","56.150001525878906","56.150001525878906","52.400001525878906","52.400001525878906","52.400001525878906","51.40999984741211","51.40999984741211","51.40999984741211","59.65999984741211","59.65999984741211","59.65999984741211","","","","","",""
"3045","","","","","","","","","","","","","","","","","","","52.65999984741211","52.65999984741211","52.65999984741211","52.189998626708984","52.189998626708984","52.189998626708984"
"3091","56.310001373291016","52.540000915527344","60.08000183105469","51.92499923706055","51.279998779296875","52.56999969482422","","","","","","","","","","","","","","","","","",""
"3092","56.189998626708984","56.189998626708984","56.189998626708984","","","","","","","","","","","","","","","","","","","","",""
"3181","","","","","","","53.97999954223633","53.97999954223633","53.97999954223633","51.150001525878906","51.150001525878906","51.150001525878906","58.93000030517578","58.93000030517578","58.93000030517578","56.790000915527344","56.790000915527344","56.790000915527344","","","","","",""
"3182","","","","","","","","","","","","","","","","","","","53.06999969482422","53.06999969482422","53.06999969482422","53.75","53.75","53.75"
"3288","56.48500061035156","51.63999938964844","61.33000183105469","49.43000030517578","45.81999969482422","53.040000915527344","","","","","","","","","","","","","","","","","",""
"3289","58.7599983215332","58.7599983215332","58.7599983215332","","","","","","","","","","","","","","","","","","","","",""
"3383","","","","","","","56.63999938964844","56.63999938964844","56.63999938964844","52.97999954223633","52.97999954223633","52.97999954223633","51.290000915527344","51.290000915527344","51.290000915527344","54.77000045776367","54.77000045776367","54.77000045776367","","","","","",""
"3384","","","","","","","","","","","","","","","","","","","52.70000076293945","52.70000076293945","52.70000076293945","50.09000015258789","50.09000015258789","50.09000015258789"
"3420","55.260000228881836","48.34000015258789","62.18000030517578","49.84499931335449","46.54999923706055","53.13999938964844","","","","","","","","","","","","","","","","","",""
"3421","58.22999954223633","58.22999954223633","58.22999954223633","","","","","","","","","","","","","","","","","","","","",""
"3520","","","","","","","52.540000915527344","52.540000915527344","52.540000915527344","53.7400016784668","53.7400016784668","53.7400016784668","53.84000015258789","53.84000015258789","53.84000015258789","59.470001220703125","59.470001220703125","59.470001220703125","","","","","",""
"3521","","","","","","","","","","","","","","","","","","","52.369998931884766","52.369998931884766","52.369998931884766","50.81999969482422","50.81999969482422","50.81999969482422"
"3617","55.57500076293945","50.84000015258789","60.310001373291016","50.709999084472656","49.099998474121094","52.31999969482422","","","","","","","","","","","","","","","","","",""
"3618","52.349998474121094","52.349998474121094","52.349998474121094","","","","","","","","","","","","","","","","","","","","",""
"3722","","","","","","","54.04999923706055","54.04999923706055","54.04999923706055","53.84000015258789","53.84000015258789","53.84000015258789","55.86000061035156","55.86000061035156","55.86000061035156","55.560001373291016","55.560001373291016","55.560001373291016","","","","","",""
"3723","","","","","","","","","","","","","","","","","","","57.619998931884766","57.619998931884766","57.619998931884766","51.75","51.75","51.75"
"3749","54.91499900817871","48.209999084472656","61.619998931884766","50.385000228881836","49.83000183105469","50.939998626708984","","","","","","","","","","","","","","","","","",""
"3750","53.93000030517578","53.93000030517578","53.93000030517578","","","","","","","","","","","","","","","","","","","","",""
"3859","","","","","","","52.4900016784668","52.4900016784668","52.4900016784668","49.63999938964844","49.63999938964844","49.63999938964844","52.70000076293945","52.70000076293945","52.70000076293945","55.86000061035156","55.86000061035156","55.86000061035156","","","","","",""
"3860","","","","","","","","","","","","","","","","","","","56.91999816894531","56.91999816894531","56.91999816894531","54.040000915527344","54.040000915527344","54.040000915527344"
"3946","57.19499969482422","52.380001068115234","62.0099983215332","50.71500015258789","48.470001220703125","52.959999084472656","","","","","","","","","","","","","","","","","",""
"3947","57.38999938964844","57.38999938964844","57.38999938964844","","","","","","","","","","","","","","","","","","","","",""
"4061","","","","","","","53.099998474121094","53.099998474121094","53.099998474121094","50.349998474121094","50.349998474121094","50.349998474121094","56.09000015258789","56.09000015258789","56.09000015258789","58.150001525878906","58.150001525878906","58.150001525878906","","","","","",""
"4062","","","","","","","","","","","","","","","","","","","56.040000915527344","56.040000915527344","56.040000915527344","55.119998931884766","55.119998931884766","55.119998931884766"
"4078","57.209999084472656","52.04999923706055","62.369998931884766","49.295000076293945","44.220001220703125","54.369998931884766","","","","","","","","","","","","","","","","","",""
"4079","55.47999954223633","55.47999954223633","55.47999954223633","","","","","","","","","","","","","","","","","","","","",""
"4198","","","","","","","54.56999969482422","54.56999969482422","54.56999969482422","50.209999084472656","50.209999084472656","50.209999084472656","54.83000183105469","54.83000183105469","54.83000183105469","55.130001068115234","55.130001068115234","55.130001068115234","","","","","",""
"4199","","","","","","","","","","","","","","","","","","","57.2400016784668","57.2400016784668","57.2400016784668","53.099998474121094","53.099998474121094","53.099998474121094"
"4275","56.06999969482422","52.380001068115234","59.7599983215332","49.57499885559082","44.63999938964844","54.5099983215332","","","","","","","","","","","","","","","","","",""
"4276","54.59000015258789","54.59000015258789","54.59000015258789","","","","","","","","","","","","","","","","","","","","",""
"4400","","","","","","","56.150001525878906","56.150001525878906","56.150001525878906","51.13999938964844","51.13999938964844","51.13999938964844","54.27000045776367","54.27000045776367","54.27000045776367","53.25","53.25","53.25","","","","","",""
"4401","","","","","","","","","","","","","","","","","","","58.279998779296875","58.279998779296875","58.279998779296875","51.459999084472656","51.459999084472656","51.459999084472656"
"4407","56.875","53.9900016784668","59.7599983215332","49.71999931335449","46.459999084472656","52.97999954223633","","","","","","","","","","","","","","","","","",""
"4408","55.779998779296875","55.779998779296875","55.779998779296875","","","","","","","","","","","","","","","","","","","","",""
"4537","","","","","","","52.220001220703125","52.220001220703125","52.220001220703125","48.56999969482422","48.56999969482422","48.56999969482422","","","","54.209999084472656","54.209999084472656","54.209999084472656","","","","","",""
"4538","","","","","","","","","","","","","","","","","","","59.11000061035156","59.11000061035156","59.11000061035156","56.97999954223633","56.97999954223633","56.97999954223633"
"4604","55.47500038146973","51.61000061035156","59.34000015258789","50.19500160217285","46.9900016784668","53.400001525878906","","","","","","","","","","","","","","","","","",""
"4605","55.630001068115234","55.630001068115234","55.630001068115234","","","","","","","","","","","","","","","","","","","","",""
"4668","","","","","","","","","","","","","52.959999084472656","52.959999084472656","52.959999084472656","","","","","","","","",""
"4736","56.76499938964844","51.279998779296875","62.25","50.51500129699707","48.040000915527344","52.9900016784668","","","","","","","","","","","","","","","","","",""
"4737","55.619998931884766","55.619998931884766","55.619998931884766","","","","","","","","","","","","","","","","","","","","",""
"4739","","","","","","","54.650001525878906","54.650001525878906","54.650001525878906","51.54999923706055","51.54999923706055","51.54999923706055","","","","57.619998931884766","57.619998931884766","57.619998931884766","","","","","",""
"4740","","","","","","","","","","","","","","","","","","","56.849998474121094","56.849998474121094","56.849998474121094","50.72999954223633","50.72999954223633","50.72999954223633"
"4870","","","","","","","","","","","","","53.93000030517578","53.93000030517578","53.93000030517578","","","","","","","","",""
"4876","","","","","","","54.91999816894531","54.91999816894531","54.91999816894531","49.31999969482422","49.31999969482422","49.31999969482422","","","","56.95000076293945","56.95000076293945","56.95000076293945","","","","","",""
"4877","","","","","","","","","","","","","","","","","","","54.06999969482422","54.06999969482422","54.06999969482422","53.959999084472656","53.959999084472656","53.959999084472656"
"4933","58.125","55.79999923706055","60.45000076293945","49.18000030517578","45.400001525878906","52.959999084472656","","","","","","","","","","","","","","","","","",""
"4934","54.84000015258789","54.84000015258789","54.84000015258789","","","","","","","","","","","","","","","","","","","","",""
"5007","","","","","","","","","","","","","53.540000915527344","53.540000915527344","53.540000915527344","","","","","","","","",""
"5065","56.079999923706055","52.93000030517578","59.22999954223633","48.84000015258789","48.06999969482422","49.61000061035156","","","","","","","","","","","","","","","","","",""
"5066","55.40999984741211","55.40999984741211","55.40999984741211","","","","","","","","","","","","","","","","","","","","",""
"5078","","","","","","","52.31999969482422","52.31999969482422","52.31999969482422","50.439998626708984","50.439998626708984","50.439998626708984","","","","52.9900016784668","52.9900016784668","52.9900016784668","","","","","",""
"5079","","","","","","","","","","","","","","","","","","","56.5099983215332","56.5099983215332","56.5099983215332","53.91999816894531","53.91999816894531","53.91999816894531"
"5209","","","","","","","","","","","","","55.220001220703125","55.220001220703125","55.220001220703125","","","","","","","","",""
"5215","","","","","","","51.72999954223633","51.72999954223633","51.72999954223633","48.2400016784668","48.2400016784668","48.2400016784668","","","","52.380001068115234","52.380001068115234","52.380001068115234","","","","","",""
"5216","","","","","","","","","","","","","","","","","","","55.45000076293945","55.45000076293945","55.45000076293945","53.7400016784668","53.7400016784668","53.7400016784668"
"5262","54.35000038146973","53.02000045776367","55.68000030517578","50.5","50.2400016784668","50.7599983215332","","","","","","","","","","","","","","","","","",""
"5263","55.0099983215332","55.0099983215332","55.0099983215332","","","","","","","","","","","","","","","","","","","","",""
"5264","","","","50.7599983215332","50.7599983215332","50.7599983215332","","","","","","","","","","","","","","","","","",""
"5346","","","","","","","","","","","","","54.86000061035156","54.86000061035156","54.86000061035156","","","","","","","","",""
"5394","55.4950008392334","52.290000915527344","58.70000076293945","53.22999954223633","53.22999954223633","53.22999954223633","","","","","","","","","","","","","","","","","",""
"5395","52.52000045776367","52.52000045776367","52.52000045776367","","","","","","","","","","","","","","","","","","","","",""
"5417","","","","","","","49.33000183105469","49.33000183105469","49.33000183105469","42.90999984741211","42.90999984741211","42.90999984741211","","","","53.88999938964844","53.88999938964844","53.88999938964844","","","","","",""
"5418","","","","","","","","","","","","","","","","","","","59.849998474121094","59.849998474121094","59.849998474121094","55.150001525878906","55.150001525878906","55.150001525878906"
"5548","","","","","","","","","","","","","54.619998931884766","54.619998931884766","54.619998931884766","","","","","","","","",""
"5554","","","","","","","53.2599983215332","53.2599983215332","53.2599983215332","46.7400016784668","46.7400016784668","46.7400016784668","","","","55.45000076293945","55.45000076293945","55.45000076293945","","","","","",""
"5555","","","","","","","","","","","","","","","","","","","58.349998474121094","58.349998474121094","58.349998474121094","55.06999969482422","55.06999969482422","55.06999969482422"
"5591","55.68499946594238","53.369998931884766","58","","","","","","","","","","","","","","","","","","","","",""
"5592","57.4900016784668","57.4900016784668","57.4900016784668","","","","","","","","","","","","","","","","","","","","",""
"5685","","","","","","","","","","","","","55.209999084472656","55.209999084472656","55.209999084472656","","","","","","","","",""
"5723","52.489999771118164","50.77000045776367","54.209999084472656","","","","","","","","","","","","","","","","","","","","",""
"5724","56.31999969482422","56.31999969482422","56.31999969482422","","","","","","","","","","","","","","","","","","","","",""
"5756","","","","","","","51.810001373291016","51.810001373291016","51.810001373291016","46.2599983215332","46.2599983215332","46.2599983215332","","","","53.97999954223633","53.97999954223633","53.97999954223633","","","","","",""
"5757","","","","","","","","","","","","","","","","","","","59.400001525878906","59.400001525878906","59.400001525878906","54.599998474121094","54.599998474121094","54.599998474121094"
"5887","","","","","","","","","","","","","52.43000030517578","52.43000030517578","52.43000030517578","","","","","","","","",""
"5893","","","","","","","48.86000061035156","48.86000061035156","48.86000061035156","46.41999816894531","46.41999816894531","46.41999816894531","","","","53.869998931884766","53.869998931884766","53.869998931884766","","","","","",""
"5894","","","","","","","","","","","","","","","","","","","59.790000915527344","59.790000915527344","59.790000915527344","58.119998931884766","58.119998931884766","58.119998931884766"
"5920","52.739999771118164","51.060001373291016","54.41999816894531","","","","","","","","","","","","","","","","","","","","",""
"5921","56.709999084472656","56.709999084472656","56.709999084472656","","","","","","","","","","","","","","","","","","","","",""
"6024","","","","","","","","","","","","","55.119998931884766","55.119998931884766","55.119998931884766","","","","","","","","",""
"6052","53.21000099182129","51.900001525878906","54.52000045776367","","","","","","","","","","","","","","","","","","","","",""
"6053","54.689998626708984","54.689998626708984","54.689998626708984","","","","","","","","","","","","","","","","","","","","",""
"6095","","","","","","","46.41999816894531","46.41999816894531","46.41999816894531","45.22999954223633","45.22999954223633","45.22999954223633","","","","52.689998626708984","52.689998626708984","52.689998626708984","","","","","",""
"6096","","","","","","","","","","","","","","","","","","","58.63999938964844","58.63999938964844","58.63999938964844","57.41999816894531","57.41999816894531","57.41999816894531"
"6226","","","","","","","","","","","","","54.5099983215332","54.5099983215332","54.5099983215332","","","","","","","","",""
"6232","","","","","","","51.2599983215332","51.2599983215332","51.2599983215332","46.9900016784668","46.9900016784668","46.9900016784668","","","","","","","","","","","",""
"6233","","","","","","","","","","","","","","","","58.560001373291016","58.560001373291016","58.560001373291016","59.380001068115234","59.380001068115234","59.380001068115234","58.650001525878906","58.650001525878906","58.650001525878906"
"6249","53.6299991607666","53.599998474121094","53.65999984741211","","","","","","","","","","","","","","","","","","","","",""
"6250","56.33000183105469","56.33000183105469","56.33000183105469","","","","","","","","","","","","","","","","","","","","",""
"6363","","","","","","","","","","","","","52.15999984741211","52.15999984741211","52.15999984741211","","","","","","","","",""
"6381","54.454999923706055","53.400001525878906","55.5099983215332","","","","","","","","","","","","","","","","","","","","",""
"6382","54.599998474121094","54.599998474121094","54.599998474121094","","","","","","","","","","","","","","","","","","","","",""
"6434","","","","","","","47.869998931884766","47.869998931884766","47.869998931884766","46.630001068115234","46.630001068115234","46.630001068115234","","","","","","","","","","","",""
"6435","","","","","","","","","","","","","","","","53.86000061035156","53.86000061035156","53.86000061035156","61.279998779296875","61.279998779296875","61.279998779296875","58.54999923706055","58.54999923706055","58.54999923706055"
"6565","","","","","","","","","","","","","55.65999984741211","55.65999984741211","55.65999984741211","","","","","","","","",""
"6571","","","","","","","47.18000030517578","47.18000030517578","47.18000030517578","48.279998779296875","48.279998779296875","48.279998779296875","","","","","","","","","","","",""
"6572","","","","","","","","","","","","","","","","56.060001373291016","56.060001373291016","56.060001373291016","55.130001068115234","55.130001068115234","55.130001068115234","55.36000061035156","55.36000061035156","55.36000061035156"
"6578","54.239999771118164","52.130001068115234","56.349998474121094","","","","","","","","","","","","","","","","","","","","",""
"6579","57.18000030517578","57.18000030517578","57.18000030517578","","","","","","","","","","","","","","","","","","","","",""
"6702","","","","","","","","","","","","","55.81999969482422","55.81999969482422","55.81999969482422","","","","","","","","",""
"6710","53.954999923706055","53.130001068115234","54.779998779296875","","","","","","","","","","","","","","","","","","","","",""
"6711","53.58000183105469","53.58000183105469","53.58000183105469","","","","","","","","","","","","","","","","","","","","",""
"6773","","","","","","","46.52000045776367","46.52000045776367","46.52000045776367","49","49","49","","","","","","","","","","","",""
"6774","","","","","","","","","","","","","","","","55.939998626708984","55.939998626708984","55.939998626708984","56.599998474121094","56.599998474121094","56.599998474121094","54.95000076293945","54.95000076293945","54.95000076293945"
"6904","","","","","","","","","","","","","53.2599983215332","53.2599983215332","53.2599983215332","","","","","","","","",""
"6907","55.55500030517578","54.369998931884766","56.7400016784668","","","","","","","","","","","","","","","","","","","","",""
"6908","54.83000183105469","54.83000183105469","54.83000183105469","","","","","","","","","","","","","","","","","","","","",""
"6910","","","","","","","43.939998626708984","43.939998626708984","43.939998626708984","53.88999938964844","53.88999938964844","53.88999938964844","","","","","","","","","","","",""
"6911","","","","","","","","","","","","","","","","52.779998779296875","52.779998779296875","52.779998779296875","56.290000915527344","56.290000915527344","56.290000915527344","56.380001068115234","56.380001068115234","56.380001068115234"
"7039","52.64999961853027","51.72999954223633","53.56999969482422","","","","","","","","","","","","","","","","","","","","",""
"7040","53.959999084472656","53.959999084472656","53.959999084472656","","","","","","","","","","","","","","","","","","","","",""
"7041","","","","","","","","","","","","","56.119998931884766","56.119998931884766","56.119998931884766","","","","","","","","",""
"7112","","","","","","","46.810001373291016","46.810001373291016","46.810001373291016","47.18000030517578","47.18000030517578","47.18000030517578","","","","","","","","","","","",""
"7113","","","","","","","","","","","","","","","","54.25","54.25","54.25","53.720001220703125","53.720001220703125","53.720001220703125","56.349998474121094","56.349998474121094","56.349998474121094"
"7236","54.17500114440918","53.83000183105469","54.52000045776367","","","","","","","","","","","","","","","","","","","","",""
"7237","53.47999954223633","53.47999954223633","53.47999954223633","","","","","","","","","","","","","","","","","","","","",""
"7243","","","","","","","","","","","","","56.18000030517578","56.18000030517578","56.18000030517578","","","","","","","","",""
"7249","","","","","","","51.290000915527344","51.290000915527344","51.290000915527344","47.75","47.75","47.75","","","","","","","","","","","",""
"7250","","","","","","","","","","","","","","","","53.86000061035156","53.86000061035156","53.86000061035156","59.34000015258789","59.34000015258789","59.34000015258789","58.72999954223633","58.72999954223633","58.72999954223633"
"7368","54.89500045776367","54.25","55.540000915527344","","","","","","","","","","","","","","","","","","","","",""
"7369","55.130001068115234","55.130001068115234","55.130001068115234","","","","","","","","","","","","","","","","","","","","",""
"7380","","","","","","","","","","","","","52.84000015258789","52.84000015258789","52.84000015258789","","","","","","","","",""
"7451","","","","","","","47.86000061035156","47.86000061035156","47.86000061035156","51.279998779296875","51.279998779296875","51.279998779296875","","","","","","","","","","","",""
"7452","","","","","","","","","","","","","","","","53.93000030517578","53.93000030517578","53.93000030517578","58.869998931884766","58.869998931884766","58.869998931884766","55.75","55.75","55.75"
"7565","56.11000061035156","53.61000061035156","58.61000061035156","","","","","","","","","","","","","","","","","","","","",""
"7566","58.04999923706055","58.04999923706055","58.04999923706055","","","","","","","","","","","","","","","","","","","","",""
"7582","","","","","","","","","","","","","51.849998474121094","51.849998474121094","51.849998474121094","","","","","","","","",""
"7588","","","","","","","44.84000015258789","44.84000015258789","44.84000015258789","51.880001068115234","51.880001068115234","51.880001068115234","","","","","","","","","","","",""
"7589","","","","","","","","","","","","","","","","53.93000030517578","53.93000030517578","53.93000030517578","60.34000015258789","60.34000015258789","60.34000015258789","58.7599983215332","58.7599983215332","58.7599983215332"
"7697","55.20000076293945","52.31999969482422","58.08000183105469","","","","","","","","","","","","","","","","","","","","",""
"7698","57.560001373291016","57.560001373291016","57.560001373291016","","","","","","","","","","","","","","","","","","","","",""
"7719","","","","","","","","","","","","","55.720001220703125","55.720001220703125","55.720001220703125","","","","","","","","",""
"7790","","","","","","","44.279998779296875","44.279998779296875","44.279998779296875","50.939998626708984","50.939998626708984","50.939998626708984","","","","","","","","","","","",""
"7791","","","","","","","","","","","","","","","","52.099998474121094","52.099998474121094","52.099998474121094","59.22999954223633","59.22999954223633","59.22999954223633","56.18000030517578","56.18000030517578","56.18000030517578"
"7894","53.96999931335449","51.75","56.189998626708984","","","","","","","","","","","","","","","","","","","","",""
"7895","56.83000183105469","56.83000183105469","56.83000183105469","","","","","","","","","","","","","","","","","","","","",""
"7921","","","","","","","","","","","","","55.970001220703125","55.970001220703125","55.970001220703125","","","","","","","","",""
"7927","","","","","","","49.15999984741211","49.15999984741211","49.15999984741211","54.560001373291016","54.560001373291016","54.560001373291016","","","","","","","","","","","",""
"7928","","","","","","","","","","","","","","","","55.81999969482422","55.81999969482422","55.81999969482422","58.4900016784668","58.4900016784668","58.4900016784668","52.66999816894531","52.66999816894531","52.66999816894531"
"8026","53.77499961853027","52.369998931884766","55.18000030517578","","","","","","","","","","","","","","","","","","","","",""
"8027","54.97999954223633","54.97999954223633","54.97999954223633","","","","","","","","","","","","","","","","","","","","",""
"8058","","","","","","","","","","","","","54.04999923706055","54.04999923706055","54.04999923706055","","","","","","","","",""
"8129","","","","","","","45.369998931884766","45.369998931884766","45.369998931884766","46.45000076293945","46.45000076293945","46.45000076293945","","","","","","","","","","","",""
"8130","","","","","","","","","","","","","","","","60.43000030517578","60.43000030517578","60.43000030517578","59.220001220703125","59.220001220703125","59.220001220703125","57.439998626708984","57.439998626708984","57.439998626708984"
"8223","53.885000228881836","53.810001373291016","53.959999084472656","","","","","","","","","","","","","","","","","","","","",""
"8224","55.220001220703125","55.220001220703125","55.220001220703125","","","","","","","","","","","","","","","","","","","","",""
"8260","","","","","","","","","","","","","51.84000015258789","51.84000015258789","51.84000015258789","","","","","","","","",""
"8266","","","","","","","43.849998474121094","43.849998474121094","43.849998474121094","","","","","","","","","","","","","","",""
"8267","","","","","","","","","","","","","","","","60.16999816894531","60.16999816894531","60.16999816894531","59.65999984741211","59.65999984741211","59.65999984741211","57.2599983215332","57.2599983215332","57.2599983215332"
"8355","56.94999885559082","56.91999816894531","56.97999954223633","","","","","","","","","","","","","","","","","","","","",""
"8356","54.97999954223633","54.97999954223633","54.97999954223633","","","","","","","","","","","","","","","","","","","","",""
"8397","","","","","","","","","","","","","56.5099983215332","56.5099983215332","56.5099983215332","","","","","","","","",""
"8468","","","","","","","46.41999816894531","46.41999816894531","46.41999816894531","","","","","","","","","","","","","","",""
"8469","","","","","","","","","","","","","","","","55.79999923706055","55.79999923706055","55.79999923706055","56.79999923706055","56.79999923706055","56.79999923706055","54.41999816894531","54.41999816894531","54.41999816894531"
"8552","55.185001373291016","52.130001068115234","58.2400016784668","","","","","","","","","","","","","","","","","","","","",""
"8553","56.650001525878906","56.650001525878906","56.650001525878906","","","","","","","","","","","","","","","","","","","","",""
"8599","","","","","","","","","","","","","55.439998626708984","55.439998626708984","55.439998626708984","","","","","","","","",""
"8605","","","","","","","47.630001068115234","47.630001068115234","47.630001068115234","","","","","","","","","","","","","","",""
"8606","","","","","","","","","","","","","","","","57.36000061035156","57.36000061035156","57.36000061035156","60.5099983215332","60.5099983215332","60.5099983215332","54.65999984741211","54.65999984741211","54.65999984741211"
"8684","55.98500061035156","55.5","56.470001220703125","","","","","","","","","","","","","","","","","","","","",""
"8685","57.709999084472656","57.709999084472656","57.709999084472656","","","","","","","","","","","","","","","","","","","","",""
"8736","","","","","","","","","","","","","54.5099983215332","54.5099983215332","54.5099983215332","","","","","","","","",""
"8807","","","","","","","44.90999984741211","44.90999984741211","44.90999984741211","","","","","","","","","","","","","","",""
"8808","","","","","","","","","","","","","","","","57.41999816894531","57.41999816894531","57.41999816894531","58.970001220703125","58.970001220703125","58.970001220703125","56.189998626708984","56.189998626708984","56.189998626708984"
"8881","53.80499839782715","53.099998474121094","54.5099983215332","","","","","","","","","","","","","","","","","","","","",""
"8882","57.939998626708984","57.939998626708984","57.939998626708984","","","","","","","","","","","","","","","","","","","","",""
"8944","","","","","","","50.439998626708984","50.439998626708984","50.439998626708984","","","","","","","","","","","","","","",""
"8945","","","","","","","","","","","","","","","","57.13999938964844","57.13999938964844","57.13999938964844","56.290000915527344","56.290000915527344","56.290000915527344","55.47999954223633","55.47999954223633","55.47999954223633"
"9013","54.6200008392334","54.2400016784668","55","","","","","","","","","","","","","","","","","","","","",""
"9014","57.61000061035156","57.61000061035156","57.61000061035156","","","","","","","","","","","","","","","","","","","","",""
"9146","","","","","","","51.02000045776367","51.02000045776367","51.02000045776367","","","","","","","","","","","","","","",""
"9147","","","","","","","","","","","","","","","","55.79999923706055","55.79999923706055","55.79999923706055","56.119998931884766","56.119998931884766","56.119998931884766","57.52000045776367","57.52000045776367","57.52000045776367"
"9210","55.44499969482422","54.06999969482422","56.81999969482422","","","","","","","","","","","","","","","","","","","","",""
"9211","55.119998931884766","55.119998931884766","55.119998931884766","","","","","","","","","","","","","","","","","","","","",""
"9283","","","","","","","44.20000076293945","44.20000076293945","44.20000076293945","","","","","","","","","","","","","","",""
"9284","","","","","","","","","","","","","","","","56.95000076293945","56.95000076293945","56.95000076293945","59.380001068115234","59.380001068115234","59.380001068115234","58.209999084472656","58.209999084472656","58.209999084472656"
"9342","56.80000114440918","56.650001525878906","56.95000076293945","","","","","","","","","","","","","","","","","","","","",""
"9343","58.400001525878906","58.400001525878906","58.400001525878906","","","","","","","","","","","","","","","","","","","","",""
"9485","","","","","","","45.88999938964844","45.88999938964844","45.88999938964844","","","","","","","","","","","","","","",""
"9486","","","","","","","","","","","","","","","","57.7400016784668","57.7400016784668","57.7400016784668","60.689998626708984","60.689998626708984","60.689998626708984","57.77000045776367","57.77000045776367","57.77000045776367"
"9539","54.204999923706055","53.220001220703125","55.189998626708984","","","","","","","","","","","","","","","","","","","","",""
"9540","56.18000030517578","56.18000030517578","56.18000030517578","","","","","","","","","","","","","","","","","","","","",""
"9622","","","","","","","46.34000015258789","46.34000015258789","46.34000015258789","","","","","","","","","","","","","","",""
"9623","","","","","","","","","","","","","","","","55.060001373291016","55.060001373291016","55.060001373291016","59.220001220703125","59.220001220703125","59.220001220703125","56.349998474121094","56.349998474121094","56.349998474121094"
"9671","56.71000099182129","54.540000915527344","58.880001068115234","","","","","","","","","","","","","","","","","","","","",""
"9672","58.2599983215332","58.2599983215332","58.2599983215332","","","","","","","","","","","","","","","","","","","","",""
"9824","","","","","","","45.91999816894531","45.91999816894531","45.91999816894531","","","","","","","","","","","","","","",""
"9825","","","","","","","","","","","","","","","","57.7400016784668","57.7400016784668","57.7400016784668","56.38999938964844","56.38999938964844","56.38999938964844","51.779998779296875","51.779998779296875","51.779998779296875"
"9868","55.814998626708984","55.709999084472656","55.91999816894531","","","","","","","","","","","","","","","","","","","","",""
"9869","56.88999938964844","56.88999938964844","56.88999938964844","","","","","","","","","","","","","","","","","","","","",""
"9961","","","","","","","43.810001373291016","43.810001373291016","43.810001373291016","","","","","","","","","","","","","","",""
"9962","","","","","","","","","","","","","","","","55.36000061035156","55.36000061035156","55.36000061035156","58.34000015258789","58.34000015258789","58.34000015258789","52.540000915527344","52.540000915527344","52.540000915527344"
"10000","53.279998779296875","52.689998626708984","53.869998931884766","","","","","","","","","","","","","","","","","","","","",""
"10001","54.310001373291016","54.310001373291016","54.310001373291016","","","","","","","","","","","","","","","","","","","","",""
"10163","","","","","","","47.560001373291016","47.560001373291016","47.560001373291016","","","","","","","","","","","","","","",""
"10164","","","","","","","","","","","","","","","","59.599998474121094","59.599998474121094","59.599998474121094","59.22999954223633","59.22999954223633","59.22999954223633","56.29999923706055","56.29999923706055","56.29999923706055"
"10197","57","55.97999954223633","58.02000045776367","","","","","","","","","","","","","","","","","","","","",""
"10198","56.72999954223633","56.72999954223633","56.72999954223633","","","","","","","","","","","","","","","","","","","","",""
"10301","","","","","","","","","","","","","","","","61.77000045776367","61.77000045776367","61.77000045776367","56.83000183105469","56.83000183105469","56.83000183105469","55.88999938964844","55.88999938964844","55.88999938964844"
"10329","54.939998626708984","53.959999084472656","55.91999816894531","","","","","","","","","","","","","","","","","","","","",""
"10330","56.939998626708984","56.939998626708984","56.939998626708984","","","","","","","","","","","","","","","","","","","","",""
"10503","","","","","","","","","","","","","","","","56.790000915527344","56.790000915527344","56.790000915527344","","","","","",""
"10526","56.22500038146973","55.220001220703125","57.22999954223633","","","","","","","","","","","","","","","","","","","","",""
"10527","60.099998474121094","60.099998474121094","60.099998474121094","","","","","","","","","","","","","","","","","","","","",""
"10571","","","","","","","","","","","","","","","","","","","54.369998931884766","54.369998931884766","54.369998931884766","","",""
"10640","","","","","","","","","","","","","","","","56.529998779296875","56.529998779296875","56.529998779296875","","","","","",""
"10658","56.904998779296875","56.5099983215332","57.29999923706055","","","","","","","","","","","","","","","","","","","","",""
"10659","60.189998626708984","60.189998626708984","60.189998626708984","","","","","","","","","","","","","","","","","","","","",""
"10698","","","","","","","","","","","","","","","","","","","","","","57.29999923706055","57.29999923706055","57.29999923706055"
"10773","","","","","","","","","","","","","","","","","","","56.29999923706055","56.29999923706055","56.29999923706055","","",""
"10835","","","","","","","","","","","","","","","","","","","","","","56.33000183105469","56.33000183105469","56.33000183105469"
"10842","","","","","","","","","","","","","","","","56.790000915527344","56.790000915527344","56.790000915527344","","","","","",""
"10855","55.114999771118164","54.310001373291016","55.91999816894531","","","","","","","","","","","","","","","","","","","","",""
"10856","59.2599983215332","59.2599983215332","59.2599983215332","","","","","","","","","","","","","","","","","","","","",""
"10910","","","","","","","","","","","","","","","","","","","58.790000915527344","58.790000915527344","58.790000915527344","","",""
"10987","53.7400016784668","53.4900016784668","53.9900016784668","","","","","","","","","","","","","","","","","","","","",""
"10988","57.08000183105469","57.08000183105469","57.08000183105469","","","","","","","","","","","","","","","","","","","","",""
"11037","","","","","","","","","","","","","","","","","","","","","","54.91999816894531","54.91999816894531","54.91999816894531"
"11045","","","","","","","","","","","","","","","","54.36000061035156","54.36000061035156","54.36000061035156","","","","","",""
"11112","","","","","","","","","","","","","","","","","","","56.97999954223633","56.97999954223633","56.97999954223633","","",""
"11174","","","","","","","","","","","","","","","","","","","","","","59.58000183105469","59.58000183105469","59.58000183105469"
"11182","","","","","","","","","","","","","","","","58.290000915527344","58.290000915527344","58.290000915527344","","","","","",""
"11184","55.60500144958496","55.150001525878906","56.060001373291016","","","","","","","","","","","","","","","","","","","","",""
"11185","61.220001220703125","61.220001220703125","61.220001220703125","","","","","","","","","","","","","","","","","","","","",""
"11249","","","","","","","","","","","","","","","","","","","55.720001220703125","55.720001220703125","55.720001220703125","","",""
"11316","56.97999954223633","56.290000915527344","57.66999816894531","","","","","","","","","","","","","","","","","","","","",""
"11317","58.75","58.75","58.75","","","","","","","","","","","","","","","","","","","","",""
"11376","","","","","","","","","","","","","","","","","","","","","","57.2400016784668","57.2400016784668","57.2400016784668"
"11384","","","","","","","","","","","","","","","","58.869998931884766","58.869998931884766","58.869998931884766","","","","","",""
"11451","","","","","","","","","","","","","","","","","","","56.68000030517578","56.68000030517578","56.68000030517578","","",""
"11513","55.21000099182129","53.86000061035156","56.560001373291016","","","","","","","","","","","","","","","","","","","56.68000030517578","56.68000030517578","56.68000030517578"
"11514","58.439998626708984","58.439998626708984","58.439998626708984","","","","","","","","","","","","","","","","","","","","",""
"11521","","","","","","","","","","","","","","","","57.290000915527344","57.290000915527344","57.290000915527344","","","","","",""
"11588","","","","","","","","","","","","","","","","","","","58.4900016784668","58.4900016784668","58.4900016784668","","",""
"11645","54.39500045776367","53.75","55.040000915527344","","","","","","","","","","","","","","","","","","","","",""
"11646","60.11000061035156","60.11000061035156","60.11000061035156","","","","","","","","","","","","","","","","","","","","",""
"11715","","","","","","","","","","","","","","","","","","","","","","56.119998931884766","56.119998931884766","56.119998931884766"
"11723","","","","","","","","","","","","","","","","61.45000076293945","61.45000076293945","61.45000076293945","","","","","",""
"11725","","","","","","","","","","","","","","","","","","","57.58000183105469","57.58000183105469","57.58000183105469","","",""
"11732","","","","","","","","","","","","","","","","","","","57.58000183105469","57.58000183105469","57.58000183105469","","",""
"11842","56.0049991607666","54.59000015258789","57.41999816894531","","","","","","","","","","","","","","","","","","","","",""
"11843","59.790000915527344","59.790000915527344","59.790000915527344","","","","","","","","","","","","","","","","","","","","",""
"11852","","","","","","","","","","","","","","","","","","","","","","54.41999816894531","54.41999816894531","54.41999816894531"
"11863","","","","","","","","","","","","","","","","","","","57.880001068115234","57.880001068115234","57.880001068115234","","",""
"11870","","","","","","","","","","","","","","","","","","","57.880001068115234","57.880001068115234","57.880001068115234","","",""
"11926","","","","","","","","","","","","","","","","56.650001525878906","56.650001525878906","56.650001525878906","","","","","",""
"11974","56.14999961853027","54.79999923706055","57.5","","","","","","","","","","","","","","","","","","","","",""
"11975","56.68000030517578","56.68000030517578","56.68000030517578","","","","","","","","","","","","","","","","","","","","",""
"12054","","","","","","","","","","","","","","","","","","","","","","53.36000061035156","53.36000061035156","53.36000061035156"
"12066","","","","","","","","","","","","","","","","","","","56.59000015258789","56.59000015258789","56.59000015258789","","",""
"12129","","","","","","","","","","","","","","","","57.31999969482422","57.31999969482422","57.31999969482422","","","","","",""
"12171","55.14999961853027","54.77000045776367","55.529998779296875","","","","","","","","","","","","","","","","","","","","",""
"12172","59.22999954223633","59.22999954223633","59.22999954223633","","","","","","","","","","","","","","","","","","","","",""
"12191","","","","","","","","","","","","","","","","","","","","","","56.939998626708984","56.939998626708984","56.939998626708984"
"12198","","","","","","","","","","","","","","","","","","","","","","56.099998474121094","56.099998474121094","56.099998474121094"
"12203","","","","","","","","","","","","","","","","","","","57.29999923706055","57.29999923706055","57.29999923706055","","",""
"12205","","","","","","","","","","","","","","","","","","","","","","56.099998474121094","56.099998474121094","56.099998474121094"
"12267","","","","","","","","","","","","","","","","54.150001525878906","54.150001525878906","54.150001525878906","","","","","",""
"12271","","","","","","","","","","","","","","","","","","","","","","54.709999084472656","54.709999084472656","54.709999084472656"
"12303","55.19999885559082","55.099998474121094","55.29999923706055","","","","","","","","","","","","","","","","","","","","",""
"12304","59.90999984741211","59.90999984741211","59.90999984741211","","","","","","","","","","","","","","","","","","","","",""
"12405","","","","","","","","","","","","","","","","","","","59.72999954223633","59.72999954223633","59.72999954223633","","",""
"12469","","","","","","","","","","","","","","","","58.279998779296875","58.279998779296875","58.279998779296875","","","","","",""
"12473","","","","","","","","","","","","","","","","","","","","","","52.22999954223633","52.22999954223633","52.22999954223633"
"12500","53.989999771118164","52.81999969482422","55.15999984741211","","","","","","","","","","","","","","","","","","","","",""
"12501","61.86000061035156","61.86000061035156","61.86000061035156","","","","","","","","","","","","","","","","","","","","",""
"12542","","","","","","","","","","","","","","","","","","","59.08000183105469","59.08000183105469","59.08000183105469","","",""
"12606","","","","","","","","","","","","","","","","60.31999969482422","60.31999969482422","60.31999969482422","","","","","",""
"12610","","","","","","","","","","","","","","","","","","","","","","55.689998626708984","55.689998626708984","55.689998626708984"
"12632","56.92499923706055","56.5","57.349998474121094","","","","","","","","","","","","","","","","","","","","",""
"12633","61.41999816894531","61.41999816894531","61.41999816894531","","","","","","","","","","","","","","","","","","","","",""
"12744","","","","","","","","","","","","","","","","","","","60.630001068115234","60.630001068115234","60.630001068115234","","",""
"12808","","","","","","","","","","","","","","","","60.5099983215332","60.5099983215332","60.5099983215332","","","","","",""
"12812","","","","","","","","","","","","","","","","","","","","","","57.13999938964844","57.13999938964844","57.13999938964844"
"12829","55.44499969482422","54.15999984741211","56.72999954223633","","","","","","","","","","","","","","","","","","","","",""
"12830","63.15999984741211","63.15999984741211","63.15999984741211","","","","","","","","","","","","","","","","","","","","",""
"12881","","","","","","","","","","","","","","","","","","","59.349998474121094","59.349998474121094","59.349998474121094","","",""
"12945","","","","","","","","","","","","","","","","58.63999938964844","58.63999938964844","58.63999938964844","","","","","",""
"12949","","","","","","","","","","","","","","","","","","","","","","56.529998779296875","56.529998779296875","56.529998779296875"
"12961","54.96500015258789","54.77000045776367","55.15999984741211","","","","","","","","","","","","","","","","","","","","",""
"12962","59.310001373291016","59.310001373291016","59.310001373291016","","","","","","","","","","","","","","","","","","","","",""
"13083","","","","","","","","","","","","","","","","","","","57.11000061035156","57.11000061035156","57.11000061035156","","",""
"13147","","","","","","","","","","","","","","","","55.77000045776367","55.77000045776367","55.77000045776367","","","","","",""
"13151","","","","","","","","","","","","","","","","","","","","","","55.59000015258789","55.59000015258789","55.59000015258789"
"13158","55.02000045776367","54.560001373291016","55.47999954223633","","","","","","","","","","","","","","","","","","","","",""
"13159","61.84000015258789","61.84000015258789","61.84000015258789","","","","","","","","","","","","","","","","","","","","",""
"13220","","","","","","","","","","","","","","","","","","","61.599998474121094","61.599998474121094","61.599998474121094","","",""
"13284","","","","","","","","","","","","","","","","55.630001068115234","55.630001068115234","55.630001068115234","","","","","",""
"13288","","","","","","","","","","","","","","","","","","","","","","57.0099983215332","57.0099983215332","57.0099983215332"
"13290","55.8799991607666","55.40999984741211","56.349998474121094","","","","","","","","","","","","","","","","","","","","",""
"13291","60.02000045776367","60.02000045776367","60.02000045776367","","","","","","","","","","","","","","","","","","","","",""
"13422","","","","","","","","","","","","","","","","","","","61.47999954223633","61.47999954223633","61.47999954223633","","",""
"13486","","","","","","","","","","","","","","","","53.63999938964844","53.63999938964844","53.63999938964844","","","","","",""
"13487","57.625","56.439998626708984","58.810001373291016","","","","","","","","","","","","","","","","","","","","",""
"13488","59.65999984741211","59.65999984741211","59.65999984741211","","","","","","","","","","","","","","","","","","","","",""
"13490","","","","","","","","","","","","","","","","","","","","","","60.290000915527344","60.290000915527344","60.290000915527344"
"13559","","","","","","","","","","","","","","","","","","","59.93000030517578","59.93000030517578","59.93000030517578","","",""
"13619","57.40500068664551","57.290000915527344","57.52000045776367","","","","","","","","","","","","","","","","","","","","",""
"13620","65.62000274658203","65.62000274658203","65.62000274658203","","","","","","","","","","","","","","","","","","","","",""
"13623","","","","","","","","","","","","","","","","54.7400016784668","54.7400016784668","54.7400016784668","","","","","",""
"13627","","","","","","","","","","","","","","","","","","","","","","57.060001373291016","57.060001373291016","57.060001373291016"
"13761","","","","","","","","","","","","","","","","","","","60.0099983215332","60.0099983215332","60.0099983215332","","",""
"13816","57.41499900817871","57.40999984741211","57.41999816894531","","","","","","","","","","","","","","","","","","","","",""
"13817","59.40999984741211","59.40999984741211","59.40999984741211","","","","","","","","","","","","","","","","","","","","",""
"13825","","","","","","","","","","","","","","","","60.02000045776367","60.02000045776367","60.02000045776367","","","","","",""
"13829","","","","","","","","","","","","","","","","","","","","","","58.529998779296875","58.529998779296875","58.529998779296875"
"13898","","","","","","","","","","","","","","","","","","","59.779998779296875","59.779998779296875","59.779998779296875","","",""
"13948","54.18499946594238","54.0099983215332","54.36000061035156","","","","","","","","","","","","","","","","","","","","",""
"13949","60.11000061035156","60.11000061035156","60.11000061035156","","","","","","","","","","","","","","","","","","","","",""
"13962","","","","","","","","","","","","","","","","57.790000915527344","57.790000915527344","57.790000915527344","","","","","",""
"13966","","","","","","","","","","","","","","","","","","","","","","54.400001525878906","54.400001525878906","54.400001525878906"
"14100","","","","","","","","","","","","","","","","","","","60.20000076293945","60.20000076293945","60.20000076293945","","",""
"14145","53.40500068664551","53.11000061035156","53.70000076293945","","","","","","","","","","","","","","","","","","","","",""
"14146","60.61000061035156","60.61000061035156","60.61000061035156","","","","","","","","","","","","","","","","","","","","",""
"14164","","","","","","","","","","","","","","","","57.77000045776367","57.77000045776367","57.77000045776367","","","","","",""
"14168","","","","","","","","","","","","","","","","","","","","","","55.560001373291016","55.560001373291016","55.560001373291016"
"14237","","","","","","","","","","","","","","","","","","","59.599998474121094","59.599998474121094","59.599998474121094","","",""
"14277","55.77000045776367","55.560001373291016","55.97999954223633","","","","","","","","","","","","","","","","","","","","",""
"14278","58.7599983215332","58.7599983215332","58.7599983215332","","","","","","","","","","","","","","","","","","","","",""
"14301","","","","","","","","","","","","","","","","61.25","61.25","61.25","","","","","",""
"14305","","","","","","","","","","","","","","","","","","","","","","58.310001373291016","58.310001373291016","58.310001373291016"
"14439","","","","","","","","","","","","","","","","","","","64.70999908447266","64.70999908447266","64.70999908447266","","",""
"14474","58.670000076293945","57.04999923706055","60.290000915527344","","","","","","","","","","","","","","","","","","","","",""
"14475","58.900001525878906","58.900001525878906","58.900001525878906","","","","","","","","","","","","","","","","","","","","",""
"14503","","","","","","","","","","","","","","","","59.15999984741211","59.15999984741211","59.15999984741211","","","","","",""
"14507","","","","","","","","","","","","","","","","","","","","","","56.95000076293945","56.95000076293945","56.95000076293945"
"14576","","","","","","","","","","","","","","","","","","","63.290000915527344","63.290000915527344","63.290000915527344","","",""
"14606","54.76499938964844","52.63999938964844","56.88999938964844","","","","","","","","","","","","","","","","","","","","",""
"14607","59.849998474121094","59.849998474121094","59.849998474121094","","","","","","","","","","","","","","","","","","","","",""
"14640","","","","","","","","","","","","","","","","63.86000061035156","63.86000061035156","63.86000061035156","","","","","",""
"14644","","","","","","","","","","","","","","","","","","","","","","59.720001220703125","59.720001220703125","59.720001220703125"
"14778","","","","","","","","","","","","","","","","","","","60.290000915527344","60.290000915527344","60.290000915527344","","",""
"14803","56.52000045776367","55.83000183105469","57.209999084472656","","","","","","","","","","","","","","","","","","","","",""
"14804","60.9900016784668","60.9900016784668","60.9900016784668","","","","","","","","","","","","","","","","","","","","",""
"14842","","","","","","","","","","","","","","","","60.22999954223633","60.22999954223633","60.22999954223633","","","","","",""
"14846","","","","","","","","","","","","","","","","","","","","","","53.52000045776367","53.52000045776367","53.52000045776367"
"14915","","","","","","","","","","","","","","","","","","","62.56999969482422","62.56999969482422","62.56999969482422","","",""
"14935","54.760000228881836","54.56999969482422","54.95000076293945","","","","","","","","","","","","","","","","","","","","",""
"14936","60.72999954223633","60.72999954223633","60.72999954223633","","","","","","","","","","","","","","","","","","","","",""
"14979","","","","","","","","","","","","","","","","62.279998779296875","62.279998779296875","62.279998779296875","","","","","",""
"14983","","","","","","","","","","","","","","","","","","","","","","59.439998626708984","59.439998626708984","59.439998626708984"
"15117","","","","","","","","","","","","","","","","","","","58.22999954223633","58.22999954223633","58.22999954223633","","",""
"15132","56.420000076293945","55.599998474121094","57.2400016784668","","","","","","","","","","","","","","","","","","","","",""
"15133","61.75","61.75","61.75","","","","","","","","","","","","","","","","","","","","",""
"15181","","","","","","","","","","","","","","","","59.75","59.75","59.75","","","","","",""
"15185","","","","","","","","","","","","","","","","","","","","","","58.4900016784668","58.4900016784668","58.4900016784668"
"15192","","","","","","","","","","","","","","","","","","","","","","58.4900016784668","58.4900016784668","58.4900016784668"
"15254","","","","","","","","","","","","","","","","","","","60.130001068115234","60.130001068115234","60.130001068115234","","",""
"15264","55.65500068664551","55.15999984741211","56.150001525878906","","","","","","","","","","","","","","","","","","","","",""
"15265","60.290000915527344","60.290000915527344","60.290000915527344","","","","","","","","","","","","","","","","","","","","",""
"15318","","","","","","","","","","","","","","","","62.150001525878906","62.150001525878906","62.150001525878906","","","","","",""
"15388","","","","","","","","","","","","","","","","","","","","","","59","59","59"
"15456","","","","","","","","","","","","","","","","","","","59.65999984741211","59.65999984741211","59.65999984741211","","",""
"15461","55.72500038146973","54.59000015258789","56.86000061035156","","","","","","","","","","","","","","","","","","","","",""
"15462","62.15999984741211","62.15999984741211","62.15999984741211","","","","","","","","","","","","","","","","","","","","",""
"15463","","","","","","","","","","","","","","","","","","","59.65999984741211","59.65999984741211","59.65999984741211","","",""
"15520","","","","","","","","","","","","","","","","59.459999084472656","59.459999084472656","59.459999084472656","","","","","",""
"15525","","","","","","","","","","","","","","","","","","","","","","60.369998931884766","60.369998931884766","60.369998931884766"
"15529","","","","","","","","","","","","","","","","","","","55.279998779296875","55.279998779296875","55.279998779296875","","",""
"15593","57.084999084472656","56.529998779296875","57.63999938964844","","","","","","","","","","","","","","","","","","","","",""
"15594","65.8499984741211","65.8499984741211","65.8499984741211","","","","","","","","","","","","","","","","","","","","",""
"15657","","","","","","","","","","","","","","","","61.84000015258789","61.84000015258789","61.84000015258789","","","","","",""
"15666","","","","","","","","","","","","","","","","","","","60.540000915527344","60.540000915527344","60.540000915527344","","",""
"15727","","","","","","","","","","","","","","","","","","","","","","60.34000015258789","60.34000015258789","60.34000015258789"
"15790","55.89000129699707","55.630001068115234","56.150001525878906","","","","","","","","","","","","","","","","","","","","",""
"15791","61.220001220703125","61.220001220703125","61.220001220703125","","","","","","","","","","","","","","","","","","","","",""
"15859","","","","","","","","","","","","","","","","63.5099983215332","63.5099983215332","63.5099983215332","","","","","",""
"15864","","","","","","","","","","","","","","","","","","","","","","58.849998474121094","58.849998474121094","58.849998474121094"
"15868","","","","","","","","","","","","","","","","","","","57.7400016784668","57.7400016784668","57.7400016784668","","",""
"15922","56.71999931335449","55.56999969482422","57.869998931884766","","","","","","","","","","","","","","","","","","","","",""
"15923","60.689998626708984","60.689998626708984","60.689998626708984","","","","","","","","","","","","","","","","","","","","",""
"15925","60.689998626708984","60.689998626708984","60.689998626708984","","","","","","","","","","","","","","","","","","","","",""
"15996","","","","","","","","","","","","","","","","62.90999984741211","62.90999984741211","62.90999984741211","","","","","",""
"16005","","","","","","","","","","","","","","","","","","","58.959999084472656","58.959999084472656","58.959999084472656","","",""
"16066","","","","","","","","","","","","","","","","","","","","","","58.40999984741211","58.40999984741211","58.40999984741211"
"16119","57.849998474121094","55.91999816894531","59.779998779296875","","","","","","","","","","","","","","","","","","","","",""
"16121","55.91999816894531","55.91999816894531","55.91999816894531","","","","","","","","","","","","","","","","","","","","",""
"16198","","","","","","","","","","","","","","","","61.77000045776367","61.77000045776367","61.77000045776367","","","","","",""
"16203","","","","","","","","","","","","","","","","","","","","","","57.790000915527344","57.790000915527344","57.790000915527344"
"16207","","","","","","","","","","","","","","","","","","","61.459999084472656","61.459999084472656","61.459999084472656","","",""
"16251","55.41999816894531","55.41999816894531","55.41999816894531","","","","","","","","","","","","","","","","","","","","",""
"16335","","","","","","","","","","","","","","","","62.880001068115234","62.880001068115234","62.880001068115234","","","","","",""
"16344","","","","","","","","","","","","","","","","","","","59.63999938964844","59.63999938964844","59.63999938964844","","",""
"16405","","","","","","","","","","","","","","","","","","","","","","58.150001525878906","58.150001525878906","58.150001525878906"
"16448","57.880001068115234","57.880001068115234","57.880001068115234","","","","","","","","","","","","","","","","","","","","",""
"16537","","","","","","","","","","","","","","","","60.540000915527344","60.540000915527344","60.540000915527344","","","","","",""
"16542","","","","","","","","","","","","","","","","","","","","","","56.29999923706055","56.29999923706055","56.29999923706055"
"16546","","","","","","","","","","","","","","","","","","","59.400001525878906","59.400001525878906","59.400001525878906","","",""
"16580","52.91999816894531","52.91999816894531","52.91999816894531","","","","","","","","","","","","","","","","","","","","",""
"16674","","","","","","","","","","","","","","","","62.130001068115234","62.130001068115234","62.130001068115234","","","","","",""
"16683","","","","","","","","","","","","","","","","","","","59.95000076293945","59.95000076293945","59.95000076293945","","",""
"16744","","","","","","","","","","","","","","","","","","","","","","61.38999938964844","61.38999938964844","61.38999938964844"
"16777","57.77000045776367","57.77000045776367","57.77000045776367","","","","","","","","","","","","","","","","","","","","",""
"16876","","","","","","","","","","","","","","","","60.720001220703125","60.720001220703125","60.720001220703125","","","","","",""
"16881","","","","","","","","","","","","","","","","","","","","","","56.7599983215332","56.7599983215332","56.7599983215332"
"16885","","","","","","","","","","","","","","","","","","","58.529998779296875","58.529998779296875","58.529998779296875","","",""
"16888","","","","","","","","","","","","","","","","","","","","","","56.7599983215332","56.7599983215332","56.7599983215332"
"16892","","","","","","","","","","","","","","","","","","","58.529998779296875","58.529998779296875","58.529998779296875","","",""
"16909","60.099998474121094","60.099998474121094","60.099998474121094","","","","","","","","","","","","","","","","","","","","",""
"17013","","","","","","","","","","","","","","","","61.209999084472656","61.209999084472656","61.209999084472656","","","","","",""
"17106","54.369998931884766","54.369998931884766","54.369998931884766","","","","","","","","","","","","","","","","","","","","",""
"17215","","","","","","","","","","","","","","","","59.56999969482422","59.56999969482422","59.56999969482422","","","","","",""
"17238","55.86000061035156","55.86000061035156","55.86000061035156","","","","","","","","","","","","","","","","","","","","",""
"17352","","","","","","","","","","","","","","","","61.279998779296875","61.279998779296875","61.279998779296875","","","","","",""
"17435","58.279998779296875","58.279998779296875","58.279998779296875","","","","","","","","","","","","","","","","","","","","",""
"17554","","","","","","","","","","","","","","","","63.790000915527344","63.790000915527344","63.790000915527344","","","","","",""
"17567","57.52000045776367","57.52000045776367","57.52000045776367","","","","","","","","","","","","","","","","","","","","",""
"17691","","","","","","","","","","","","","","","","61.900001525878906","61.900001525878906","61.900001525878906","","","","","",""
"17764","58.310001373291016","58.310001373291016","58.310001373291016","","","","","","","","","","","","","","","","","","","","",""
"17893","","","","","","","","","","","","","","","","63.470001220703125","63.470001220703125","63.470001220703125","","","","","",""
"17896","60.11000061035156","60.11000061035156","60.11000061035156","","","","","","","","","","","","","","","","","","","","",""
"18030","","","","","","","","","","","","","","","","63.72999954223633","63.72999954223633","63.72999954223633","","","","","",""
"18093","60.75","60.75","60.75","","","","","","","","","","","","","","","","","","","","",""
"18225","60.900001525878906","60.900001525878906","60.900001525878906","","","","","","","","","","","","","","","","","","","","",""
"18422","59.880001068115234","59.880001068115234","59.880001068115234","","","","","","","","","","","","","","","","","","","","",""
"18554","61.43000030517578","61.43000030517578","61.43000030517578","","","","","","","","","","","","","","","","","","","","",""
"18751","61.279998779296875","61.279998779296875","61.279998779296875","","","","","","","","","","","","","","","","","","","","",""
"18883","61.599998474121094","61.599998474121094","61.599998474121094","","","","","","","","","","","","","","","","","","","","",""
"19080","59.380001068115234","59.380001068115234","59.380001068115234","","","","","","","","","","","","","","","","","","","","",""
"19212","61.47999954223633","61.47999954223633","61.47999954223633","","","","","","","","","","","","","","","","","","","","",""
"19409","59.779998779296875","59.779998779296875","59.779998779296875","","","","","","","","","","","","","","","","","","","","",""
"19541","58.7599983215332","58.7599983215332","58.7599983215332","","","","","","","","","","","","","","","","","","","","",""
"19738","58.369998931884766","58.369998931884766","58.369998931884766","","","","","","","","","","","","","","","","","","","","",""
"19870","58.08000183105469","58.08000183105469","58.08000183105469","","","","","","","","","","","","","","","","","","","","",""
"20067","59.34000015258789","59.34000015258789","59.34000015258789","","","","","","","","","","","","","","","","","","","","",""
"20199","60.689998626708984","60.689998626708984","60.689998626708984","","","","","","","","","","","","","","","","","","","","",""
"20396","61.630001068115234","61.630001068115234","61.630001068115234","","","","","","","","","","","","","","","","","","","","",""
"20528","59.08000183105469","59.08000183105469","59.08000183105469","","","","","","","","","","","","","","","","","","","","",""
"20725","60.279998779296875","60.279998779296875","60.279998779296875","","","","","","","","","","","","","","","","","","","","",""
"20857","62.619998931884766","62.619998931884766","62.619998931884766","","","","","","","","","","","","","","","","","","","","",""
"21054","58.43000030517578","58.43000030517578","58.43000030517578","","","","","","","","","","","","","","","","","","","","",""
"21186","59.93000030517578","59.93000030517578","59.93000030517578","","","","","","","","","","","","","","","","","","","","",""
"21383","61.08000183105469","61.08000183105469","61.08000183105469","","","","","","","","","","","","","","","","","","","","",""
"21515","61.02000045776367","61.02000045776367","61.02000045776367","","","","","","","","","","","","","","","","","","","","",""
"21712","59.540000915527344","59.540000915527344","59.540000915527344","","","","","","","","","","","","","","","","","","","","",""
"21844","59.279998779296875","59.279998779296875","59.279998779296875","","","","","","","","","","","","","","","","","","","","",""
"22041","58.4900016784668","58.4900016784668","58.4900016784668","","","","","","","","","","","","","","","","","","","","",""
"22173","59.81999969482422","59.81999969482422","59.81999969482422","","","","","","","","","","","","","","","","","","","","",""
"22370","58.66999816894531","58.66999816894531","58.66999816894531","","","","","","","","","","","","","","","","","","","","",""
"22502","55.59000015258789","55.59000015258789","55.59000015258789","","","","","","","","","","","","","","","","","","","","",""
"22699","58.2400016784668","58.2400016784668","58.2400016784668","","","","","","","","","","","","","","","","","","","","",""
"22831","59.20000076293945","59.20000076293945","59.20000076293945","","","","","","","","","","","","","","","","","","","","",""
"23028","58.59000015258789","58.59000015258789","58.59000015258789","","","","","","","","","","","","","","","","","","","","",""
"23160","59.9900016784668","59.9900016784668","59.9900016784668","","","","","","","","","","","","","","","","","","","","",""
"23357","60.130001068115234","60.130001068115234","60.130001068115234","","","","","","","","","","","","","","","","","","","","",""
"23489","61.310001373291016","61.310001373291016","61.310001373291016","","","","","","","","","","","","","","","","","","","","",""
"23686","59.790000915527344","59.790000915527344","59.790000915527344","","","","","","","","","","","","","","","","","","","","",""
"23818","62.75","62.75","62.75","","","","","","","","","","","","","","","","","","","","",""