"Step","Group: text10-vision0 - evaluation/blimp/subject_verb_agreement","Group: text10-vision0 - evaluation/blimp/subject_verb_agreement__MIN","Group: text10-vision0 - evaluation/blimp/subject_verb_agreement__MAX","Group: text1-vision0 - evaluation/blimp/subject_verb_agreement","Group: text1-vision0 - evaluation/blimp/subject_verb_agreement__MIN","Group: text1-vision0 - evaluation/blimp/subject_verb_agreement__MAX","Group: text1-vision100 - evaluation/blimp/subject_verb_agreement","Group: text1-vision100 - evaluation/blimp/subject_verb_agreement__MIN","Group: text1-vision100 - evaluation/blimp/subject_verb_agreement__MAX","Group: text1-vision10 - evaluation/blimp/subject_verb_agreement","Group: text1-vision10 - evaluation/blimp/subject_verb_agreement__MIN","Group: text1-vision10 - evaluation/blimp/subject_verb_agreement__MAX","Group: text1-vision1 - evaluation/blimp/subject_verb_agreement","Group: text1-vision1 - evaluation/blimp/subject_verb_agreement__MIN","Group: text1-vision1 - evaluation/blimp/subject_verb_agreement__MAX","Group: text10-vision1 - evaluation/blimp/subject_verb_agreement","Group: text10-vision1 - evaluation/blimp/subject_verb_agreement__MIN","Group: text10-vision1 - evaluation/blimp/subject_verb_agreement__MAX","Group: text10-vision10 - evaluation/blimp/subject_verb_agreement","Group: text10-vision10 - evaluation/blimp/subject_verb_agreement__MIN","Group: text10-vision10 - evaluation/blimp/subject_verb_agreement__MAX","Group: text10-vision100 - evaluation/blimp/subject_verb_agreement","Group: text10-vision100 - evaluation/blimp/subject_verb_agreement__MIN","Group: text10-vision100 - evaluation/blimp/subject_verb_agreement__MAX"
"130","49.25","49.11000061035156","49.38999938964844","49.25","49.04999923706055","49.45000076293945","46.900001525878906","46.900001525878906","46.900001525878906","52.290000915527344","52.290000915527344","52.290000915527344","50.59000015258789","50.59000015258789","50.59000015258789","48.060001373291016","48.060001373291016","48.060001373291016","","","","","",""
"131","49.630001068115234","49.630001068115234","49.630001068115234","","","","","","","","","","","","","","","","49.45000076293945","49.45000076293945","49.45000076293945","49.470001220703125","49.470001220703125","49.470001220703125"
"327","48.90999984741211","48.79999923706055","49.02000045776367","49.44999885559082","48.869998931884766","50.029998779296875","","","","","","","","","","","","","","","","","",""
"328","50.16999816894531","50.16999816894531","50.16999816894531","","","","","","","","","","","","","","","","","","","","",""
"332","","","","","","","50.709999084472656","50.709999084472656","50.709999084472656","51.58000183105469","51.58000183105469","51.58000183105469","49.7599983215332","49.7599983215332","49.7599983215332","50.81999969482422","50.81999969482422","50.81999969482422","","","","","",""
"333","","","","","","","","","","","","","","","","","","","50.349998474121094","50.349998474121094","50.349998474121094","50.529998779296875","50.529998779296875","50.529998779296875"
"459","49.6200008392334","49.540000915527344","49.70000076293945","49.88999938964844","49.52000045776367","50.2599983215332","","","","","","","","","","","","","","","","","",""
"460","49.790000915527344","49.790000915527344","49.790000915527344","","","","","","","","","","","","","","","","","","","","",""
"469","","","","","","","50.619998931884766","50.619998931884766","50.619998931884766","49.83000183105469","49.83000183105469","49.83000183105469","48.58000183105469","48.58000183105469","48.58000183105469","50.529998779296875","50.529998779296875","50.529998779296875","","","","","",""
"470","","","","","","","","","","","","","","","","","","","50.08000183105469","50.08000183105469","50.08000183105469","50.54999923706055","50.54999923706055","50.54999923706055"
"656","48.904998779296875","48.41999816894531","49.38999938964844","50.09000015258789","49.970001220703125","50.209999084472656","","","","","","","","","","","","","","","","","",""
"657","49.630001068115234","49.630001068115234","49.630001068115234","","","","","","","","","","","","","","","","","","","","",""
"671","","","","","","","50.54999923706055","50.54999923706055","50.54999923706055","49.290000915527344","49.290000915527344","49.290000915527344","49.45000076293945","49.45000076293945","49.45000076293945","50.189998626708984","50.189998626708984","50.189998626708984","","","","","",""
"672","","","","","","","","","","","","","","","","","","","49.9900016784668","49.9900016784668","49.9900016784668","50.150001525878906","50.150001525878906","50.150001525878906"
"788","49.55000114440918","49.540000915527344","49.560001373291016","50.170000076293945","49.86000061035156","50.47999954223633","","","","","","","","","","","","","","","","","",""
"789","49.119998931884766","49.119998931884766","49.119998931884766","","","","","","","","","","","","","","","","","","","","",""
"808","","","","","","","50.22999954223633","50.22999954223633","50.22999954223633","49.380001068115234","49.380001068115234","49.380001068115234","49.939998626708984","49.939998626708984","49.939998626708984","50.209999084472656","50.209999084472656","50.209999084472656","","","","","",""
"809","","","","","","","","","","","","","","","","","","","49.20000076293945","49.20000076293945","49.20000076293945","49.22999954223633","49.22999954223633","49.22999954223633"
"985","49.619998931884766","49.29999923706055","49.939998626708984","50.97500038146973","49.95000076293945","52","","","","","","","","","","","","","","","","","",""
"986","49.290000915527344","49.290000915527344","49.290000915527344","","","","","","","","","","","","","","","","","","","","",""
"1010","","","","","","","51.150001525878906","51.150001525878906","51.150001525878906","49.810001373291016","49.810001373291016","49.810001373291016","49.540000915527344","49.540000915527344","49.540000915527344","49.43000030517578","49.43000030517578","49.43000030517578","","","","","",""
"1011","","","","","","","","","","","","","","","","","","","49.650001525878906","49.650001525878906","49.650001525878906","50.209999084472656","50.209999084472656","50.209999084472656"
"1117","49.90500068664551","49.86000061035156","49.95000076293945","50.80999946594238","49.86000061035156","51.7599983215332","","","","","","","","","","","","","","","","","",""
"1118","49.880001068115234","49.880001068115234","49.880001068115234","","","","","","","","","","","","","","","","","","","","",""
"1147","","","","","","","50.150001525878906","50.150001525878906","50.150001525878906","49.790000915527344","49.790000915527344","49.790000915527344","50.369998931884766","50.369998931884766","50.369998931884766","50.119998931884766","50.119998931884766","50.119998931884766","","","","","",""
"1148","","","","","","","","","","","","","","","","","","","49.849998474121094","49.849998474121094","49.849998474121094","50.5","50.5","50.5"
"1314","49.93000030517578","49.630001068115234","50.22999954223633","50.875","50.41999816894531","51.33000183105469","","","","","","","","","","","","","","","","","",""
"1315","49.18000030517578","49.18000030517578","49.18000030517578","","","","","","","","","","","","","","","","","","","","",""
"1349","","","","","","","50.08000183105469","50.08000183105469","50.08000183105469","49.22999954223633","49.22999954223633","49.22999954223633","50.369998931884766","50.369998931884766","50.369998931884766","50.970001220703125","50.970001220703125","50.970001220703125","","","","","",""
"1350","","","","","","","","","","","","","","","","","","","49.939998626708984","49.939998626708984","49.939998626708984","50.209999084472656","50.209999084472656","50.209999084472656"
"1446","50.42500114440918","49.650001525878906","51.20000076293945","50.71500015258789","50.029998779296875","51.400001525878906","","","","","","","","","","","","","","","","","",""
"1447","49.27000045776367","49.27000045776367","49.27000045776367","","","","","","","","","","","","","","","","","","","","",""
"1486","","","","","","","49.790000915527344","49.790000915527344","49.790000915527344","50.189998626708984","50.189998626708984","50.189998626708984","50.72999954223633","50.72999954223633","50.72999954223633","50.22999954223633","50.22999954223633","50.22999954223633","","","","","",""
"1487","","","","","","","","","","","","","","","","","","","49.22999954223633","49.22999954223633","49.22999954223633","49.650001525878906","49.650001525878906","49.650001525878906"
"1643","49.83500099182129","49.77000045776367","49.900001525878906","50.540000915527344","50.150001525878906","50.93000030517578","","","","","","","","","","","","","","","","","",""
"1644","49.68000030517578","49.68000030517578","49.68000030517578","","","","","","","","","","","","","","","","","","","","",""
"1688","","","","","","","51.060001373291016","51.060001373291016","51.060001373291016","49.9900016784668","49.9900016784668","49.9900016784668","52.7599983215332","52.7599983215332","52.7599983215332","52.56999969482422","52.56999969482422","52.56999969482422","","","","","",""
"1689","","","","","","","","","","","","","","","","","","","50.2599983215332","50.2599983215332","50.2599983215332","50.86000061035156","50.86000061035156","50.86000061035156"
"1775","51.05000114440918","50.95000076293945","51.150001525878906","51.30999946594238","51.09000015258789","51.529998779296875","","","","","","","","","","","","","","","","","",""
"1776","50.5099983215332","50.5099983215332","50.5099983215332","","","","","","","","","","","","","","","","","","","","",""
"1825","","","","","","","52.0099983215332","52.0099983215332","52.0099983215332","50.619998931884766","50.619998931884766","50.619998931884766","53.349998474121094","53.349998474121094","53.349998474121094","53.099998474121094","53.099998474121094","53.099998474121094","","","","","",""
"1826","","","","","","","","","","","","","","","","","","","50.68000030517578","50.68000030517578","50.68000030517578","51.130001068115234","51.130001068115234","51.130001068115234"
"1972","52.03499984741211","51.90999984741211","52.15999984741211","51.97999954223633","51.63999938964844","52.31999969482422","","","","","","","","","","","","","","","","","",""
"1973","51.90999984741211","51.90999984741211","51.90999984741211","","","","","","","","","","","","","","","","","","","","",""
"2027","","","","","","","54.060001373291016","54.060001373291016","54.060001373291016","51.90999984741211","51.90999984741211","51.90999984741211","54","54","54","55.22999954223633","55.22999954223633","55.22999954223633","","","","","",""
"2028","","","","","","","","","","","","","","","","","","","51.58000183105469","51.58000183105469","51.58000183105469","51.58000183105469","51.58000183105469","51.58000183105469"
"2104","52.209999084472656","52.209999084472656","52.209999084472656","52.81999969482422","52.25","53.38999938964844","","","","","","","","","","","","","","","","","",""
"2105","52.31999969482422","52.31999969482422","52.31999969482422","","","","","","","","","","","","","","","","","","","","",""
"2164","","","","","","","54.66999816894531","54.66999816894531","54.66999816894531","52.65999984741211","52.65999984741211","52.65999984741211","55.630001068115234","55.630001068115234","55.630001068115234","56.95000076293945","56.95000076293945","56.95000076293945","","","","","",""
"2165","","","","","","","","","","","","","","","","","","","52.0099983215332","52.0099983215332","52.0099983215332","52.38999938964844","52.38999938964844","52.38999938964844"
"2301","53.8700008392334","52.7400016784668","55","54.02000045776367","53.040000915527344","55","","","","","","","","","","","","","","","","","",""
"2302","53.54999923706055","53.54999923706055","53.54999923706055","","","","","","","","","","","","","","","","","","","","",""
"2366","","","","","","","55.369998931884766","55.369998931884766","55.369998931884766","54.18000030517578","54.18000030517578","54.18000030517578","55.56999969482422","55.56999969482422","55.56999969482422","57.41999816894531","57.41999816894531","57.41999816894531","","","","","",""
"2367","","","","","","","","","","","","","","","","","","","53.349998474121094","53.349998474121094","53.349998474121094","53.88999938964844","53.88999938964844","53.88999938964844"
"2433","54.22999954223633","52.7599983215332","55.70000076293945","55.47500038146973","55.15999984741211","55.790000915527344","","","","","","","","","","","","","","","","","",""
"2434","55.65999984741211","55.65999984741211","55.65999984741211","","","","","","","","","","","","","","","","","","","","",""
"2503","","","","","","","55.9900016784668","55.9900016784668","55.9900016784668","54.560001373291016","54.560001373291016","54.560001373291016","56.38999938964844","56.38999938964844","56.38999938964844","58.45000076293945","58.45000076293945","58.45000076293945","","","","","",""
"2504","","","","","","","","","","","","","","","","","","","54.869998931884766","54.869998931884766","54.869998931884766","54.20000076293945","54.20000076293945","54.20000076293945"
"2630","55.25","54.310001373291016","56.189998626708984","56.079999923706055","55.59000015258789","56.56999969482422","","","","","","","","","","","","","","","","","",""
"2631","57.79999923706055","57.79999923706055","57.79999923706055","","","","","","","","","","","","","","","","","","","","",""
"2705","","","","","","","56.130001068115234","56.130001068115234","56.130001068115234","56.08000183105469","56.08000183105469","56.08000183105469","56.369998931884766","56.369998931884766","56.369998931884766","58.29999923706055","58.29999923706055","58.29999923706055","","","","","",""
"2706","","","","","","","","","","","","","","","","","","","55.560001373291016","55.560001373291016","55.560001373291016","55.83000183105469","55.83000183105469","55.83000183105469"
"2762","55.81999969482422","54.529998779296875","57.11000061035156","56.48500061035156","55.900001525878906","57.06999969482422","","","","","","","","","","","","","","","","","",""
"2763","57.939998626708984","57.939998626708984","57.939998626708984","","","","","","","","","","","","","","","","","","","","",""
"2842","","","","","","","56.97999954223633","56.97999954223633","56.97999954223633","56.81999969482422","56.81999969482422","56.81999969482422","57.18000030517578","57.18000030517578","57.18000030517578","58.31999969482422","58.31999969482422","58.31999969482422","","","","","",""
"2843","","","","","","","","","","","","","","","","","","","56.38999938964844","56.38999938964844","56.38999938964844","56.79999923706055","56.79999923706055","56.79999923706055"
"2959","57.02499961853027","55.279998779296875","58.77000045776367","57.44500160217285","57.2400016784668","57.650001525878906","","","","","","","","","","","","","","","","","",""
"2960","58.279998779296875","58.279998779296875","58.279998779296875","","","","","","","","","","","","","","","","","","","","",""
"3044","","","","","","","57.849998474121094","57.849998474121094","57.849998474121094","56.97999954223633","56.97999954223633","56.97999954223633","58.08000183105469","58.08000183105469","58.08000183105469","59.41999816894531","59.41999816894531","59.41999816894531","","","","","",""
"3045","","","","","","","","","","","","","","","","","","","57.810001373291016","57.810001373291016","57.810001373291016","56.599998474121094","56.599998474121094","56.599998474121094"
"3091","56.834999084472656","55.29999923706055","58.369998931884766","57.38999938964844","57.18000030517578","57.599998474121094","","","","","","","","","","","","","","","","","",""
"3092","58.9900016784668","58.9900016784668","58.9900016784668","","","","","","","","","","","","","","","","","","","","",""
"3181","","","","","","","58.70000076293945","58.70000076293945","58.70000076293945","56.119998931884766","56.119998931884766","56.119998931884766","58.08000183105469","58.08000183105469","58.08000183105469","59.86000061035156","59.86000061035156","59.86000061035156","","","","","",""
"3182","","","","","","","","","","","","","","","","","","","57.5099983215332","57.5099983215332","57.5099983215332","57.939998626708984","57.939998626708984","57.939998626708984"
"3288","57.85000038146973","56.75","58.95000076293945","57.56999969482422","57.06999969482422","58.06999969482422","","","","","","","","","","","","","","","","","",""
"3289","61.08000183105469","61.08000183105469","61.08000183105469","","","","","","","","","","","","","","","","","","","","",""
"3383","","","","","","","57.83000183105469","57.83000183105469","57.83000183105469","58.47999954223633","58.47999954223633","58.47999954223633","58.83000183105469","58.83000183105469","58.83000183105469","59.56999969482422","59.56999969482422","59.56999969482422","","","","","",""
"3384","","","","","","","","","","","","","","","","","","","57.52000045776367","57.52000045776367","57.52000045776367","58.279998779296875","58.279998779296875","58.279998779296875"
"3420","58.3700008392334","57.52000045776367","59.220001220703125","58.19499969482422","57.869998931884766","58.52000045776367","","","","","","","","","","","","","","","","","",""
"3421","61.40999984741211","61.40999984741211","61.40999984741211","","","","","","","","","","","","","","","","","","","","",""
"3520","","","","","","","58.84000015258789","58.84000015258789","58.84000015258789","58.31999969482422","58.31999969482422","58.31999969482422","59.369998931884766","59.369998931884766","59.369998931884766","60.040000915527344","60.040000915527344","60.040000915527344","","","","","",""
"3521","","","","","","","","","","","","","","","","","","","59.099998474121094","59.099998474121094","59.099998474121094","58.189998626708984","58.189998626708984","58.189998626708984"
"3617","58.54499816894531","57.41999816894531","59.66999816894531","58.47999954223633","58.209999084472656","58.75","","","","","","","","","","","","","","","","","",""
"3618","61.08000183105469","61.08000183105469","61.08000183105469","","","","","","","","","","","","","","","","","","","","",""
"3722","","","","","","","59.439998626708984","59.439998626708984","59.439998626708984","57.619998931884766","57.619998931884766","57.619998931884766","59.209999084472656","59.209999084472656","59.209999084472656","60.220001220703125","60.220001220703125","60.220001220703125","","","","","",""
"3723","","","","","","","","","","","","","","","","","","","58.43000030517578","58.43000030517578","58.43000030517578","59.130001068115234","59.130001068115234","59.130001068115234"
"3749","58.489999771118164","57.18000030517578","59.79999923706055","59.44000053405762","58.810001373291016","60.06999969482422","","","","","","","","","","","","","","","","","",""
"3750","62.4900016784668","62.4900016784668","62.4900016784668","","","","","","","","","","","","","","","","","","","","",""
"3859","","","","","","","59.779998779296875","59.779998779296875","59.779998779296875","58.5","58.5","58.5","59.29999923706055","59.29999923706055","59.29999923706055","60.939998626708984","60.939998626708984","60.939998626708984","","","","","",""
"3860","","","","","","","","","","","","","","","","","","","60.15999984741211","60.15999984741211","60.15999984741211","58.08000183105469","58.08000183105469","58.08000183105469"
"3946","59.404998779296875","58.38999938964844","60.41999816894531","59.45000076293945","58.83000183105469","60.06999969482422","","","","","","","","","","","","","","","","","",""
"3947","63.58000183105469","63.58000183105469","63.58000183105469","","","","","","","","","","","","","","","","","","","","",""
"4061","","","","","","","60.04999923706055","60.04999923706055","60.04999923706055","58.36000061035156","58.36000061035156","58.36000061035156","59.369998931884766","59.369998931884766","59.369998931884766","62.099998474121094","62.099998474121094","62.099998474121094","","","","","",""
"4062","","","","","","","","","","","","","","","","","","","60.11000061035156","60.11000061035156","60.11000061035156","59.2400016784668","59.2400016784668","59.2400016784668"
"4078","60.704999923706055","59.38999938964844","62.02000045776367","59.920000076293945","58.59000015258789","61.25","","","","","","","","","","","","","","","","","",""
"4079","63.720001220703125","63.720001220703125","63.720001220703125","","","","","","","","","","","","","","","","","","","","",""
"4198","","","","","","","60.45000076293945","60.45000076293945","60.45000076293945","58.15999984741211","58.15999984741211","58.15999984741211","59.310001373291016","59.310001373291016","59.310001373291016","60.88999938964844","60.88999938964844","60.88999938964844","","","","","",""
"4199","","","","","","","","","","","","","","","","","","","59.279998779296875","59.279998779296875","59.279998779296875","59.619998931884766","59.619998931884766","59.619998931884766"
"4275","61.0049991607666","59.279998779296875","62.72999954223633","59.76500129699707","59.08000183105469","60.45000076293945","","","","","","","","","","","","","","","","","",""
"4276","63.869998931884766","63.869998931884766","63.869998931884766","","","","","","","","","","","","","","","","","","","","",""
"4400","","","","","","","60.61000061035156","60.61000061035156","60.61000061035156","59.5099983215332","59.5099983215332","59.5099983215332","59.2599983215332","59.2599983215332","59.2599983215332","61.81999969482422","61.81999969482422","61.81999969482422","","","","","",""
"4401","","","","","","","","","","","","","","","","","","","61.099998474121094","61.099998474121094","61.099998474121094","61.36000061035156","61.36000061035156","61.36000061035156"
"4407","61.045000076293945","59.310001373291016","62.779998779296875","59.18000030517578","58.70000076293945","59.65999984741211","","","","","","","","","","","","","","","","","",""
"4408","63.959999084472656","63.959999084472656","63.959999084472656","","","","","","","","","","","","","","","","","","","","",""
"4537","","","","","","","60.290000915527344","60.290000915527344","60.290000915527344","59.619998931884766","59.619998931884766","59.619998931884766","","","","61.70000076293945","61.70000076293945","61.70000076293945","","","","","",""
"4538","","","","","","","","","","","","","","","","","","","60.540000915527344","60.540000915527344","60.540000915527344","60.13999938964844","60.13999938964844","60.13999938964844"
"4604","61.11000061035156","59.97999954223633","62.2400016784668","59.92500114440918","59.4900016784668","60.36000061035156","","","","","","","","","","","","","","","","","",""
"4605","64.01000213623047","64.01000213623047","64.01000213623047","","","","","","","","","","","","","","","","","","","","",""
"4668","","","","","","","","","","","","","59.5099983215332","59.5099983215332","59.5099983215332","","","","","","","","",""
"4736","61.44499969482422","61.0099983215332","61.880001068115234","60.39999961853027","59.81999969482422","60.97999954223633","","","","","","","","","","","","","","","","","",""
"4737","64.27999877929688","64.27999877929688","64.27999877929688","","","","","","","","","","","","","","","","","","","","",""
"4739","","","","","","","61.099998474121094","61.099998474121094","61.099998474121094","58.5","58.5","58.5","","","","61.34000015258789","61.34000015258789","61.34000015258789","","","","","",""
"4740","","","","","","","","","","","","","","","","","","","60.959999084472656","60.959999084472656","60.959999084472656","60.540000915527344","60.540000915527344","60.540000915527344"
"4870","","","","","","","","","","","","","60.09000015258789","60.09000015258789","60.09000015258789","","","","","","","","",""
"4876","","","","","","","61.25","61.25","61.25","59.279998779296875","59.279998779296875","59.279998779296875","","","","63.7400016784668","63.7400016784668","63.7400016784668","","","","","",""
"4877","","","","","","","","","","","","","","","","","","","61.25","61.25","61.25","60.97999954223633","60.97999954223633","60.97999954223633"
"4933","62.35000038146973","61.119998931884766","63.58000183105469","60.55000114440918","60.11000061035156","60.9900016784668","","","","","","","","","","","","","","","","","",""
"4934","67.13999938964844","67.13999938964844","67.13999938964844","","","","","","","","","","","","","","","","","","","","",""
"5007","","","","","","","","","","","","","60.06999969482422","60.06999969482422","60.06999969482422","","","","","","","","",""
"5065","63.295000076293945","61.369998931884766","65.22000122070312","59.540000915527344","58.83000183105469","60.25","","","","","","","","","","","","","","","","","",""
"5066","65.41999816894531","65.41999816894531","65.41999816894531","","","","","","","","","","","","","","","","","","","","",""
"5078","","","","","","","60.43000030517578","60.43000030517578","60.43000030517578","60.650001525878906","60.650001525878906","60.650001525878906","","","","63.43000030517578","63.43000030517578","63.43000030517578","","","","","",""
"5079","","","","","","","","","","","","","","","","","","","59.66999816894531","59.66999816894531","59.66999816894531","59.2400016784668","59.2400016784668","59.2400016784668"
"5209","","","","","","","","","","","","","60.290000915527344","60.290000915527344","60.290000915527344","","","","","","","","",""
"5215","","","","","","","62.66999816894531","62.66999816894531","62.66999816894531","60.52000045776367","60.52000045776367","60.52000045776367","","","","63.689998626708984","63.689998626708984","63.689998626708984","","","","","",""
"5216","","","","","","","","","","","","","","","","","","","62.56999969482422","62.56999969482422","62.56999969482422","59.959999084472656","59.959999084472656","59.959999084472656"
"5262","62.96000099182129","61.47999954223633","64.44000244140625","59.53499984741211","58.459999084472656","60.61000061035156","","","","","","","","","","","","","","","","","",""
"5263","64.27999877929688","64.27999877929688","64.27999877929688","","","","","","","","","","","","","","","","","","","","",""
"5264","","","","58.459999084472656","58.459999084472656","58.459999084472656","","","","","","","","","","","","","","","","","",""
"5346","","","","","","","","","","","","","60.20000076293945","60.20000076293945","60.20000076293945","","","","","","","","",""
"5394","62.76500129699707","62.2400016784668","63.290000915527344","60.58000183105469","60.58000183105469","60.58000183105469","","","","","","","","","","","","","","","","","",""
"5395","66.94000244140625","66.94000244140625","66.94000244140625","","","","","","","","","","","","","","","","","","","","",""
"5417","","","","","","","61.63999938964844","61.63999938964844","61.63999938964844","59.310001373291016","59.310001373291016","59.310001373291016","","","","63.52000045776367","63.52000045776367","63.52000045776367","","","","","",""
"5418","","","","","","","","","","","","","","","","","","","62.060001373291016","62.060001373291016","62.060001373291016","61.70000076293945","61.70000076293945","61.70000076293945"
"5548","","","","","","","","","","","","","60.869998931884766","60.869998931884766","60.869998931884766","","","","","","","","",""
"5554","","","","","","","62.040000915527344","62.040000915527344","62.040000915527344","61.209999084472656","61.209999084472656","61.209999084472656","","","","64.86000061035156","64.86000061035156","64.86000061035156","","","","","",""
"5555","","","","","","","","","","","","","","","","","","","61.540000915527344","61.540000915527344","61.540000915527344","61.540000915527344","61.540000915527344","61.540000915527344"
"5591","63.30500030517578","61.81999969482422","64.79000091552734","","","","","","","","","","","","","","","","","","","","",""
"5592","66.5199966430664","66.5199966430664","66.5199966430664","","","","","","","","","","","","","","","","","","","","",""
"5685","","","","","","","","","","","","","61.08000183105469","61.08000183105469","61.08000183105469","","","","","","","","",""
"5723","64.20000076293945","62.88999938964844","65.51000213623047","","","","","","","","","","","","","","","","","","","","",""
"5724","66.05000305175781","66.05000305175781","66.05000305175781","","","","","","","","","","","","","","","","","","","","",""
"5756","","","","","","","61.91999816894531","61.91999816894531","61.91999816894531","60.13999938964844","60.13999938964844","60.13999938964844","","","","63.36000061035156","63.36000061035156","63.36000061035156","","","","","",""
"5757","","","","","","","","","","","","","","","","","","","62.060001373291016","62.060001373291016","62.060001373291016","60.959999084472656","60.959999084472656","60.959999084472656"
"5887","","","","","","","","","","","","","60.9900016784668","60.9900016784668","60.9900016784668","","","","","","","","",""
"5893","","","","","","","61.43000030517578","61.43000030517578","61.43000030517578","60.630001068115234","60.630001068115234","60.630001068115234","","","","64.16000366210938","64.16000366210938","64.16000366210938","","","","","",""
"5894","","","","","","","","","","","","","","","","","","","63.11000061035156","63.11000061035156","63.11000061035156","60.310001373291016","60.310001373291016","60.310001373291016"
"5920","64.09499740600586","63.66999816894531","64.5199966430664","","","","","","","","","","","","","","","","","","","","",""
"5921","68.47000122070312","68.47000122070312","68.47000122070312","","","","","","","","","","","","","","","","","","","","",""
"6024","","","","","","","","","","","","","60.040000915527344","60.040000915527344","60.040000915527344","","","","","","","","",""
"6052","63.60499954223633","63.13999938964844","64.06999969482422","","","","","","","","","","","","","","","","","","","","",""
"6053","66.41000366210938","66.41000366210938","66.41000366210938","","","","","","","","","","","","","","","","","","","","",""
"6095","","","","","","","61.189998626708984","61.189998626708984","61.189998626708984","60.869998931884766","60.869998931884766","60.869998931884766","","","","64.91000366210938","64.91000366210938","64.91000366210938","","","","","",""
"6096","","","","","","","","","","","","","","","","","","","63.25","63.25","63.25","61.459999084472656","61.459999084472656","61.459999084472656"
"6226","","","","","","","","","","","","","61.880001068115234","61.880001068115234","61.880001068115234","","","","","","","","",""
"6232","","","","","","","61.43000030517578","61.43000030517578","61.43000030517578","60.959999084472656","60.959999084472656","60.959999084472656","","","","","","","","","","","",""
"6233","","","","","","","","","","","","","","","","63.310001373291016","63.310001373291016","63.310001373291016","63.540000915527344","63.540000915527344","63.540000915527344","62.54999923706055","62.54999923706055","62.54999923706055"
"6249","64.7700023651123","63.810001373291016","65.7300033569336","","","","","","","","","","","","","","","","","","","","",""
"6250","67.93000030517578","67.93000030517578","67.93000030517578","","","","","","","","","","","","","","","","","","","","",""
"6363","","","","","","","","","","","","","62.58000183105469","62.58000183105469","62.58000183105469","","","","","","","","",""
"6381","64.94499969482422","63.220001220703125","66.66999816894531","","","","","","","","","","","","","","","","","","","","",""
"6382","67.70999908447266","67.70999908447266","67.70999908447266","","","","","","","","","","","","","","","","","","","","",""
"6434","","","","","","","61.790000915527344","61.790000915527344","61.790000915527344","60.689998626708984","60.689998626708984","60.689998626708984","","","","","","","","","","","",""
"6435","","","","","","","","","","","","","","","","65.19999694824219","65.19999694824219","65.19999694824219","65.47000122070312","65.47000122070312","65.47000122070312","63.040000915527344","63.040000915527344","63.040000915527344"
"6565","","","","","","","","","","","","","62.56999969482422","62.56999969482422","62.56999969482422","","","","","","","","",""
"6571","","","","","","","61.720001220703125","61.720001220703125","61.720001220703125","60.4900016784668","60.4900016784668","60.4900016784668","","","","","","","","","","","",""
"6572","","","","","","","","","","","","","","","","64.61000061035156","64.61000061035156","64.61000061035156","64.80999755859375","64.80999755859375","64.80999755859375","62.58000183105469","62.58000183105469","62.58000183105469"
"6578","64.20999908447266","63.900001525878906","64.5199966430664","","","","","","","","","","","","","","","","","","","","",""
"6579","68.08999633789062","68.08999633789062","68.08999633789062","","","","","","","","","","","","","","","","","","","","",""
"6702","","","","","","","","","","","","","61.029998779296875","61.029998779296875","61.029998779296875","","","","","","","","",""
"6710","64.80499839782715","63.15999984741211","66.44999694824219","","","","","","","","","","","","","","","","","","","","",""
"6711","67.98999786376953","67.98999786376953","67.98999786376953","","","","","","","","","","","","","","","","","","","","",""
"6773","","","","","","","61.13999938964844","61.13999938964844","61.13999938964844","61.13999938964844","61.13999938964844","61.13999938964844","","","","","","","","","","","",""
"6774","","","","","","","","","","","","","","","","65.05999755859375","65.05999755859375","65.05999755859375","65.33000183105469","65.33000183105469","65.33000183105469","62.08000183105469","62.08000183105469","62.08000183105469"
"6904","","","","","","","","","","","","","62.060001373291016","62.060001373291016","62.060001373291016","","","","","","","","",""
"6907","64.8849983215332","64.16999816894531","65.5999984741211","","","","","","","","","","","","","","","","","","","","",""
"6908","67.4800033569336","67.4800033569336","67.4800033569336","","","","","","","","","","","","","","","","","","","","",""
"6910","","","","","","","62.11000061035156","62.11000061035156","62.11000061035156","62.63999938964844","62.63999938964844","62.63999938964844","","","","","","","","","","","",""
"6911","","","","","","","","","","","","","","","","66.19999694824219","66.19999694824219","66.19999694824219","65.45999908447266","65.45999908447266","65.45999908447266","62.380001068115234","62.380001068115234","62.380001068115234"
"7039","64.7249984741211","64.16999816894531","65.27999877929688","","","","","","","","","","","","","","","","","","","","",""
"7040","68.47000122070312","68.47000122070312","68.47000122070312","","","","","","","","","","","","","","","","","","","","",""
"7041","","","","","","","","","","","","","62.349998474121094","62.349998474121094","62.349998474121094","","","","","","","","",""
"7112","","","","","","","62.90999984741211","62.90999984741211","62.90999984741211","61.029998779296875","61.029998779296875","61.029998779296875","","","","","","","","","","","",""
"7113","","","","","","","","","","","","","","","","66.69999694824219","66.69999694824219","66.69999694824219","65.33000183105469","65.33000183105469","65.33000183105469","63.970001220703125","63.970001220703125","63.970001220703125"
"7236","64.89500045776367","63.66999816894531","66.12000274658203","","","","","","","","","","","","","","","","","","","","",""
"7237","69.11000061035156","69.11000061035156","69.11000061035156","","","","","","","","","","","","","","","","","","","","",""
"7243","","","","","","","","","","","","","61.40999984741211","61.40999984741211","61.40999984741211","","","","","","","","",""
"7249","","","","","","","61.95000076293945","61.95000076293945","61.95000076293945","61.279998779296875","61.279998779296875","61.279998779296875","","","","","","","","","","","",""
"7250","","","","","","","","","","","","","","","","64.79000091552734","64.79000091552734","64.79000091552734","65.08000183105469","65.08000183105469","65.08000183105469","62.4900016784668","62.4900016784668","62.4900016784668"
"7368","66.11000061035156","65.08000183105469","67.13999938964844","","","","","","","","","","","","","","","","","","","","",""
"7369","67.80000305175781","67.80000305175781","67.80000305175781","","","","","","","","","","","","","","","","","","","","",""
"7380","","","","","","","","","","","","","61.790000915527344","61.790000915527344","61.790000915527344","","","","","","","","",""
"7451","","","","","","","60.58000183105469","60.58000183105469","60.58000183105469","60.7599983215332","60.7599983215332","60.7599983215332","","","","","","","","","","","",""
"7452","","","","","","","","","","","","","","","","66.20999908447266","66.20999908447266","66.20999908447266","63.650001525878906","63.650001525878906","63.650001525878906","62.040000915527344","62.040000915527344","62.040000915527344"
"7565","65.45500183105469","64.68000030517578","66.2300033569336","","","","","","","","","","","","","","","","","","","","",""
"7566","68.05999755859375","68.05999755859375","68.05999755859375","","","","","","","","","","","","","","","","","","","","",""
"7582","","","","","","","","","","","","","62.56999969482422","62.56999969482422","62.56999969482422","","","","","","","","",""
"7588","","","","","","","62.0099983215332","62.0099983215332","62.0099983215332","61.95000076293945","61.95000076293945","61.95000076293945","","","","","","","","","","","",""
"7589","","","","","","","","","","","","","","","","64.94999694824219","64.94999694824219","64.94999694824219","65.3499984741211","65.3499984741211","65.3499984741211","62.93000030517578","62.93000030517578","62.93000030517578"
"7697","66.20000076293945","65.19000244140625","67.20999908447266","","","","","","","","","","","","","","","","","","","","",""
"7698","70.9800033569336","70.9800033569336","70.9800033569336","","","","","","","","","","","","","","","","","","","","",""
"7719","","","","","","","","","","","","","62.75","62.75","62.75","","","","","","","","",""
"7790","","","","","","","61.70000076293945","61.70000076293945","61.70000076293945","61.68000030517578","61.68000030517578","61.68000030517578","","","","","","","","","","","",""
"7791","","","","","","","","","","","","","","","","66.87000274658203","66.87000274658203","66.87000274658203","64.62999725341797","64.62999725341797","64.62999725341797","64.19000244140625","64.19000244140625","64.19000244140625"
"7894","66.78499984741211","65.95999908447266","67.61000061035156","","","","","","","","","","","","","","","","","","","","",""
"7895","70.27999877929688","70.27999877929688","70.27999877929688","","","","","","","","","","","","","","","","","","","","",""
"7921","","","","","","","","","","","","","62.2400016784668","62.2400016784668","62.2400016784668","","","","","","","","",""
"7927","","","","","","","60.779998779296875","60.779998779296875","60.779998779296875","61.40999984741211","61.40999984741211","61.40999984741211","","","","","","","","","","","",""
"7928","","","","","","","","","","","","","","","","67.20999908447266","67.20999908447266","67.20999908447266","64.43000030517578","64.43000030517578","64.43000030517578","65.4000015258789","65.4000015258789","65.4000015258789"
"8026","65.18500137329102","64.37000274658203","66","","","","","","","","","","","","","","","","","","","","",""
"8027","68.47000122070312","68.47000122070312","68.47000122070312","","","","","","","","","","","","","","","","","","","","",""
"8058","","","","","","","","","","","","","62.380001068115234","62.380001068115234","62.380001068115234","","","","","","","","",""
"8129","","","","","","","61.86000061035156","61.86000061035156","61.86000061035156","62.08000183105469","62.08000183105469","62.08000183105469","","","","","","","","","","","",""
"8130","","","","","","","","","","","","","","","","65.95999908447266","65.95999908447266","65.95999908447266","66.41000366210938","66.41000366210938","66.41000366210938","64.2300033569336","64.2300033569336","64.2300033569336"
"8223","67.05500030517578","65.76000213623047","68.3499984741211","","","","","","","","","","","","","","","","","","","","",""
"8224","69.79000091552734","69.79000091552734","69.79000091552734","","","","","","","","","","","","","","","","","","","","",""
"8260","","","","","","","","","","","","","61.29999923706055","61.29999923706055","61.29999923706055","","","","","","","","",""
"8266","","","","","","","59.72999954223633","59.72999954223633","59.72999954223633","","","","","","","","","","","","","","",""
"8267","","","","","","","","","","","","","","","","65.51000213623047","65.51000213623047","65.51000213623047","65.19000244140625","65.19000244140625","65.19000244140625","62.7599983215332","62.7599983215332","62.7599983215332"
"8355","66.52000045776367","64.52999877929688","68.51000213623047","","","","","","","","","","","","","","","","","","","","",""
"8356","69.18000030517578","69.18000030517578","69.18000030517578","","","","","","","","","","","","","","","","","","","","",""
"8397","","","","","","","","","","","","","61.61000061035156","61.61000061035156","61.61000061035156","","","","","","","","",""
"8468","","","","","","","62.0099983215332","62.0099983215332","62.0099983215332","","","","","","","","","","","","","","",""
"8469","","","","","","","","","","","","","","","","65.87000274658203","65.87000274658203","65.87000274658203","64.87999725341797","64.87999725341797","64.87999725341797","63.779998779296875","63.779998779296875","63.779998779296875"
"8552","66.91999816894531","64.45999908447266","69.37999725341797","","","","","","","","","","","","","","","","","","","","",""
"8553","70.02999877929688","70.02999877929688","70.02999877929688","","","","","","","","","","","","","","","","","","","","",""
"8599","","","","","","","","","","","","","62.33000183105469","62.33000183105469","62.33000183105469","","","","","","","","",""
"8605","","","","","","","62.779998779296875","62.779998779296875","62.779998779296875","","","","","","","","","","","","","","",""
"8606","","","","","","","","","","","","","","","","67.69999694824219","67.69999694824219","67.69999694824219","67.33999633789062","67.33999633789062","67.33999633789062","66.87999725341797","66.87999725341797","66.87999725341797"
"8684","66.25","65.12999725341797","67.37000274658203","","","","","","","","","","","","","","","","","","","","",""
"8685","70.01000213623047","70.01000213623047","70.01000213623047","","","","","","","","","","","","","","","","","","","","",""
"8736","","","","","","","","","","","","","61.61000061035156","61.61000061035156","61.61000061035156","","","","","","","","",""
"8807","","","","","","","60.779998779296875","60.779998779296875","60.779998779296875","","","","","","","","","","","","","","",""
"8808","","","","","","","","","","","","","","","","67.9000015258789","67.9000015258789","67.9000015258789","66.30999755859375","66.30999755859375","66.30999755859375","64.79000091552734","64.79000091552734","64.79000091552734"
"8881","66.77999877929688","65.08999633789062","68.47000122070312","","","","","","","","","","","","","","","","","","","","",""
"8882","70.66000366210938","70.66000366210938","70.66000366210938","","","","","","","","","","","","","","","","","","","","",""
"8944","","","","","","","61.77000045776367","61.77000045776367","61.77000045776367","","","","","","","","","","","","","","",""
"8945","","","","","","","","","","","","","","","","67.98999786376953","67.98999786376953","67.98999786376953","66.19999694824219","66.19999694824219","66.19999694824219","65.19000244140625","65.19000244140625","65.19000244140625"
"9013","66.24499893188477","64.72000122070312","67.7699966430664","","","","","","","","","","","","","","","","","","","","",""
"9014","70.4800033569336","70.4800033569336","70.4800033569336","","","","","","","","","","","","","","","","","","","","",""
"9146","","","","","","","61.52000045776367","61.52000045776367","61.52000045776367","","","","","","","","","","","","","","",""
"9147","","","","","","","","","","","","","","","","69.9000015258789","69.9000015258789","69.9000015258789","65.93000030517578","65.93000030517578","65.93000030517578","65.19999694824219","65.19999694824219","65.19999694824219"
"9210","65.3499984741211","64.98999786376953","65.70999908447266","","","","","","","","","","","","","","","","","","","","",""
"9211","73.12000274658203","73.12000274658203","73.12000274658203","","","","","","","","","","","","","","","","","","","","",""
"9283","","","","","","","61.45000076293945","61.45000076293945","61.45000076293945","","","","","","","","","","","","","","",""
"9284","","","","","","","","","","","","","","","","70.0999984741211","70.0999984741211","70.0999984741211","66.31999969482422","66.31999969482422","66.31999969482422","66.8499984741211","66.8499984741211","66.8499984741211"
"9342","67.93000030517578","65.55999755859375","70.30000305175781","","","","","","","","","","","","","","","","","","","","",""
"9343","72.47000122070312","72.47000122070312","72.47000122070312","","","","","","","","","","","","","","","","","","","","",""
"9485","","","","","","","62.349998474121094","62.349998474121094","62.349998474121094","","","","","","","","","","","","","","",""
"9486","","","","","","","","","","","","","","","","68.36000061035156","68.36000061035156","68.36000061035156","66.5199966430664","66.5199966430664","66.5199966430664","66.2300033569336","66.2300033569336","66.2300033569336"
"9539","66.59000015258789","64.16000366210938","69.0199966430664","","","","","","","","","","","","","","","","","","","","",""
"9540","70.7699966430664","70.7699966430664","70.7699966430664","","","","","","","","","","","","","","","","","","","","",""
"9622","","","","","","","61.84000015258789","61.84000015258789","61.84000015258789","","","","","","","","","","","","","","",""
"9623","","","","","","","","","","","","","","","","67.41000366210938","67.41000366210938","67.41000366210938","68.83000183105469","68.83000183105469","68.83000183105469","66.43000030517578","66.43000030517578","66.43000030517578"
"9671","66.04999923706055","64.75","67.3499984741211","","","","","","","","","","","","","","","","","","","","",""
"9672","71.47000122070312","71.47000122070312","71.47000122070312","","","","","","","","","","","","","","","","","","","","",""
"9824","","","","","","","60.5099983215332","60.5099983215332","60.5099983215332","","","","","","","","","","","","","","",""
"9825","","","","","","","","","","","","","","","","71","71","71","67.33999633789062","67.33999633789062","67.33999633789062","66.16000366210938","66.16000366210938","66.16000366210938"
"9868","66.68499755859375","65.30999755859375","68.05999755859375","","","","","","","","","","","","","","","","","","","","",""
"9869","70.0999984741211","70.0999984741211","70.0999984741211","","","","","","","","","","","","","","","","","","","","",""
"9961","","","","","","","59.779998779296875","59.779998779296875","59.779998779296875","","","","","","","","","","","","","","",""
"9962","","","","","","","","","","","","","","","","68.55000305175781","68.55000305175781","68.55000305175781","68.16999816894531","68.16999816894531","68.16999816894531","66.08999633789062","66.08999633789062","66.08999633789062"
"10000","66.44999694824219","64.87999725341797","68.0199966430664","","","","","","","","","","","","","","","","","","","","",""
"10001","71.30999755859375","71.30999755859375","71.30999755859375","","","","","","","","","","","","","","","","","","","","",""
"10163","","","","","","","62.93000030517578","62.93000030517578","62.93000030517578","","","","","","","","","","","","","","",""
"10164","","","","","","","","","","","","","","","","68.30999755859375","68.30999755859375","68.30999755859375","67.70999908447266","67.70999908447266","67.70999908447266","64.91000366210938","64.91000366210938","64.91000366210938"
"10197","66.88999938964844","64.94999694824219","68.83000183105469","","","","","","","","","","","","","","","","","","","","",""
"10198","71.4000015258789","71.4000015258789","71.4000015258789","","","","","","","","","","","","","","","","","","","","",""
"10301","","","","","","","","","","","","","","","","70.16999816894531","70.16999816894531","70.16999816894531","68.62000274658203","68.62000274658203","68.62000274658203","66.77999877929688","66.77999877929688","66.77999877929688"
"10329","66.06499862670898","65.27999877929688","66.8499984741211","","","","","","","","","","","","","","","","","","","","",""
"10330","70.81999969482422","70.81999969482422","70.81999969482422","","","","","","","","","","","","","","","","","","","","",""
"10503","","","","","","","","","","","","","","","","68.0199966430664","68.0199966430664","68.0199966430664","","","","","",""
"10526","66.99499893188477","64.72000122070312","69.2699966430664","","","","","","","","","","","","","","","","","","","","",""
"10527","71.69000244140625","71.69000244140625","71.69000244140625","","","","","","","","","","","","","","","","","","","","",""
"10571","","","","","","","","","","","","","","","","","","","66.36000061035156","66.36000061035156","66.36000061035156","","",""
"10640","","","","","","","","","","","","","","","","68.26000213623047","68.26000213623047","68.26000213623047","","","","","",""
"10658","66.71500015258789","65.37000274658203","68.05999755859375","","","","","","","","","","","","","","","","","","","","",""
"10659","70.41999816894531","70.41999816894531","70.41999816894531","","","","","","","","","","","","","","","","","","","","",""
"10698","","","","","","","","","","","","","","","","","","","","","","65.45999908447266","65.45999908447266","65.45999908447266"
"10773","","","","","","","","","","","","","","","","","","","68.9800033569336","68.9800033569336","68.9800033569336","","",""
"10835","","","","","","","","","","","","","","","","","","","","","","66.43000030517578","66.43000030517578","66.43000030517578"
"10842","","","","","","","","","","","","","","","","66.68000030517578","66.68000030517578","66.68000030517578","","","","","",""
"10855","67.79500198364258","65.29000091552734","70.30000305175781","","","","","","","","","","","","","","","","","","","","",""
"10856","72.16000366210938","72.16000366210938","72.16000366210938","","","","","","","","","","","","","","","","","","","","",""
"10910","","","","","","","","","","","","","","","","","","","69.58999633789062","69.58999633789062","69.58999633789062","","",""
"10987","67.88999938964844","66.30999755859375","69.47000122070312","","","","","","","","","","","","","","","","","","","","",""
"10988","71.44000244140625","71.44000244140625","71.44000244140625","","","","","","","","","","","","","","","","","","","","",""
"11037","","","","","","","","","","","","","","","","","","","","","","66.83000183105469","66.83000183105469","66.83000183105469"
"11045","","","","","","","","","","","","","","","","67.37000274658203","67.37000274658203","67.37000274658203","","","","","",""
"11112","","","","","","","","","","","","","","","","","","","70.05999755859375","70.05999755859375","70.05999755859375","","",""
"11174","","","","","","","","","","","","","","","","","","","","","","65.9800033569336","65.9800033569336","65.9800033569336"
"11182","","","","","","","","","","","","","","","","67.33999633789062","67.33999633789062","67.33999633789062","","","","","",""
"11184","69.23500061035156","66.76000213623047","71.70999908447266","","","","","","","","","","","","","","","","","","","","",""
"11185","70.66000366210938","70.66000366210938","70.66000366210938","","","","","","","","","","","","","","","","","","","","",""
"11249","","","","","","","","","","","","","","","","","","","69.58000183105469","69.58000183105469","69.58000183105469","","",""
"11316","68.70500183105469","66.2300033569336","71.18000030517578","","","","","","","","","","","","","","","","","","","","",""
"11317","71.7300033569336","71.7300033569336","71.7300033569336","","","","","","","","","","","","","","","","","","","","",""
"11376","","","","","","","","","","","","","","","","","","","","","","68.1500015258789","68.1500015258789","68.1500015258789"
"11384","","","","","","","","","","","","","","","","70.86000061035156","70.86000061035156","70.86000061035156","","","","","",""
"11451","","","","","","","","","","","","","","","","","","","69.91999816894531","69.91999816894531","69.91999816894531","","",""
"11513","68.82500076293945","66.41000366210938","71.23999786376953","","","","","","","","","","","","","","","","","","","67.37000274658203","67.37000274658203","67.37000274658203"
"11514","73.04000091552734","73.04000091552734","73.04000091552734","","","","","","","","","","","","","","","","","","","","",""
"11521","","","","","","","","","","","","","","","","69.33999633789062","69.33999633789062","69.33999633789062","","","","","",""
"11588","","","","","","","","","","","","","","","","","","","69.29000091552734","69.29000091552734","69.29000091552734","","",""
"11645","69.06999969482422","66.72000122070312","71.41999816894531","","","","","","","","","","","","","","","","","","","","",""
"11646","71.73999786376953","71.73999786376953","71.73999786376953","","","","","","","","","","","","","","","","","","","","",""
"11715","","","","","","","","","","","","","","","","","","","","","","70.51000213623047","70.51000213623047","70.51000213623047"
"11723","","","","","","","","","","","","","","","","69.47000122070312","69.47000122070312","69.47000122070312","","","","","",""
"11725","","","","","","","","","","","","","","","","","","","69.68000030517578","69.68000030517578","69.68000030517578","","",""
"11732","","","","","","","","","","","","","","","","","","","69.68000030517578","69.68000030517578","69.68000030517578","","",""
"11842","68.65999984741211","67.23999786376953","70.08000183105469","","","","","","","","","","","","","","","","","","","","",""
"11843","73.01000213623047","73.01000213623047","73.01000213623047","","","","","","","","","","","","","","","","","","","","",""
"11852","","","","","","","","","","","","","","","","","","","","","","67.5","67.5","67.5"
"11863","","","","","","","","","","","","","","","","","","","67.75","67.75","67.75","","",""
"11870","","","","","","","","","","","","","","","","","","","67.75","67.75","67.75","","",""
"11926","","","","","","","","","","","","","","","","65.48999786376953","65.48999786376953","65.48999786376953","","","","","",""
"11974","67.56999969482422","65.93000030517578","69.20999908447266","","","","","","","","","","","","","","","","","","","","",""
"11975","73.12000274658203","73.12000274658203","73.12000274658203","","","","","","","","","","","","","","","","","","","","",""
"12054","","","","","","","","","","","","","","","","","","","","","","66.87000274658203","66.87000274658203","66.87000274658203"
"12066","","","","","","","","","","","","","","","","","","","67.68000030517578","67.68000030517578","67.68000030517578","","",""
"12129","","","","","","","","","","","","","","","","66.95999908447266","66.95999908447266","66.95999908447266","","","","","",""
"12171","68.8499984741211","67.70999908447266","69.98999786376953","","","","","","","","","","","","","","","","","","","","",""
"12172","72.98999786376953","72.98999786376953","72.98999786376953","","","","","","","","","","","","","","","","","","","","",""
"12191","","","","","","","","","","","","","","","","","","","","","","68.69000244140625","68.69000244140625","68.69000244140625"
"12198","","","","","","","","","","","","","","","","","","","","","","67.70999908447266","67.70999908447266","67.70999908447266"
"12203","","","","","","","","","","","","","","","","","","","71.04000091552734","71.04000091552734","71.04000091552734","","",""
"12205","","","","","","","","","","","","","","","","","","","","","","67.70999908447266","67.70999908447266","67.70999908447266"
"12267","","","","","","","","","","","","","","","","67.98999786376953","67.98999786376953","67.98999786376953","","","","","",""
"12271","","","","","","","","","","","","","","","","","","","","","","68.8499984741211","68.8499984741211","68.8499984741211"
"12303","69.06999969482422","68.52999877929688","69.61000061035156","","","","","","","","","","","","","","","","","","","","",""
"12304","72.87999725341797","72.87999725341797","72.87999725341797","","","","","","","","","","","","","","","","","","","","",""
"12405","","","","","","","","","","","","","","","","","","","70.70999908447266","70.70999908447266","70.70999908447266","","",""
"12469","","","","","","","","","","","","","","","","69.13999938964844","69.13999938964844","69.13999938964844","","","","","",""
"12473","","","","","","","","","","","","","","","","","","","","","","69.55999755859375","69.55999755859375","69.55999755859375"
"12500","68.47999954223633","66.25","70.70999908447266","","","","","","","","","","","","","","","","","","","","",""
"12501","71.37999725341797","71.37999725341797","71.37999725341797","","","","","","","","","","","","","","","","","","","","",""
"12542","","","","","","","","","","","","","","","","","","","68.3499984741211","68.3499984741211","68.3499984741211","","",""
"12606","","","","","","","","","","","","","","","","69.80999755859375","69.80999755859375","69.80999755859375","","","","","",""
"12610","","","","","","","","","","","","","","","","","","","","","","67.5","67.5","67.5"
"12632","67.54499816894531","66.95999908447266","68.12999725341797","","","","","","","","","","","","","","","","","","","","",""
"12633","73.01000213623047","73.01000213623047","73.01000213623047","","","","","","","","","","","","","","","","","","","","",""
"12744","","","","","","","","","","","","","","","","","","","70.0999984741211","70.0999984741211","70.0999984741211","","",""
"12808","","","","","","","","","","","","","","","","70.27999877929688","70.27999877929688","70.27999877929688","","","","","",""
"12812","","","","","","","","","","","","","","","","","","","","","","68.18000030517578","68.18000030517578","68.18000030517578"
"12829","68.06999969482422","66.76000213623047","69.37999725341797","","","","","","","","","","","","","","","","","","","","",""
"12830","72.36000061035156","72.36000061035156","72.36000061035156","","","","","","","","","","","","","","","","","","","","",""
"12881","","","","","","","","","","","","","","","","","","","69.06999969482422","69.06999969482422","69.06999969482422","","",""
"12945","","","","","","","","","","","","","","","","71.77999877929688","71.77999877929688","71.77999877929688","","","","","",""
"12949","","","","","","","","","","","","","","","","","","","","","","68.52999877929688","68.52999877929688","68.52999877929688"
"12961","67.34500122070312","65.80000305175781","68.88999938964844","","","","","","","","","","","","","","","","","","","","",""
"12962","72.2300033569336","72.2300033569336","72.2300033569336","","","","","","","","","","","","","","","","","","","","",""
"13083","","","","","","","","","","","","","","","","","","","68.91000366210938","68.91000366210938","68.91000366210938","","",""
"13147","","","","","","","","","","","","","","","","70.0999984741211","70.0999984741211","70.0999984741211","","","","","",""
"13151","","","","","","","","","","","","","","","","","","","","","","67.69999694824219","67.69999694824219","67.69999694824219"
"13158","68.94999694824219","67.05999755859375","70.83999633789062","","","","","","","","","","","","","","","","","","","","",""
"13159","73.81999969482422","73.81999969482422","73.81999969482422","","","","","","","","","","","","","","","","","","","","",""
"13220","","","","","","","","","","","","","","","","","","","69.47000122070312","69.47000122070312","69.47000122070312","","",""
"13284","","","","","","","","","","","","","","","","70.55000305175781","70.55000305175781","70.55000305175781","","","","","",""
"13288","","","","","","","","","","","","","","","","","","","","","","68.58000183105469","68.58000183105469","68.58000183105469"
"13290","67.40499877929688","66.5","68.30999755859375","","","","","","","","","","","","","","","","","","","","",""
"13291","73.79000091552734","73.79000091552734","73.79000091552734","","","","","","","","","","","","","","","","","","","","",""
"13422","","","","","","","","","","","","","","","","","","","70.55000305175781","70.55000305175781","70.55000305175781","","",""
"13486","","","","","","","","","","","","","","","","71.63999938964844","71.63999938964844","71.63999938964844","","","","","",""
"13487","67.73500061035156","66.55999755859375","68.91000366210938","","","","","","","","","","","","","","","","","","","","",""
"13488","73.7300033569336","73.7300033569336","73.7300033569336","","","","","","","","","","","","","","","","","","","","",""
"13490","","","","","","","","","","","","","","","","","","","","","","69.05000305175781","69.05000305175781","69.05000305175781"
"13559","","","","","","","","","","","","","","","","","","","70.94999694824219","70.94999694824219","70.94999694824219","","",""
"13619","68.68999862670898","67.13999938964844","70.23999786376953","","","","","","","","","","","","","","","","","","","","",""
"13620","72.9000015258789","72.9000015258789","72.9000015258789","","","","","","","","","","","","","","","","","","","","",""
"13623","","","","","","","","","","","","","","","","71.55999755859375","71.55999755859375","71.55999755859375","","","","","",""
"13627","","","","","","","","","","","","","","","","","","","","","","67.98999786376953","67.98999786376953","67.98999786376953"
"13761","","","","","","","","","","","","","","","","","","","68.16999816894531","68.16999816894531","68.16999816894531","","",""
"13816","67.17000198364258","65.22000122070312","69.12000274658203","","","","","","","","","","","","","","","","","","","","",""
"13817","71.3499984741211","71.3499984741211","71.3499984741211","","","","","","","","","","","","","","","","","","","","",""
"13825","","","","","","","","","","","","","","","","71.70999908447266","71.70999908447266","71.70999908447266","","","","","",""
"13829","","","","","","","","","","","","","","","","","","","","","","68.8499984741211","68.8499984741211","68.8499984741211"
"13898","","","","","","","","","","","","","","","","","","","69.7699966430664","69.7699966430664","69.7699966430664","","",""
"13948","69.125","67.4800033569336","70.7699966430664","","","","","","","","","","","","","","","","","","","","",""
"13949","72.79000091552734","72.79000091552734","72.79000091552734","","","","","","","","","","","","","","","","","","","","",""
"13962","","","","","","","","","","","","","","","","70.41000366210938","70.41000366210938","70.41000366210938","","","","","",""
"13966","","","","","","","","","","","","","","","","","","","","","","69.58999633789062","69.58999633789062","69.58999633789062"
"14100","","","","","","","","","","","","","","","","","","","71.41999816894531","71.41999816894531","71.41999816894531","","",""
"14145","67.87000274658203","65.7300033569336","70.01000213623047","","","","","","","","","","","","","","","","","","","","",""
"14146","71.77999877929688","71.77999877929688","71.77999877929688","","","","","","","","","","","","","","","","","","","","",""
"14164","","","","","","","","","","","","","","","","71.33000183105469","71.33000183105469","71.33000183105469","","","","","",""
"14168","","","","","","","","","","","","","","","","","","","","","","68.80000305175781","68.80000305175781","68.80000305175781"
"14237","","","","","","","","","","","","","","","","","","","73.4800033569336","73.4800033569336","73.4800033569336","","",""
"14277","69.19499969482422","66.80999755859375","71.58000183105469","","","","","","","","","","","","","","","","","","","","",""
"14278","73.33000183105469","73.33000183105469","73.33000183105469","","","","","","","","","","","","","","","","","","","","",""
"14301","","","","","","","","","","","","","","","","71.48999786376953","71.48999786376953","71.48999786376953","","","","","",""
"14305","","","","","","","","","","","","","","","","","","","","","","70.4800033569336","70.4800033569336","70.4800033569336"
"14439","","","","","","","","","","","","","","","","","","","69.79000091552734","69.79000091552734","69.79000091552734","","",""
"14474","69.79000091552734","67.45999908447266","72.12000274658203","","","","","","","","","","","","","","","","","","","","",""
"14475","72.20999908447266","72.20999908447266","72.20999908447266","","","","","","","","","","","","","","","","","","","","",""
"14503","","","","","","","","","","","","","","","","70.12000274658203","70.12000274658203","70.12000274658203","","","","","",""
"14507","","","","","","","","","","","","","","","","","","","","","","68.9800033569336","68.9800033569336","68.9800033569336"
"14576","","","","","","","","","","","","","","","","","","","71.77999877929688","71.77999877929688","71.77999877929688","","",""
"14606","70.18999862670898","67.7699966430664","72.61000061035156","","","","","","","","","","","","","","","","","","","","",""
"14607","74.73999786376953","74.73999786376953","74.73999786376953","","","","","","","","","","","","","","","","","","","","",""
"14640","","","","","","","","","","","","","","","","70.70999908447266","70.70999908447266","70.70999908447266","","","","","",""
"14644","","","","","","","","","","","","","","","","","","","","","","68.62000274658203","68.62000274658203","68.62000274658203"
"14778","","","","","","","","","","","","","","","","","","","71.47000122070312","71.47000122070312","71.47000122070312","","",""
"14803","70.43500137329102","68.08000183105469","72.79000091552734","","","","","","","","","","","","","","","","","","","","",""
"14804","74.80999755859375","74.80999755859375","74.80999755859375","","","","","","","","","","","","","","","","","","","","",""
"14842","","","","","","","","","","","","","","","","70.83999633789062","70.83999633789062","70.83999633789062","","","","","",""
"14846","","","","","","","","","","","","","","","","","","","","","","68.87000274658203","68.87000274658203","68.87000274658203"
"14915","","","","","","","","","","","","","","","","","","","70.5","70.5","70.5","","",""
"14935","69.45000076293945","67.30000305175781","71.5999984741211","","","","","","","","","","","","","","","","","","","","",""
"14936","75.5","75.5","75.5","","","","","","","","","","","","","","","","","","","","",""
"14979","","","","","","","","","","","","","","","","71.9800033569336","71.9800033569336","71.9800033569336","","","","","",""
"14983","","","","","","","","","","","","","","","","","","","","","","70.66000366210938","70.66000366210938","70.66000366210938"
"15117","","","","","","","","","","","","","","","","","","","72.5199966430664","72.5199966430664","72.5199966430664","","",""
"15132","70.88500213623047","68.83000183105469","72.94000244140625","","","","","","","","","","","","","","","","","","","","",""
"15133","73.70999908447266","73.70999908447266","73.70999908447266","","","","","","","","","","","","","","","","","","","","",""
"15181","","","","","","","","","","","","","","","","72.25","72.25","72.25","","","","","",""
"15185","","","","","","","","","","","","","","","","","","","","","","71.29000091552734","71.29000091552734","71.29000091552734"
"15192","","","","","","","","","","","","","","","","","","","","","","71.29000091552734","71.29000091552734","71.29000091552734"
"15254","","","","","","","","","","","","","","","","","","","69.76000213623047","69.76000213623047","69.76000213623047","","",""
"15264","70.32999801635742","67.23999786376953","73.41999816894531","","","","","","","","","","","","","","","","","","","","",""
"15265","74.44999694824219","74.44999694824219","74.44999694824219","","","","","","","","","","","","","","","","","","","","",""
"15318","","","","","","","","","","","","","","","","71.5999984741211","71.5999984741211","71.5999984741211","","","","","",""
"15388","","","","","","","","","","","","","","","","","","","","","","69.41000366210938","69.41000366210938","69.41000366210938"
"15456","","","","","","","","","","","","","","","","","","","70.91000366210938","70.91000366210938","70.91000366210938","","",""
"15461","69.25","66.61000061035156","71.88999938964844","","","","","","","","","","","","","","","","","","","","",""
"15462","73.20999908447266","73.20999908447266","73.20999908447266","","","","","","","","","","","","","","","","","","","","",""
"15463","","","","","","","","","","","","","","","","","","","70.91000366210938","70.91000366210938","70.91000366210938","","",""
"15520","","","","","","","","","","","","","","","","72.33999633789062","72.33999633789062","72.33999633789062","","","","","",""
"15525","","","","","","","","","","","","","","","","","","","","","","70.33000183105469","70.33000183105469","70.33000183105469"
"15529","","","","","","","","","","","","","","","","","","","63.5","63.5","63.5","","",""
"15593","68.38500213623047","66.47000122070312","70.30000305175781","","","","","","","","","","","","","","","","","","","","",""
"15594","74.19999694824219","74.19999694824219","74.19999694824219","","","","","","","","","","","","","","","","","","","","",""
"15657","","","","","","","","","","","","","","","","71.73999786376953","71.73999786376953","71.73999786376953","","","","","",""
"15666","","","","","","","","","","","","","","","","","","","69.7699966430664","69.7699966430664","69.7699966430664","","",""
"15727","","","","","","","","","","","","","","","","","","","","","","71.4000015258789","71.4000015258789","71.4000015258789"
"15790","69.125","67.30000305175781","70.94999694824219","","","","","","","","","","","","","","","","","","","","",""
"15791","72.98999786376953","72.98999786376953","72.98999786376953","","","","","","","","","","","","","","","","","","","","",""
"15859","","","","","","","","","","","","","","","","73.7699966430664","73.7699966430664","73.7699966430664","","","","","",""
"15864","","","","","","","","","","","","","","","","","","","","","","69.05000305175781","69.05000305175781","69.05000305175781"
"15868","","","","","","","","","","","","","","","","","","","72.2699966430664","72.2699966430664","72.2699966430664","","",""
"15922","69.16500091552734","65.6500015258789","72.68000030517578","","","","","","","","","","","","","","","","","","","","",""
"15923","75.31999969482422","75.31999969482422","75.31999969482422","","","","","","","","","","","","","","","","","","","","",""
"15925","75.31999969482422","75.31999969482422","75.31999969482422","","","","","","","","","","","","","","","","","","","","",""
"15996","","","","","","","","","","","","","","","","73.05999755859375","73.05999755859375","73.05999755859375","","","","","",""
"16005","","","","","","","","","","","","","","","","","","","71.36000061035156","71.36000061035156","71.36000061035156","","",""
"16066","","","","","","","","","","","","","","","","","","","","","","71.29000091552734","71.29000091552734","71.29000091552734"
"16119","69.29499816894531","67.52999877929688","71.05999755859375","","","","","","","","","","","","","","","","","","","","",""
"16121","67.52999877929688","67.52999877929688","67.52999877929688","","","","","","","","","","","","","","","","","","","","",""
"16198","","","","","","","","","","","","","","","","71.16999816894531","71.16999816894531","71.16999816894531","","","","","",""
"16203","","","","","","","","","","","","","","","","","","","","","","70.94999694824219","70.94999694824219","70.94999694824219"
"16207","","","","","","","","","","","","","","","","","","","69.30000305175781","69.30000305175781","69.30000305175781","","",""
"16251","71.41999816894531","71.41999816894531","71.41999816894531","","","","","","","","","","","","","","","","","","","","",""
"16335","","","","","","","","","","","","","","","","75.7699966430664","75.7699966430664","75.7699966430664","","","","","",""
"16344","","","","","","","","","","","","","","","","","","","73.08000183105469","73.08000183105469","73.08000183105469","","",""
"16405","","","","","","","","","","","","","","","","","","","","","","69.83000183105469","69.83000183105469","69.83000183105469"
"16448","71.83000183105469","71.83000183105469","71.83000183105469","","","","","","","","","","","","","","","","","","","","",""
"16537","","","","","","","","","","","","","","","","73.08000183105469","73.08000183105469","73.08000183105469","","","","","",""
"16542","","","","","","","","","","","","","","","","","","","","","","70.81999969482422","70.81999969482422","70.81999969482422"
"16546","","","","","","","","","","","","","","","","","","","69.16000366210938","69.16000366210938","69.16000366210938","","",""
"16580","72.29000091552734","72.29000091552734","72.29000091552734","","","","","","","","","","","","","","","","","","","","",""
"16674","","","","","","","","","","","","","","","","74.33000183105469","74.33000183105469","74.33000183105469","","","","","",""
"16683","","","","","","","","","","","","","","","","","","","69.8499984741211","69.8499984741211","69.8499984741211","","",""
"16744","","","","","","","","","","","","","","","","","","","","","","69.91999816894531","69.91999816894531","69.91999816894531"
"16777","71.30999755859375","71.30999755859375","71.30999755859375","","","","","","","","","","","","","","","","","","","","",""
"16876","","","","","","","","","","","","","","","","73.7300033569336","73.7300033569336","73.7300033569336","","","","","",""
"16881","","","","","","","","","","","","","","","","","","","","","","70.58999633789062","70.58999633789062","70.58999633789062"
"16885","","","","","","","","","","","","","","","","","","","69.44999694824219","69.44999694824219","69.44999694824219","","",""
"16888","","","","","","","","","","","","","","","","","","","","","","70.58999633789062","70.58999633789062","70.58999633789062"
"16892","","","","","","","","","","","","","","","","","","","69.44999694824219","69.44999694824219","69.44999694824219","","",""
"16909","70.87999725341797","70.87999725341797","70.87999725341797","","","","","","","","","","","","","","","","","","","","",""
"17013","","","","","","","","","","","","","","","","73.22000122070312","73.22000122070312","73.22000122070312","","","","","",""
"17106","72.94999694824219","72.94999694824219","72.94999694824219","","","","","","","","","","","","","","","","","","","","",""
"17215","","","","","","","","","","","","","","","","71.51000213623047","71.51000213623047","71.51000213623047","","","","","",""
"17238","71.2699966430664","71.2699966430664","71.2699966430664","","","","","","","","","","","","","","","","","","","","",""
"17352","","","","","","","","","","","","","","","","72.7699966430664","72.7699966430664","72.7699966430664","","","","","",""
"17435","71.80000305175781","71.80000305175781","71.80000305175781","","","","","","","","","","","","","","","","","","","","",""
"17554","","","","","","","","","","","","","","","","72.6500015258789","72.6500015258789","72.6500015258789","","","","","",""
"17567","74.08999633789062","74.08999633789062","74.08999633789062","","","","","","","","","","","","","","","","","","","","",""
"17691","","","","","","","","","","","","","","","","74.80999755859375","74.80999755859375","74.80999755859375","","","","","",""
"17764","72.6500015258789","72.6500015258789","72.6500015258789","","","","","","","","","","","","","","","","","","","","",""
"17893","","","","","","","","","","","","","","","","74.36000061035156","74.36000061035156","74.36000061035156","","","","","",""
"17896","71.58000183105469","71.58000183105469","71.58000183105469","","","","","","","","","","","","","","","","","","","","",""
"18030","","","","","","","","","","","","","","","","74.37999725341797","74.37999725341797","74.37999725341797","","","","","",""
"18093","71.77999877929688","71.77999877929688","71.77999877929688","","","","","","","","","","","","","","","","","","","","",""
"18225","74.29000091552734","74.29000091552734","74.29000091552734","","","","","","","","","","","","","","","","","","","","",""
"18422","74.3499984741211","74.3499984741211","74.3499984741211","","","","","","","","","","","","","","","","","","","","",""
"18554","73.62000274658203","73.62000274658203","73.62000274658203","","","","","","","","","","","","","","","","","","","","",""
"18751","72.73999786376953","72.73999786376953","72.73999786376953","","","","","","","","","","","","","","","","","","","","",""
"18883","73.58999633789062","73.58999633789062","73.58999633789062","","","","","","","","","","","","","","","","","","","","",""
"19080","74.16000366210938","74.16000366210938","74.16000366210938","","","","","","","","","","","","","","","","","","","","",""
"19212","72.08999633789062","72.08999633789062","72.08999633789062","","","","","","","","","","","","","","","","","","","","",""
"19409","71.81999969482422","71.81999969482422","71.81999969482422","","","","","","","","","","","","","","","","","","","","",""
"19541","72.97000122070312","72.97000122070312","72.97000122070312","","","","","","","","","","","","","","","","","","","","",""
"19738","75.0999984741211","75.0999984741211","75.0999984741211","","","","","","","","","","","","","","","","","","","","",""
"19870","72","72","72","","","","","","","","","","","","","","","","","","","","",""
"20067","73.45999908447266","73.45999908447266","73.45999908447266","","","","","","","","","","","","","","","","","","","","",""
"20199","72.36000061035156","72.36000061035156","72.36000061035156","","","","","","","","","","","","","","","","","","","","",""
"20396","72.62999725341797","72.62999725341797","72.62999725341797","","","","","","","","","","","","","","","","","","","","",""
"20528","72.76000213623047","72.76000213623047","72.76000213623047","","","","","","","","","","","","","","","","","","","","",""
"20725","72.72000122070312","72.72000122070312","72.72000122070312","","","","","","","","","","","","","","","","","","","","",""
"20857","72.66000366210938","72.66000366210938","72.66000366210938","","","","","","","","","","","","","","","","","","","","",""
"21054","73.33000183105469","73.33000183105469","73.33000183105469","","","","","","","","","","","","","","","","","","","","",""
"21186","74.3499984741211","74.3499984741211","74.3499984741211","","","","","","","","","","","","","","","","","","","","",""
"21383","73.5999984741211","73.5999984741211","73.5999984741211","","","","","","","","","","","","","","","","","","","","",""
"21515","72.56999969482422","72.56999969482422","72.56999969482422","","","","","","","","","","","","","","","","","","","","",""
"21712","72.16000366210938","72.16000366210938","72.16000366210938","","","","","","","","","","","","","","","","","","","","",""
"21844","73.27999877929688","73.27999877929688","73.27999877929688","","","","","","","","","","","","","","","","","","","","",""
"22041","74.80999755859375","74.80999755859375","74.80999755859375","","","","","","","","","","","","","","","","","","","","",""
"22173","75.44999694824219","75.44999694824219","75.44999694824219","","","","","","","","","","","","","","","","","","","","",""
"22370","73.80000305175781","73.80000305175781","73.80000305175781","","","","","","","","","","","","","","","","","","","","",""
"22502","74.4000015258789","74.4000015258789","74.4000015258789","","","","","","","","","","","","","","","","","","","","",""
"22699","73.52999877929688","73.52999877929688","73.52999877929688","","","","","","","","","","","","","","","","","","","","",""
"22831","75.2699966430664","75.2699966430664","75.2699966430664","","","","","","","","","","","","","","","","","","","","",""
"23028","73.33000183105469","73.33000183105469","73.33000183105469","","","","","","","","","","","","","","","","","","","","",""
"23160","72.47000122070312","72.47000122070312","72.47000122070312","","","","","","","","","","","","","","","","","","","","",""
"23357","75.33999633789062","75.33999633789062","75.33999633789062","","","","","","","","","","","","","","","","","","","","",""
"23489","74.44000244140625","74.44000244140625","74.44000244140625","","","","","","","","","","","","","","","","","","","","",""
"23686","71.6500015258789","71.6500015258789","71.6500015258789","","","","","","","","","","","","","","","","","","","","",""
"23818","73.80000305175781","73.80000305175781","73.80000305175781","","","","","","","","","","","","","","","","","","","","",""