"Step","Group: text1-vision0 - evaluation/blimp/determiner_noun_agreement","Group: text1-vision0 - evaluation/blimp/determiner_noun_agreement__MIN","Group: text1-vision0 - evaluation/blimp/determiner_noun_agreement__MAX","Group: text1-vision100 - evaluation/blimp/determiner_noun_agreement","Group: text1-vision100 - evaluation/blimp/determiner_noun_agreement__MIN","Group: text1-vision100 - evaluation/blimp/determiner_noun_agreement__MAX","Group: text1-vision10 - evaluation/blimp/determiner_noun_agreement","Group: text1-vision10 - evaluation/blimp/determiner_noun_agreement__MIN","Group: text1-vision10 - evaluation/blimp/determiner_noun_agreement__MAX","Group: text1-vision1 - evaluation/blimp/determiner_noun_agreement","Group: text1-vision1 - evaluation/blimp/determiner_noun_agreement__MIN","Group: text1-vision1 - evaluation/blimp/determiner_noun_agreement__MAX","Group: text10-vision1 - evaluation/blimp/determiner_noun_agreement","Group: text10-vision1 - evaluation/blimp/determiner_noun_agreement__MIN","Group: text10-vision1 - evaluation/blimp/determiner_noun_agreement__MAX","Group: text10-vision100 - evaluation/blimp/determiner_noun_agreement","Group: text10-vision100 - evaluation/blimp/determiner_noun_agreement__MIN","Group: text10-vision100 - evaluation/blimp/determiner_noun_agreement__MAX","Group: text10-vision10 - evaluation/blimp/determiner_noun_agreement","Group: text10-vision10 - evaluation/blimp/determiner_noun_agreement__MIN","Group: text10-vision10 - evaluation/blimp/determiner_noun_agreement__MAX","Group: text10-vision0 - evaluation/blimp/determiner_noun_agreement","Group: text10-vision0 - evaluation/blimp/determiner_noun_agreement__MIN","Group: text10-vision0 - evaluation/blimp/determiner_noun_agreement__MAX"
"130","51.59000015258789","51.349998474121094","51.83000183105469","50.27000045776367","50.27000045776367","50.27000045776367","50.77000045776367","50.77000045776367","50.77000045776367","50.25","50.25","50.25","50.25","50.25","50.25","","","","","","","","",""
"131","","","","","","","","","","","","","","","","51.58000183105469","51.58000183105469","51.58000183105469","51.40999984741211","51.40999984741211","51.40999984741211","52.20000076293945","52.20000076293945","52.20000076293945"
"327","50.165000915527344","50","50.33000183105469","","","","","","","","","","","","","","","","","","","","",""
"328","","","","","","","","","","","","","","","","","","","","","","50.15999984741211","50.15999984741211","50.15999984741211"
"332","","","","50.04999923706055","50.04999923706055","50.04999923706055","50.150001525878906","50.150001525878906","50.150001525878906","50.0099983215332","50.0099983215332","50.0099983215332","49.83000183105469","49.83000183105469","49.83000183105469","","","","","","","","",""
"333","","","","","","","","","","","","","","","","50.27000045776367","50.27000045776367","50.27000045776367","50.209999084472656","50.209999084472656","50.209999084472656","","",""
"459","50.209999084472656","50.189998626708984","50.22999954223633","","","","","","","","","","","","","","","","","","","","",""
"460","","","","","","","","","","","","","","","","","","","","","","50.25","50.25","50.25"
"469","","","","50.380001068115234","50.380001068115234","50.380001068115234","50.209999084472656","50.209999084472656","50.209999084472656","50.04999923706055","50.04999923706055","50.04999923706055","49.83000183105469","49.83000183105469","49.83000183105469","","","","","","","","",""
"470","","","","","","","","","","","","","","","","50.34000015258789","50.34000015258789","50.34000015258789","50.040000915527344","50.040000915527344","50.040000915527344","","",""
"656","50.255001068115234","49.970001220703125","50.540000915527344","","","","","","","","","","","","","","","","","","","","",""
"657","","","","","","","","","","","","","","","","","","","","","","50.400001525878906","50.400001525878906","50.400001525878906"
"671","","","","50.599998474121094","50.599998474121094","50.599998474121094","50.22999954223633","50.22999954223633","50.22999954223633","50.400001525878906","50.400001525878906","50.400001525878906","49.459999084472656","49.459999084472656","49.459999084472656","","","","","","","","",""
"672","","","","","","","","","","","","","","","","49.88999938964844","49.88999938964844","49.88999938964844","50.15999984741211","50.15999984741211","50.15999984741211","","",""
"788","50.8799991607666","50.459999084472656","51.29999923706055","","","","","","","","","","","","","","","","","","","","",""
"789","","","","","","","","","","","","","","","","","","","","","","50.77000045776367","50.77000045776367","50.77000045776367"
"808","","","","50.130001068115234","50.130001068115234","50.130001068115234","50.11000061035156","50.11000061035156","50.11000061035156","49.970001220703125","49.970001220703125","49.970001220703125","50.86000061035156","50.86000061035156","50.86000061035156","","","","","","","","",""
"809","","","","","","","","","","","","","","","","50.130001068115234","50.130001068115234","50.130001068115234","50.040000915527344","50.040000915527344","50.040000915527344","","",""
"985","52.05500030517578","51.65999984741211","52.45000076293945","","","","","","","","","","","","","","","","","","","","",""
"986","","","","","","","","","","","","","","","","","","","","","","52.029998779296875","52.029998779296875","52.029998779296875"
"1010","","","","50.619998931884766","50.619998931884766","50.619998931884766","50.970001220703125","50.970001220703125","50.970001220703125","51.97999954223633","51.97999954223633","51.97999954223633","54.18000030517578","54.18000030517578","54.18000030517578","","","","","","","","",""
"1011","","","","","","","","","","","","","","","","51.290000915527344","51.290000915527344","51.290000915527344","50.529998779296875","50.529998779296875","50.529998779296875","","",""
"1117","53.34000015258789","52.849998474121094","53.83000183105469","","","","","","","","","","","","","","","","","","","","",""
"1118","","","","","","","","","","","","","","","","","","","","","","52.4900016784668","52.4900016784668","52.4900016784668"
"1147","","","","51.900001525878906","51.900001525878906","51.900001525878906","53.349998474121094","53.349998474121094","53.349998474121094","52.36000061035156","52.36000061035156","52.36000061035156","54.36000061035156","54.36000061035156","54.36000061035156","","","","","","","","",""
"1148","","","","","","","","","","","","","","","","52.52000045776367","52.52000045776367","52.52000045776367","51.38999938964844","51.38999938964844","51.38999938964844","","",""
"1314","54.31500053405762","53.9900016784668","54.63999938964844","","","","","","","","","","","","","","","","","","","","",""
"1315","","","","","","","","","","","","","","","","","","","","","","53.83000183105469","53.83000183105469","53.83000183105469"
"1349","","","","53.630001068115234","53.630001068115234","53.630001068115234","54.84000015258789","54.84000015258789","54.84000015258789","54.810001373291016","54.810001373291016","54.810001373291016","54.31999969482422","54.31999969482422","54.31999969482422","","","","","","","","",""
"1350","","","","","","","","","","","","","","","","53.630001068115234","53.630001068115234","53.630001068115234","53.369998931884766","53.369998931884766","53.369998931884766","","",""
"1446","54.3799991607666","53.38999938964844","55.369998931884766","","","","","","","","","","","","","","","","","","","","",""
"1447","","","","","","","","","","","","","","","","","","","","","","54.439998626708984","54.439998626708984","54.439998626708984"
"1486","","","","52.439998626708984","52.439998626708984","52.439998626708984","56.47999954223633","56.47999954223633","56.47999954223633","54.72999954223633","54.72999954223633","54.72999954223633","56.400001525878906","56.400001525878906","56.400001525878906","","","","","","","","",""
"1487","","","","","","","","","","","","","","","","53.130001068115234","53.130001068115234","53.130001068115234","53.90999984741211","53.90999984741211","53.90999984741211","","",""
"1643","56.40999984741211","56.38999938964844","56.43000030517578","","","","","","","","","","","","","","","","","","","","",""
"1644","","","","","","","","","","","","","","","","","","","","","","57.70000076293945","57.70000076293945","57.70000076293945"
"1688","","","","54.5099983215332","54.5099983215332","54.5099983215332","55.93000030517578","55.93000030517578","55.93000030517578","56.16999816894531","56.16999816894531","56.16999816894531","58.470001220703125","58.470001220703125","58.470001220703125","","","","","","","","",""
"1689","","","","","","","","","","","","","","","","53.7400016784668","53.7400016784668","53.7400016784668","54.06999969482422","54.06999969482422","54.06999969482422","","",""
"1775","58.94000053405762","58.65999984741211","59.220001220703125","","","","","","","","","","","","","","","","","","","","",""
"1776","","","","","","","","","","","","","","","","","","","","","","60.58000183105469","60.58000183105469","60.58000183105469"
"1825","","","","56.90999984741211","56.90999984741211","56.90999984741211","57.88999938964844","57.88999938964844","57.88999938964844","60.220001220703125","60.220001220703125","60.220001220703125","62.65999984741211","62.65999984741211","62.65999984741211","","","","","","","","",""
"1826","","","","","","","","","","","","","","","","55.86000061035156","55.86000061035156","55.86000061035156","55.09000015258789","55.09000015258789","55.09000015258789","","",""
"1972","61.739999771118164","61.22999954223633","62.25","","","","","","","","","","","","","","","","","","","","",""
"1973","","","","","","","","","","","","","","","","","","","","","","64.04000091552734","64.04000091552734","64.04000091552734"
"2027","","","","61.93000030517578","61.93000030517578","61.93000030517578","60.209999084472656","60.209999084472656","60.209999084472656","64.30999755859375","64.30999755859375","64.30999755859375","67.33999633789062","67.33999633789062","67.33999633789062","","","","","","","","",""
"2028","","","","","","","","","","","","","","","","57.81999969482422","57.81999969482422","57.81999969482422","57.27000045776367","57.27000045776367","57.27000045776367","","",""
"2104","63.82499885559082","63.0099983215332","64.63999938964844","","","","","","","","","","","","","","","","","","","","",""
"2105","","","","","","","","","","","","","","","","","","","","","","69.58000183105469","69.58000183105469","69.58000183105469"
"2164","","","","65.54000091552734","65.54000091552734","65.54000091552734","63.02000045776367","63.02000045776367","63.02000045776367","67.36000061035156","67.36000061035156","67.36000061035156","72.01000213623047","72.01000213623047","72.01000213623047","","","","","","","","",""
"2165","","","","","","","","","","","","","","","","60.29999923706055","60.29999923706055","60.29999923706055","60.040000915527344","60.040000915527344","60.040000915527344","","",""
"2301","67.00499725341797","66.44999694824219","67.55999755859375","","","","","","","","","","","","","","","","","","","","",""
"2302","","","","","","","","","","","","","","","","","","","","","","71.62999725341797","71.62999725341797","71.62999725341797"
"2366","","","","69.31999969482422","69.31999969482422","69.31999969482422","65.12000274658203","65.12000274658203","65.12000274658203","68.5999984741211","68.5999984741211","68.5999984741211","74.01000213623047","74.01000213623047","74.01000213623047","","","","","","","","",""
"2367","","","","","","","","","","","","","","","","65.0999984741211","65.0999984741211","65.0999984741211","62.36000061035156","62.36000061035156","62.36000061035156","","",""
"2433","69.49500274658203","69.05000305175781","69.94000244140625","","","","","","","","","","","","","","","","","","","","",""
"2434","","","","","","","","","","","","","","","","","","","","","","73.80000305175781","73.80000305175781","73.80000305175781"
"2503","","","","70.52999877929688","70.52999877929688","70.52999877929688","67.26000213623047","67.26000213623047","67.26000213623047","72.47000122070312","72.47000122070312","72.47000122070312","77.05000305175781","77.05000305175781","77.05000305175781","","","","","","","","",""
"2504","","","","","","","","","","","","","","","","65.69000244140625","65.69000244140625","65.69000244140625","66.83999633789062","66.83999633789062","66.83999633789062","","",""
"2630","72.06000137329102","70.20999908447266","73.91000366210938","","","","","","","","","","","","","","","","","","","","",""
"2631","","","","","","","","","","","","","","","","","","","","","","76.93000030517578","76.93000030517578","76.93000030517578"
"2705","","","","71.83999633789062","71.83999633789062","71.83999633789062","70.79000091552734","70.79000091552734","70.79000091552734","73.55999755859375","73.55999755859375","73.55999755859375","77.94999694824219","77.94999694824219","77.94999694824219","","","","","","","","",""
"2706","","","","","","","","","","","","","","","","67.69999694824219","67.69999694824219","67.69999694824219","68.75","68.75","68.75","","",""
"2762","74.56499862670898","73.56999969482422","75.55999755859375","","","","","","","","","","","","","","","","","","","","",""
"2763","","","","","","","","","","","","","","","","","","","","","","75.66000366210938","75.66000366210938","75.66000366210938"
"2842","","","","74.87000274658203","74.87000274658203","74.87000274658203","70.91999816894531","70.91999816894531","70.91999816894531","73.72000122070312","73.72000122070312","73.72000122070312","78.4000015258789","78.4000015258789","78.4000015258789","","","","","","","","",""
"2843","","","","","","","","","","","","","","","","69.9000015258789","69.9000015258789","69.9000015258789","70.62999725341797","70.62999725341797","70.62999725341797","","",""
"2959","75.55500030517578","74.5","76.61000061035156","","","","","","","","","","","","","","","","","","","","",""
"2960","","","","","","","","","","","","","","","","","","","","","","79.61000061035156","79.61000061035156","79.61000061035156"
"3044","","","","73.23999786376953","73.23999786376953","73.23999786376953","71.9800033569336","71.9800033569336","71.9800033569336","77.45999908447266","77.45999908447266","77.45999908447266","79.77999877929688","79.77999877929688","79.77999877929688","","","","","","","","",""
"3045","","","","","","","","","","","","","","","","73.08000183105469","73.08000183105469","73.08000183105469","75.26000213623047","75.26000213623047","75.26000213623047","","",""
"3091","77.81500244140625","75.62000274658203","80.01000213623047","","","","","","","","","","","","","","","","","","","","",""
"3092","","","","","","","","","","","","","","","","","","","","","","81.52999877929688","81.52999877929688","81.52999877929688"
"3181","","","","75.20999908447266","75.20999908447266","75.20999908447266","72.61000061035156","72.61000061035156","72.61000061035156","78.61000061035156","78.61000061035156","78.61000061035156","80.05000305175781","80.05000305175781","80.05000305175781","","","","","","","","",""
"3182","","","","","","","","","","","","","","","","74.61000061035156","74.61000061035156","74.61000061035156","75.1500015258789","75.1500015258789","75.1500015258789","","",""
"3288","79.46500015258789","78.22000122070312","80.70999908447266","","","","","","","","","","","","","","","","","","","","",""
"3289","","","","","","","","","","","","","","","","","","","","","","83.5199966430664","83.5199966430664","83.5199966430664"
"3383","","","","75.94999694824219","75.94999694824219","75.94999694824219","75.45999908447266","75.45999908447266","75.45999908447266","79.0999984741211","79.0999984741211","79.0999984741211","82.83999633789062","82.83999633789062","82.83999633789062","","","","","","","","",""
"3384","","","","","","","","","","","","","","","","76.2300033569336","76.2300033569336","76.2300033569336","76.87999725341797","76.87999725341797","76.87999725341797","","",""
"3420","81.1150016784668","78.9800033569336","83.25","","","","","","","","","","","","","","","","","","","","",""
"3421","","","","","","","","","","","","","","","","","","","","","","83.38999938964844","83.38999938964844","83.38999938964844"
"3520","","","","79.16000366210938","79.16000366210938","79.16000366210938","78","78","78","78.7699966430664","78.7699966430664","78.7699966430664","83.31999969482422","83.31999969482422","83.31999969482422","","","","","","","","",""
"3521","","","","","","","","","","","","","","","","75.83000183105469","75.83000183105469","75.83000183105469","77.68000030517578","77.68000030517578","77.68000030517578","","",""
"3617","81.8499984741211","81.48999786376953","82.20999908447266","","","","","","","","","","","","","","","","","","","","",""
"3618","","","","","","","","","","","","","","","","","","","","","","85.51000213623047","85.51000213623047","85.51000213623047"
"3722","","","","79.41000366210938","79.41000366210938","79.41000366210938","77.29000091552734","77.29000091552734","77.29000091552734","78.58999633789062","78.58999633789062","78.58999633789062","83.36000061035156","83.36000061035156","83.36000061035156","","","","","","","","",""
"3723","","","","","","","","","","","","","","","","76.41000366210938","76.41000366210938","76.41000366210938","77.62999725341797","77.62999725341797","77.62999725341797","","",""
"3749","82.09500122070312","81.08000183105469","83.11000061035156","","","","","","","","","","","","","","","","","","","","",""
"3750","","","","","","","","","","","","","","","","","","","","","","85.72000122070312","85.72000122070312","85.72000122070312"
"3859","","","","78.9000015258789","78.9000015258789","78.9000015258789","77.66000366210938","77.66000366210938","77.66000366210938","78.27999877929688","78.27999877929688","78.27999877929688","84.69000244140625","84.69000244140625","84.69000244140625","","","","","","","","",""
"3860","","","","","","","","","","","","","","","","76.63999938964844","76.63999938964844","76.63999938964844","77.69999694824219","77.69999694824219","77.69999694824219","","",""
"3946","82.96000289916992","81.41000366210938","84.51000213623047","","","","","","","","","","","","","","","","","","","","",""
"3947","","","","","","","","","","","","","","","","","","","","","","87.66000366210938","87.66000366210938","87.66000366210938"
"4061","","","","79.37999725341797","79.37999725341797","79.37999725341797","79","79","79","81.41000366210938","81.41000366210938","81.41000366210938","85.26000213623047","85.26000213623047","85.26000213623047","","","","","","","","",""
"4062","","","","","","","","","","","","","","","","79.0999984741211","79.0999984741211","79.0999984741211","81.91000366210938","81.91000366210938","81.91000366210938","","",""
"4078","82.68500137329102","80.72000122070312","84.6500015258789","","","","","","","","","","","","","","","","","","","","",""
"4079","","","","","","","","","","","","","","","","","","","","","","87.76000213623047","87.76000213623047","87.76000213623047"
"4198","","","","80.30000305175781","80.30000305175781","80.30000305175781","80.55999755859375","80.55999755859375","80.55999755859375","82.79000091552734","82.79000091552734","82.79000091552734","85.36000061035156","85.36000061035156","85.36000061035156","","","","","","","","",""
"4199","","","","","","","","","","","","","","","","81.30000305175781","81.30000305175781","81.30000305175781","80.38999938964844","80.38999938964844","80.38999938964844","","",""
"4275","81.79000091552734","81.11000061035156","82.47000122070312","","","","","","","","","","","","","","","","","","","","",""
"4276","","","","","","","","","","","","","","","","","","","","","","86.20999908447266","86.20999908447266","86.20999908447266"
"4400","","","","81.5999984741211","81.5999984741211","81.5999984741211","80.62000274658203","80.62000274658203","80.62000274658203","82.94000244140625","82.94000244140625","82.94000244140625","86.08999633789062","86.08999633789062","86.08999633789062","","","","","","","","",""
"4401","","","","","","","","","","","","","","","","81.86000061035156","81.86000061035156","81.86000061035156","81.41999816894531","81.41999816894531","81.41999816894531","","",""
"4407","82.74500274658203","82.30000305175781","83.19000244140625","","","","","","","","","","","","","","","","","","","","",""
"4408","","","","","","","","","","","","","","","","","","","","","","88.30999755859375","88.30999755859375","88.30999755859375"
"4537","","","","81.69000244140625","81.69000244140625","81.69000244140625","80.72000122070312","80.72000122070312","80.72000122070312","","","","85.79000091552734","85.79000091552734","85.79000091552734","","","","","","","","",""
"4538","","","","","","","","","","","","","","","","79.0199966430664","79.0199966430664","79.0199966430664","81.1500015258789","81.1500015258789","81.1500015258789","","",""
"4604","83.5999984741211","83","84.19999694824219","","","","","","","","","","","","","","","","","","","","",""
"4605","","","","","","","","","","","","","","","","","","","","","","86.23999786376953","86.23999786376953","86.23999786376953"
"4668","","","","","","","","","","81.12000274658203","81.12000274658203","81.12000274658203","","","","","","","","","","","",""
"4736","82.92000198364258","82.72000122070312","83.12000274658203","","","","","","","","","","","","","","","","","","","","",""
"4737","","","","","","","","","","","","","","","","","","","","","","87.73999786376953","87.73999786376953","87.73999786376953"
"4739","","","","81.44999694824219","81.44999694824219","81.44999694824219","82.25","82.25","82.25","","","","87.18000030517578","87.18000030517578","87.18000030517578","","","","","","","","",""
"4740","","","","","","","","","","","","","","","","82.5999984741211","82.5999984741211","82.5999984741211","81.16000366210938","81.16000366210938","81.16000366210938","","",""
"4870","","","","","","","","","","82.41000366210938","82.41000366210938","82.41000366210938","","","","","","","","","","","",""
"4876","","","","79.88999938964844","79.88999938964844","79.88999938964844","81.4000015258789","81.4000015258789","81.4000015258789","","","","85","85","85","","","","","","","","",""
"4877","","","","","","","","","","","","","","","","81.94999694824219","81.94999694824219","81.94999694824219","83.44000244140625","83.44000244140625","83.44000244140625","","",""
"4933","82.91999816894531","82.38999938964844","83.44999694824219","","","","","","","","","","","","","","","","","","","","",""
"4934","","","","","","","","","","","","","","","","","","","","","","86.73999786376953","86.73999786376953","86.73999786376953"
"5007","","","","","","","","","","81.25","81.25","81.25","","","","","","","","","","","",""
"5065","82.46500015258789","82.18000030517578","82.75","","","","","","","","","","","","","","","","","","","","",""
"5066","","","","","","","","","","","","","","","","","","","","","","87.77999877929688","87.77999877929688","87.77999877929688"
"5078","","","","83.06999969482422","83.06999969482422","83.06999969482422","80.38999938964844","80.38999938964844","80.38999938964844","","","","85.47000122070312","85.47000122070312","85.47000122070312","","","","","","","","",""
"5079","","","","","","","","","","","","","","","","84.12999725341797","84.12999725341797","84.12999725341797","85.58999633789062","85.58999633789062","85.58999633789062","","",""
"5209","","","","","","","","","","83.33000183105469","83.33000183105469","83.33000183105469","","","","","","","","","","","",""
"5215","","","","82.37999725341797","82.37999725341797","82.37999725341797","79.36000061035156","79.36000061035156","79.36000061035156","","","","86.5199966430664","86.5199966430664","86.5199966430664","","","","","","","","",""
"5216","","","","","","","","","","","","","","","","82.20999908447266","82.20999908447266","82.20999908447266","83.02999877929688","83.02999877929688","83.02999877929688","","",""
"5262","81.81499862670898","81.45999908447266","82.16999816894531","","","","","","","","","","","","","","","","","","","","",""
"5263","","","","","","","","","","","","","","","","","","","","","","87.58999633789062","87.58999633789062","87.58999633789062"
"5264","81.45999908447266","81.45999908447266","81.45999908447266","","","","","","","","","","","","","","","","","","","","",""
"5346","","","","","","","","","","82.98999786376953","82.98999786376953","82.98999786376953","","","","","","","","","","","",""
"5394","81.12000274658203","81.12000274658203","81.12000274658203","","","","","","","","","","","","","","","","","","","","",""
"5395","","","","","","","","","","","","","","","","","","","","","","89.54000091552734","89.54000091552734","89.54000091552734"
"5417","","","","83.23999786376953","83.23999786376953","83.23999786376953","81.08000183105469","81.08000183105469","81.08000183105469","","","","86.6500015258789","86.6500015258789","86.6500015258789","","","","","","","","",""
"5418","","","","","","","","","","","","","","","","82.73999786376953","82.73999786376953","82.73999786376953","85.18000030517578","85.18000030517578","85.18000030517578","","",""
"5548","","","","","","","","","","83.12999725341797","83.12999725341797","83.12999725341797","","","","","","","","","","","",""
"5554","","","","82.18000030517578","82.18000030517578","82.18000030517578","81.08000183105469","81.08000183105469","81.08000183105469","","","","86.81999969482422","86.81999969482422","86.81999969482422","","","","","","","","",""
"5555","","","","","","","","","","","","","","","","83.9000015258789","83.9000015258789","83.9000015258789","84.0999984741211","84.0999984741211","84.0999984741211","","",""
"5592","","","","","","","","","","","","","","","","","","","","","","88.76000213623047","88.76000213623047","88.76000213623047"
"5685","","","","","","","","","","81.19999694824219","81.19999694824219","81.19999694824219","","","","","","","","","","","",""
"5724","","","","","","","","","","","","","","","","","","","","","","88.2699966430664","88.2699966430664","88.2699966430664"
"5756","","","","84.95999908447266","84.95999908447266","84.95999908447266","80.4800033569336","80.4800033569336","80.4800033569336","","","","87.18000030517578","87.18000030517578","87.18000030517578","","","","","","","","",""
"5757","","","","","","","","","","","","","","","","84.83999633789062","84.83999633789062","84.83999633789062","85.37999725341797","85.37999725341797","85.37999725341797","","",""
"5887","","","","","","","","","","82.66999816894531","82.66999816894531","82.66999816894531","","","","","","","","","","","",""
"5893","","","","83.06999969482422","83.06999969482422","83.06999969482422","80.91000366210938","80.91000366210938","80.91000366210938","","","","85.7699966430664","85.7699966430664","85.7699966430664","","","","","","","","",""
"5894","","","","","","","","","","","","","","","","84.25","84.25","84.25","85.4000015258789","85.4000015258789","85.4000015258789","","",""
"5921","","","","","","","","","","","","","","","","","","","","","","90.27999877929688","90.27999877929688","90.27999877929688"
"6024","","","","","","","","","","82.68000030517578","82.68000030517578","82.68000030517578","","","","","","","","","","","",""
"6053","","","","","","","","","","","","","","","","","","","","","","88.73999786376953","88.73999786376953","88.73999786376953"
"6095","","","","83.11000061035156","83.11000061035156","83.11000061035156","82.41000366210938","82.41000366210938","82.41000366210938","","","","87.47000122070312","87.47000122070312","87.47000122070312","","","","","","","","",""
"6096","","","","","","","","","","","","","","","","85.91000366210938","85.91000366210938","85.91000366210938","86.87000274658203","86.87000274658203","86.87000274658203","","",""
"6226","","","","","","","","","","82.55999755859375","82.55999755859375","82.55999755859375","","","","","","","","","","","",""
"6232","","","","83.20999908447266","83.20999908447266","83.20999908447266","82.01000213623047","82.01000213623047","82.01000213623047","","","","","","","","","","","","","","",""
"6233","","","","","","","","","","","","","84.38999938964844","84.38999938964844","84.38999938964844","83.66000366210938","83.66000366210938","83.66000366210938","85.6500015258789","85.6500015258789","85.6500015258789","","",""
"6250","","","","","","","","","","","","","","","","","","","","","","89.05999755859375","89.05999755859375","89.05999755859375"
"6363","","","","","","","","","","84.01000213623047","84.01000213623047","84.01000213623047","","","","","","","","","","","",""
"6382","","","","","","","","","","","","","","","","","","","","","","89.56999969482422","89.56999969482422","89.56999969482422"
"6434","","","","83.2699966430664","83.2699966430664","83.2699966430664","80.95999908447266","80.95999908447266","80.95999908447266","","","","","","","","","","","","","","",""
"6435","","","","","","","","","","","","","86.18000030517578","86.18000030517578","86.18000030517578","84.86000061035156","84.86000061035156","84.86000061035156","85.23999786376953","85.23999786376953","85.23999786376953","","",""
"6565","","","","","","","","","","84.19999694824219","84.19999694824219","84.19999694824219","","","","","","","","","","","",""
"6571","","","","84.83000183105469","84.83000183105469","84.83000183105469","82.86000061035156","82.86000061035156","82.86000061035156","","","","","","","","","","","","","","",""
"6572","","","","","","","","","","","","","85.37999725341797","85.37999725341797","85.37999725341797","85.87000274658203","85.87000274658203","85.87000274658203","86.20999908447266","86.20999908447266","86.20999908447266","","",""
"6579","","","","","","","","","","","","","","","","","","","","","","88.9000015258789","88.9000015258789","88.9000015258789"
"6702","","","","","","","","","","82.54000091552734","82.54000091552734","82.54000091552734","","","","","","","","","","","",""
"6711","","","","","","","","","","","","","","","","","","","","","","88.19000244140625","88.19000244140625","88.19000244140625"
"6773","","","","82.91000366210938","82.91000366210938","82.91000366210938","82.44000244140625","82.44000244140625","82.44000244140625","","","","","","","","","","","","","","",""
"6774","","","","","","","","","","","","","86.94000244140625","86.94000244140625","86.94000244140625","85.76000213623047","85.76000213623047","85.76000213623047","86.6500015258789","86.6500015258789","86.6500015258789","","",""
"6904","","","","","","","","","","81.97000122070312","81.97000122070312","81.97000122070312","","","","","","","","","","","",""
"6908","","","","","","","","","","","","","","","","","","","","","","88.12000274658203","88.12000274658203","88.12000274658203"
"6910","","","","86.83000183105469","86.83000183105469","86.83000183105469","81.62000274658203","81.62000274658203","81.62000274658203","","","","","","","","","","","","","","",""
"6911","","","","","","","","","","","","","86.83000183105469","86.83000183105469","86.83000183105469","85.95999908447266","85.95999908447266","85.95999908447266","86.61000061035156","86.61000061035156","86.61000061035156","","",""
"7040","","","","","","","","","","","","","","","","","","","","","","88.52999877929688","88.52999877929688","88.52999877929688"
"7041","","","","","","","","","","83.56999969482422","83.56999969482422","83.56999969482422","","","","","","","","","","","",""
"7112","","","","83.93000030517578","83.93000030517578","83.93000030517578","83.80999755859375","83.80999755859375","83.80999755859375","","","","","","","","","","","","","","",""
"7113","","","","","","","","","","","","","87.70999908447266","87.70999908447266","87.70999908447266","85.2699966430664","85.2699966430664","85.2699966430664","88.04000091552734","88.04000091552734","88.04000091552734","","",""
"7237","","","","","","","","","","","","","","","","","","","","","","89.29000091552734","89.29000091552734","89.29000091552734"
"7243","","","","","","","","","","83.29000091552734","83.29000091552734","83.29000091552734","","","","","","","","","","","",""
"7249","","","","83.33000183105469","83.33000183105469","83.33000183105469","82.43000030517578","82.43000030517578","82.43000030517578","","","","","","","","","","","","","","",""
"7250","","","","","","","","","","","","","88.01000213623047","88.01000213623047","88.01000213623047","86.33000183105469","86.33000183105469","86.33000183105469","86.98999786376953","86.98999786376953","86.98999786376953","","",""
"7369","","","","","","","","","","","","","","","","","","","","","","89.33999633789062","89.33999633789062","89.33999633789062"
"7380","","","","","","","","","","82.55000305175781","82.55000305175781","82.55000305175781","","","","","","","","","","","",""
"7451","","","","84.16000366210938","84.16000366210938","84.16000366210938","82.4800033569336","82.4800033569336","82.4800033569336","","","","","","","","","","","","","","",""
"7452","","","","","","","","","","","","","87.51000213623047","87.51000213623047","87.51000213623047","85.68000030517578","85.68000030517578","85.68000030517578","87.12999725341797","87.12999725341797","87.12999725341797","","",""
"7566","","","","","","","","","","","","","","","","","","","","","","88.8499984741211","88.8499984741211","88.8499984741211"
"7582","","","","","","","","","","81.7699966430664","81.7699966430664","81.7699966430664","","","","","","","","","","","",""
"7588","","","","83.7300033569336","83.7300033569336","83.7300033569336","84.12000274658203","84.12000274658203","84.12000274658203","","","","","","","","","","","","","","",""
"7589","","","","","","","","","","","","","86.69000244140625","86.69000244140625","86.69000244140625","83.69999694824219","83.69999694824219","83.69999694824219","85.68000030517578","85.68000030517578","85.68000030517578","","",""
"7698","","","","","","","","","","","","","","","","","","","","","","90.11000061035156","90.11000061035156","90.11000061035156"
"7719","","","","","","","","","","81.83999633789062","81.83999633789062","81.83999633789062","","","","","","","","","","","",""
"7790","","","","83.94000244140625","83.94000244140625","83.94000244140625","80.19000244140625","80.19000244140625","80.19000244140625","","","","","","","","","","","","","","",""
"7791","","","","","","","","","","","","","88.4000015258789","88.4000015258789","88.4000015258789","86.37999725341797","86.37999725341797","86.37999725341797","86.93000030517578","86.93000030517578","86.93000030517578","","",""
"7895","","","","","","","","","","","","","","","","","","","","","","89.44999694824219","89.44999694824219","89.44999694824219"
"7921","","","","","","","","","","82.02999877929688","82.02999877929688","82.02999877929688","","","","","","","","","","","",""
"7927","","","","86.33000183105469","86.33000183105469","86.33000183105469","82.1500015258789","82.1500015258789","82.1500015258789","","","","","","","","","","","","","","",""
"7928","","","","","","","","","","","","","87.5199966430664","87.5199966430664","87.5199966430664","86.29000091552734","86.29000091552734","86.29000091552734","87.58000183105469","87.58000183105469","87.58000183105469","","",""
"8027","","","","","","","","","","","","","","","","","","","","","","88.7300033569336","88.7300033569336","88.7300033569336"
"8058","","","","","","","","","","82.01000213623047","82.01000213623047","82.01000213623047","","","","","","","","","","","",""
"8129","","","","83.77999877929688","83.77999877929688","83.77999877929688","83.7300033569336","83.7300033569336","83.7300033569336","","","","","","","","","","","","","","",""
"8130","","","","","","","","","","","","","88.19999694824219","88.19999694824219","88.19999694824219","86.9800033569336","86.9800033569336","86.9800033569336","88.02999877929688","88.02999877929688","88.02999877929688","","",""
"8224","","","","","","","","","","","","","","","","","","","","","","89.62999725341797","89.62999725341797","89.62999725341797"
"8260","","","","","","","","","","83.29000091552734","83.29000091552734","83.29000091552734","","","","","","","","","","","",""
"8266","","","","84.61000061035156","84.61000061035156","84.61000061035156","","","","","","","","","","","","","","","","","",""
"8267","","","","","","","","","","","","","88.20999908447266","88.20999908447266","88.20999908447266","86.58000183105469","86.58000183105469","86.58000183105469","87.69999694824219","87.69999694824219","87.69999694824219","","",""
"8356","","","","","","","","","","","","","","","","","","","","","","89.13999938964844","89.13999938964844","89.13999938964844"
"8397","","","","","","","","","","81.58000183105469","81.58000183105469","81.58000183105469","","","","","","","","","","","",""
"8468","","","","84.87999725341797","84.87999725341797","84.87999725341797","","","","","","","","","","","","","","","","","",""
"8469","","","","","","","","","","","","","86.16999816894531","86.16999816894531","86.16999816894531","86.66000366210938","86.66000366210938","86.66000366210938","86.5999984741211","86.5999984741211","86.5999984741211","","",""
"8553","","","","","","","","","","","","","","","","","","","","","","89.43000030517578","89.43000030517578","89.43000030517578"
"8599","","","","","","","","","","82.16999816894531","82.16999816894531","82.16999816894531","","","","","","","","","","","",""
"8605","","","","83.72000122070312","83.72000122070312","83.72000122070312","","","","","","","","","","","","","","","","","",""
"8606","","","","","","","","","","","","","87.31999969482422","87.31999969482422","87.31999969482422","87.5","87.5","87.5","87.30000305175781","87.30000305175781","87.30000305175781","","",""
"8685","","","","","","","","","","","","","","","","","","","","","","89.25","89.25","89.25"
"8736","","","","","","","","","","80.70999908447266","80.70999908447266","80.70999908447266","","","","","","","","","","","",""
"8807","","","","85.55999755859375","85.55999755859375","85.55999755859375","","","","","","","","","","","","","","","","","",""
"8808","","","","","","","","","","","","","88.81999969482422","88.81999969482422","88.81999969482422","85.69000244140625","85.69000244140625","85.69000244140625","89.2699966430664","89.2699966430664","89.2699966430664","","",""
"8882","","","","","","","","","","","","","","","","","","","","","","88.93000030517578","88.93000030517578","88.93000030517578"
"8944","","","","83.1500015258789","83.1500015258789","83.1500015258789","","","","","","","","","","","","","","","","","",""
"8945","","","","","","","","","","","","","88.58000183105469","88.58000183105469","88.58000183105469","86.75","86.75","86.75","89.25","89.25","89.25","","",""
"9014","","","","","","","","","","","","","","","","","","","","","","89.51000213623047","89.51000213623047","89.51000213623047"
"9146","","","","83.27999877929688","83.27999877929688","83.27999877929688","","","","","","","","","","","","","","","","","",""
"9147","","","","","","","","","","","","","89.94999694824219","89.94999694824219","89.94999694824219","86.0199966430664","86.0199966430664","86.0199966430664","88.23999786376953","88.23999786376953","88.23999786376953","","",""
"9211","","","","","","","","","","","","","","","","","","","","","","90.3499984741211","90.3499984741211","90.3499984741211"
"9283","","","","83.88999938964844","83.88999938964844","83.88999938964844","","","","","","","","","","","","","","","","","",""
"9284","","","","","","","","","","","","","89.37999725341797","89.37999725341797","89.37999725341797","86.93000030517578","86.93000030517578","86.93000030517578","87.83000183105469","87.83000183105469","87.83000183105469","","",""
"9343","","","","","","","","","","","","","","","","","","","","","","90.29000091552734","90.29000091552734","90.29000091552734"
"9485","","","","82.72000122070312","82.72000122070312","82.72000122070312","","","","","","","","","","","","","","","","","",""
"9486","","","","","","","","","","","","","89.77999877929688","89.77999877929688","89.77999877929688","88.63999938964844","88.63999938964844","88.63999938964844","88.80000305175781","88.80000305175781","88.80000305175781","","",""
"9540","","","","","","","","","","","","","","","","","","","","","","89.2300033569336","89.2300033569336","89.2300033569336"
"9622","","","","84.94999694824219","84.94999694824219","84.94999694824219","","","","","","","","","","","","","","","","","",""
"9623","","","","","","","","","","","","","90.3499984741211","90.3499984741211","90.3499984741211","88.76000213623047","88.76000213623047","88.76000213623047","89.94999694824219","89.94999694824219","89.94999694824219","","",""
"9672","","","","","","","","","","","","","","","","","","","","","","88.77999877929688","88.77999877929688","88.77999877929688"
"9824","","","","84.2699966430664","84.2699966430664","84.2699966430664","","","","","","","","","","","","","","","","","",""
"9825","","","","","","","","","","","","","90.68000030517578","90.68000030517578","90.68000030517578","87.83000183105469","87.83000183105469","87.83000183105469","87.97000122070312","87.97000122070312","87.97000122070312","","",""
"9869","","","","","","","","","","","","","","","","","","","","","","88.68000030517578","88.68000030517578","88.68000030517578"
"9961","","","","84.0199966430664","84.0199966430664","84.0199966430664","","","","","","","","","","","","","","","","","",""
"9962","","","","","","","","","","","","","90.36000061035156","90.36000061035156","90.36000061035156","88.36000061035156","88.36000061035156","88.36000061035156","87.87000274658203","87.87000274658203","87.87000274658203","","",""
"10001","","","","","","","","","","","","","","","","","","","","","","88.93000030517578","88.93000030517578","88.93000030517578"
"10163","","","","83.47000122070312","83.47000122070312","83.47000122070312","","","","","","","","","","","","","","","","","",""
"10164","","","","","","","","","","","","","90.38999938964844","90.38999938964844","90.38999938964844","87.63999938964844","87.63999938964844","87.63999938964844","89.01000213623047","89.01000213623047","89.01000213623047","","",""
"10198","","","","","","","","","","","","","","","","","","","","","","89.75","89.75","89.75"
"10301","","","","","","","","","","","","","90.87999725341797","90.87999725341797","90.87999725341797","88.44999694824219","88.44999694824219","88.44999694824219","90.1500015258789","90.1500015258789","90.1500015258789","","",""
"10330","","","","","","","","","","","","","","","","","","","","","","90.0199966430664","90.0199966430664","90.0199966430664"
"10503","","","","","","","","","","","","","91.05999755859375","91.05999755859375","91.05999755859375","","","","","","","","",""
"10527","","","","","","","","","","","","","","","","","","","","","","88.98999786376953","88.98999786376953","88.98999786376953"
"10571","","","","","","","","","","","","","","","","","","","89.54000091552734","89.54000091552734","89.54000091552734","","",""
"10640","","","","","","","","","","","","","89.95999908447266","89.95999908447266","89.95999908447266","","","","","","","","",""
"10659","","","","","","","","","","","","","","","","","","","","","","89.86000061035156","89.86000061035156","89.86000061035156"
"10698","","","","","","","","","","","","","","","","84.29000091552734","84.29000091552734","84.29000091552734","","","","","",""
"10773","","","","","","","","","","","","","","","","","","","90.08000183105469","90.08000183105469","90.08000183105469","","",""
"10835","","","","","","","","","","","","","","","","87.05999755859375","87.05999755859375","87.05999755859375","","","","","",""
"10842","","","","","","","","","","","","","90.61000061035156","90.61000061035156","90.61000061035156","","","","","","","","",""
"10856","","","","","","","","","","","","","","","","","","","","","","88.94000244140625","88.94000244140625","88.94000244140625"
"10910","","","","","","","","","","","","","","","","","","","89.06999969482422","89.06999969482422","89.06999969482422","","",""
"10988","","","","","","","","","","","","","","","","","","","","","","89.54000091552734","89.54000091552734","89.54000091552734"
"11037","","","","","","","","","","","","","","","","87.5999984741211","87.5999984741211","87.5999984741211","","","","","",""
"11045","","","","","","","","","","","","","89.45999908447266","89.45999908447266","89.45999908447266","","","","","","","","",""
"11112","","","","","","","","","","","","","","","","","","","89.62000274658203","89.62000274658203","89.62000274658203","","",""
"11174","","","","","","","","","","","","","","","","87.91999816894531","87.91999816894531","87.91999816894531","","","","","",""
"11182","","","","","","","","","","","","","89.37999725341797","89.37999725341797","89.37999725341797","","","","","","","","",""
"11185","","","","","","","","","","","","","","","","","","","","","","89.79000091552734","89.79000091552734","89.79000091552734"
"11249","","","","","","","","","","","","","","","","","","","90.23999786376953","90.23999786376953","90.23999786376953","","",""
"11317","","","","","","","","","","","","","","","","","","","","","","88.44000244140625","88.44000244140625","88.44000244140625"
"11376","","","","","","","","","","","","","","","","86.7699966430664","86.7699966430664","86.7699966430664","","","","","",""
"11384","","","","","","","","","","","","","90.2699966430664","90.2699966430664","90.2699966430664","","","","","","","","",""
"11451","","","","","","","","","","","","","","","","","","","87.38999938964844","87.38999938964844","87.38999938964844","","",""
"11513","","","","","","","","","","","","","","","","88.6500015258789","88.6500015258789","88.6500015258789","","","","","",""
"11514","","","","","","","","","","","","","","","","","","","","","","89.72000122070312","89.72000122070312","89.72000122070312"
"11521","","","","","","","","","","","","","90.47000122070312","90.47000122070312","90.47000122070312","","","","","","","","",""
"11588","","","","","","","","","","","","","","","","","","","89.87000274658203","89.87000274658203","89.87000274658203","","",""
"11646","","","","","","","","","","","","","","","","","","","","","","88.7300033569336","88.7300033569336","88.7300033569336"
"11715","","","","","","","","","","","","","","","","88.25","88.25","88.25","","","","","",""
"11723","","","","","","","","","","","","","91.01000213623047","91.01000213623047","91.01000213623047","","","","","","","","",""
"11725","","","","","","","","","","","","","","","","","","","88.87999725341797","88.87999725341797","88.87999725341797","","",""
"11732","","","","","","","","","","","","","","","","","","","88.87999725341797","88.87999725341797","88.87999725341797","","",""
"11843","","","","","","","","","","","","","","","","","","","","","","89.83999633789062","89.83999633789062","89.83999633789062"
"11852","","","","","","","","","","","","","","","","87.16999816894531","87.16999816894531","87.16999816894531","","","","","",""
"11863","","","","","","","","","","","","","","","","","","","86.55999755859375","86.55999755859375","86.55999755859375","","",""
"11870","","","","","","","","","","","","","","","","","","","86.55999755859375","86.55999755859375","86.55999755859375","","",""
"11926","","","","","","","","","","","","","89.70999908447266","89.70999908447266","89.70999908447266","","","","","","","","",""
"11975","","","","","","","","","","","","","","","","","","","","","","89.5","89.5","89.5"
"12054","","","","","","","","","","","","","","","","88.52999877929688","88.52999877929688","88.52999877929688","","","","","",""
"12066","","","","","","","","","","","","","","","","","","","89.13999938964844","89.13999938964844","89.13999938964844","","",""
"12129","","","","","","","","","","","","","87.47000122070312","87.47000122070312","87.47000122070312","","","","","","","","",""
"12172","","","","","","","","","","","","","","","","","","","","","","90.56999969482422","90.56999969482422","90.56999969482422"
"12191","","","","","","","","","","","","","","","","88.45999908447266","88.45999908447266","88.45999908447266","","","","","",""
"12198","","","","","","","","","","","","","","","","88.19999694824219","88.19999694824219","88.19999694824219","","","","","",""
"12203","","","","","","","","","","","","","","","","","","","89.20999908447266","89.20999908447266","89.20999908447266","","",""
"12205","","","","","","","","","","","","","","","","88.19999694824219","88.19999694824219","88.19999694824219","","","","","",""
"12267","","","","","","","","","","","","","90.5199966430664","90.5199966430664","90.5199966430664","","","","","","","","",""
"12271","","","","","","","","","","","","","","","","88.3499984741211","88.3499984741211","88.3499984741211","","","","","",""
"12304","","","","","","","","","","","","","","","","","","","","","","89.70999908447266","89.70999908447266","89.70999908447266"
"12405","","","","","","","","","","","","","","","","","","","90.19000244140625","90.19000244140625","90.19000244140625","","",""
"12469","","","","","","","","","","","","","90.80999755859375","90.80999755859375","90.80999755859375","","","","","","","","",""
"12473","","","","","","","","","","","","","","","","88.01000213623047","88.01000213623047","88.01000213623047","","","","","",""
"12501","","","","","","","","","","","","","","","","","","","","","","89.73999786376953","89.73999786376953","89.73999786376953"
"12542","","","","","","","","","","","","","","","","","","","89.87000274658203","89.87000274658203","89.87000274658203","","",""
"12606","","","","","","","","","","","","","90.83999633789062","90.83999633789062","90.83999633789062","","","","","","","","",""
"12610","","","","","","","","","","","","","","","","87.4800033569336","87.4800033569336","87.4800033569336","","","","","",""
"12633","","","","","","","","","","","","","","","","","","","","","","90.55000305175781","90.55000305175781","90.55000305175781"
"12744","","","","","","","","","","","","","","","","","","","89.5999984741211","89.5999984741211","89.5999984741211","","",""
"12808","","","","","","","","","","","","","90.97000122070312","90.97000122070312","90.97000122070312","","","","","","","","",""
"12812","","","","","","","","","","","","","","","","88.01000213623047","88.01000213623047","88.01000213623047","","","","","",""
"12830","","","","","","","","","","","","","","","","","","","","","","89.58000183105469","89.58000183105469","89.58000183105469"
"12881","","","","","","","","","","","","","","","","","","","89.75","89.75","89.75","","",""
"12945","","","","","","","","","","","","","91.47000122070312","91.47000122070312","91.47000122070312","","","","","","","","",""
"12949","","","","","","","","","","","","","","","","87.55999755859375","87.55999755859375","87.55999755859375","","","","","",""
"12962","","","","","","","","","","","","","","","","","","","","","","88.7699966430664","88.7699966430664","88.7699966430664"
"13083","","","","","","","","","","","","","","","","","","","90","90","90","","",""
"13147","","","","","","","","","","","","","91.6500015258789","91.6500015258789","91.6500015258789","","","","","","","","",""
"13151","","","","","","","","","","","","","","","","87.88999938964844","87.88999938964844","87.88999938964844","","","","","",""
"13159","","","","","","","","","","","","","","","","","","","","","","89.79000091552734","89.79000091552734","89.79000091552734"
"13220","","","","","","","","","","","","","","","","","","","88.98999786376953","88.98999786376953","88.98999786376953","","",""
"13284","","","","","","","","","","","","","92.30999755859375","92.30999755859375","92.30999755859375","","","","","","","","",""
"13288","","","","","","","","","","","","","","","","89.06999969482422","89.06999969482422","89.06999969482422","","","","","",""
"13291","","","","","","","","","","","","","","","","","","","","","","89.72000122070312","89.72000122070312","89.72000122070312"
"13422","","","","","","","","","","","","","","","","","","","90.0199966430664","90.0199966430664","90.0199966430664","","",""
"13486","","","","","","","","","","","","","91.70999908447266","91.70999908447266","91.70999908447266","","","","","","","","",""
"13488","","","","","","","","","","","","","","","","","","","","","","90.88999938964844","90.88999938964844","90.88999938964844"
"13490","","","","","","","","","","","","","","","","88.1500015258789","88.1500015258789","88.1500015258789","","","","","",""
"13559","","","","","","","","","","","","","","","","","","","88.38999938964844","88.38999938964844","88.38999938964844","","",""
"13620","","","","","","","","","","","","","","","","","","","","","","90.23999786376953","90.23999786376953","90.23999786376953"
"13623","","","","","","","","","","","","","90.86000061035156","90.86000061035156","90.86000061035156","","","","","","","","",""
"13627","","","","","","","","","","","","","","","","87.91999816894531","87.91999816894531","87.91999816894531","","","","","",""
"13761","","","","","","","","","","","","","","","","","","","87.62000274658203","87.62000274658203","87.62000274658203","","",""
"13817","","","","","","","","","","","","","","","","","","","","","","90.52999877929688","90.52999877929688","90.52999877929688"
"13825","","","","","","","","","","","","","92.44000244140625","92.44000244140625","92.44000244140625","","","","","","","","",""
"13829","","","","","","","","","","","","","","","","89.51000213623047","89.51000213623047","89.51000213623047","","","","","",""
"13898","","","","","","","","","","","","","","","","","","","89.91999816894531","89.91999816894531","89.91999816894531","","",""
"13949","","","","","","","","","","","","","","","","","","","","","","90.76000213623047","90.76000213623047","90.76000213623047"
"13962","","","","","","","","","","","","","91.48999786376953","91.48999786376953","91.48999786376953","","","","","","","","",""
"13966","","","","","","","","","","","","","","","","88.72000122070312","88.72000122070312","88.72000122070312","","","","","",""
"14100","","","","","","","","","","","","","","","","","","","90.97000122070312","90.97000122070312","90.97000122070312","","",""
"14146","","","","","","","","","","","","","","","","","","","","","","89.16999816894531","89.16999816894531","89.16999816894531"
"14164","","","","","","","","","","","","","90.86000061035156","90.86000061035156","90.86000061035156","","","","","","","","",""
"14168","","","","","","","","","","","","","","","","88.86000061035156","88.86000061035156","88.86000061035156","","","","","",""
"14237","","","","","","","","","","","","","","","","","","","89.79000091552734","89.79000091552734","89.79000091552734","","",""
"14278","","","","","","","","","","","","","","","","","","","","","","89.81999969482422","89.81999969482422","89.81999969482422"
"14301","","","","","","","","","","","","","92","92","92","","","","","","","","",""
"14305","","","","","","","","","","","","","","","","88.2300033569336","88.2300033569336","88.2300033569336","","","","","",""
"14439","","","","","","","","","","","","","","","","","","","89.79000091552734","89.79000091552734","89.79000091552734","","",""
"14475","","","","","","","","","","","","","","","","","","","","","","88.55999755859375","88.55999755859375","88.55999755859375"
"14503","","","","","","","","","","","","","90.19000244140625","90.19000244140625","90.19000244140625","","","","","","","","",""
"14507","","","","","","","","","","","","","","","","89.25","89.25","89.25","","","","","",""
"14576","","","","","","","","","","","","","","","","","","","89.73999786376953","89.73999786376953","89.73999786376953","","",""
"14607","","","","","","","","","","","","","","","","","","","","","","91.38999938964844","91.38999938964844","91.38999938964844"
"14640","","","","","","","","","","","","","90.6500015258789","90.6500015258789","90.6500015258789","","","","","","","","",""
"14644","","","","","","","","","","","","","","","","89.37999725341797","89.37999725341797","89.37999725341797","","","","","",""
"14778","","","","","","","","","","","","","","","","","","","90.13999938964844","90.13999938964844","90.13999938964844","","",""
"14804","","","","","","","","","","","","","","","","","","","","","","90.80999755859375","90.80999755859375","90.80999755859375"
"14842","","","","","","","","","","","","","92.06999969482422","92.06999969482422","92.06999969482422","","","","","","","","",""
"14846","","","","","","","","","","","","","","","","90.63999938964844","90.63999938964844","90.63999938964844","","","","","",""
"14915","","","","","","","","","","","","","","","","","","","87.87000274658203","87.87000274658203","87.87000274658203","","",""
"14936","","","","","","","","","","","","","","","","","","","","","","92.62999725341797","92.62999725341797","92.62999725341797"
"14979","","","","","","","","","","","","","90.44999694824219","90.44999694824219","90.44999694824219","","","","","","","","",""
"14983","","","","","","","","","","","","","","","","90.83999633789062","90.83999633789062","90.83999633789062","","","","","",""
"15117","","","","","","","","","","","","","","","","","","","89.05000305175781","89.05000305175781","89.05000305175781","","",""
"15133","","","","","","","","","","","","","","","","","","","","","","90.19999694824219","90.19999694824219","90.19999694824219"
"15181","","","","","","","","","","","","","91.38999938964844","91.38999938964844","91.38999938964844","","","","","","","","",""
"15185","","","","","","","","","","","","","","","","89.81999969482422","89.81999969482422","89.81999969482422","","","","","",""
"15192","","","","","","","","","","","","","","","","89.81999969482422","89.81999969482422","89.81999969482422","","","","","",""
"15254","","","","","","","","","","","","","","","","","","","90.11000061035156","90.11000061035156","90.11000061035156","","",""
"15265","","","","","","","","","","","","","","","","","","","","","","90.80999755859375","90.80999755859375","90.80999755859375"
"15318","","","","","","","","","","","","","91.66000366210938","91.66000366210938","91.66000366210938","","","","","","","","",""
"15388","","","","","","","","","","","","","","","","90.80000305175781","90.80000305175781","90.80000305175781","","","","","",""
"15456","","","","","","","","","","","","","","","","","","","88","88","88","","",""
"15462","","","","","","","","","","","","","","","","","","","","","","90.2699966430664","90.2699966430664","90.2699966430664"
"15463","","","","","","","","","","","","","","","","","","","88","88","88","","",""
"15520","","","","","","","","","","","","","91.66999816894531","91.66999816894531","91.66999816894531","","","","","","","","",""
"15525","","","","","","","","","","","","","","","","91.19999694824219","91.19999694824219","91.19999694824219","","","","","",""
"15529","","","","","","","","","","","","","","","","","","","83.72000122070312","83.72000122070312","83.72000122070312","","",""
"15594","","","","","","","","","","","","","","","","","","","","","","90.47000122070312","90.47000122070312","90.47000122070312"
"15657","","","","","","","","","","","","","90.87999725341797","90.87999725341797","90.87999725341797","","","","","","","","",""
"15666","","","","","","","","","","","","","","","","","","","89.87000274658203","89.87000274658203","89.87000274658203","","",""
"15727","","","","","","","","","","","","","","","","89.5999984741211","89.5999984741211","89.5999984741211","","","","","",""
"15791","","","","","","","","","","","","","","","","","","","","","","90.63999938964844","90.63999938964844","90.63999938964844"
"15859","","","","","","","","","","","","","91.81999969482422","91.81999969482422","91.81999969482422","","","","","","","","",""
"15864","","","","","","","","","","","","","","","","90.0999984741211","90.0999984741211","90.0999984741211","","","","","",""
"15868","","","","","","","","","","","","","","","","","","","90.19999694824219","90.19999694824219","90.19999694824219","","",""
"15923","","","","","","","","","","","","","","","","","","","","","","90.0999984741211","90.0999984741211","90.0999984741211"
"15925","","","","","","","","","","","","","","","","","","","","","","90.0999984741211","90.0999984741211","90.0999984741211"
"15996","","","","","","","","","","","","","91.13999938964844","91.13999938964844","91.13999938964844","","","","","","","","",""
"16005","","","","","","","","","","","","","","","","","","","89.33999633789062","89.33999633789062","89.33999633789062","","",""
"16066","","","","","","","","","","","","","","","","88.69999694824219","88.69999694824219","88.69999694824219","","","","","",""
"16198","","","","","","","","","","","","","91.36000061035156","91.36000061035156","91.36000061035156","","","","","","","","",""
"16203","","","","","","","","","","","","","","","","88.68000030517578","88.68000030517578","88.68000030517578","","","","","",""
"16207","","","","","","","","","","","","","","","","","","","89.56999969482422","89.56999969482422","89.56999969482422","","",""
"16335","","","","","","","","","","","","","92","92","92","","","","","","","","",""
"16344","","","","","","","","","","","","","","","","","","","90.77999877929688","90.77999877929688","90.77999877929688","","",""
"16405","","","","","","","","","","","","","","","","89.72000122070312","89.72000122070312","89.72000122070312","","","","","",""
"16537","","","","","","","","","","","","","92.43000030517578","92.43000030517578","92.43000030517578","","","","","","","","",""
"16542","","","","","","","","","","","","","","","","89.44999694824219","89.44999694824219","89.44999694824219","","","","","",""
"16546","","","","","","","","","","","","","","","","","","","90.93000030517578","90.93000030517578","90.93000030517578","","",""
"16674","","","","","","","","","","","","","90.75","90.75","90.75","","","","","","","","",""
"16683","","","","","","","","","","","","","","","","","","","88.3499984741211","88.3499984741211","88.3499984741211","","",""
"16744","","","","","","","","","","","","","","","","90.0999984741211","90.0999984741211","90.0999984741211","","","","","",""
"16876","","","","","","","","","","","","","91.80999755859375","91.80999755859375","91.80999755859375","","","","","","","","",""
"16881","","","","","","","","","","","","","","","","88.20999908447266","88.20999908447266","88.20999908447266","","","","","",""
"16885","","","","","","","","","","","","","","","","","","","88.5999984741211","88.5999984741211","88.5999984741211","","",""
"16888","","","","","","","","","","","","","","","","88.20999908447266","88.20999908447266","88.20999908447266","","","","","",""
"16892","","","","","","","","","","","","","","","","","","","88.5999984741211","88.5999984741211","88.5999984741211","","",""
"17013","","","","","","","","","","","","","91.48999786376953","91.48999786376953","91.48999786376953","","","","","","","","",""
"17215","","","","","","","","","","","","","91.47000122070312","91.47000122070312","91.47000122070312","","","","","","","","",""
"17352","","","","","","","","","","","","","89.01000213623047","89.01000213623047","89.01000213623047","","","","","","","","",""
"17554","","","","","","","","","","","","","91.69000244140625","91.69000244140625","91.69000244140625","","","","","","","","",""
"17691","","","","","","","","","","","","","91.5","91.5","91.5","","","","","","","","",""
"17893","","","","","","","","","","","","","91.01000213623047","91.01000213623047","91.01000213623047","","","","","","","","",""
"18030","","","","","","","","","","","","","90.55999755859375","90.55999755859375","90.55999755859375","","","","","","","","",""