"Step","Group: text10-vision0 - evaluation/blimp_average","Group: text10-vision0 - evaluation/blimp_average__MIN","Group: text10-vision0 - evaluation/blimp_average__MAX","Group: text1-vision0 - evaluation/blimp_average","Group: text1-vision0 - evaluation/blimp_average__MIN","Group: text1-vision0 - evaluation/blimp_average__MAX","Group: text1-vision100 - evaluation/blimp_average","Group: text1-vision100 - evaluation/blimp_average__MIN","Group: text1-vision100 - evaluation/blimp_average__MAX","Group: text1-vision10 - evaluation/blimp_average","Group: text1-vision10 - evaluation/blimp_average__MIN","Group: text1-vision10 - evaluation/blimp_average__MAX","Group: text1-vision1 - evaluation/blimp_average","Group: text1-vision1 - evaluation/blimp_average__MIN","Group: text1-vision1 - evaluation/blimp_average__MAX","Group: text10-vision1 - evaluation/blimp_average","Group: text10-vision1 - evaluation/blimp_average__MIN","Group: text10-vision1 - evaluation/blimp_average__MAX","Group: text10-vision10 - evaluation/blimp_average","Group: text10-vision10 - evaluation/blimp_average__MIN","Group: text10-vision10 - evaluation/blimp_average__MAX","Group: text10-vision100 - evaluation/blimp_average","Group: text10-vision100 - evaluation/blimp_average__MIN","Group: text10-vision100 - evaluation/blimp_average__MAX"
"130","51.764583587646484","49.13999938964844","54.38916778564453","50.90958213806152","48.461666107177734","53.35749816894531","53.03666687011719","53.03666687011719","53.03666687011719","53.595001220703125","53.595001220703125","53.595001220703125","50.169166564941406","50.169166564941406","50.169166564941406","51.52083206176758","51.52083206176758","51.52083206176758","","","","","",""
"131","48.727500915527344","48.727500915527344","48.727500915527344","","","","","","","","","","","","","","","","48.61916732788086","48.61916732788086","48.61916732788086","48.34333419799805","48.34333419799805","48.34333419799805"
"327","52.475833892822266","50.70500183105469","54.246665954589844","52.13874816894531","51.73249816894531","52.54499816894531","","","","","","","","","","","","","","","","","",""
"328","51.96666717529297","51.96666717529297","51.96666717529297","","","","","","","","","","","","","","","","","","","","",""
"332","","","","","","","53.1775016784668","53.1775016784668","53.1775016784668","53.28666687011719","53.28666687011719","53.28666687011719","52.100833892822266","52.100833892822266","52.100833892822266","54.60916519165039","54.60916519165039","54.60916519165039","","","","","",""
"333","","","","","","","","","","","","","","","","","","","52.38916778564453","52.38916778564453","52.38916778564453","51.87333297729492","51.87333297729492","51.87333297729492"
"459","52.87583351135254","52.14500045776367","53.606666564941406","53.18291664123535","52.92499923706055","53.440834045410156","","","","","","","","","","","","","","","","","",""
"460","53.18333435058594","53.18333435058594","53.18333435058594","","","","","","","","","","","","","","","","","","","","",""
"469","","","","","","","53.4908332824707","53.4908332824707","53.4908332824707","54.23666763305664","54.23666763305664","54.23666763305664","52.397499084472656","52.397499084472656","52.397499084472656","52.374168395996094","52.374168395996094","52.374168395996094","","","","","",""
"470","","","","","","","","","","","","","","","","","","","53.522499084472656","53.522499084472656","53.522499084472656","54.032501220703125","54.032501220703125","54.032501220703125"
"656","52.06416702270508","51.897499084472656","52.2308349609375","52.260833740234375","52.10499954223633","52.41666793823242","","","","","","","","","","","","","","","","","",""
"657","52.48666763305664","52.48666763305664","52.48666763305664","","","","","","","","","","","","","","","","","","","","",""
"671","","","","","","","51.51583480834961","51.51583480834961","51.51583480834961","52.2216682434082","52.2216682434082","52.2216682434082","51.7400016784668","51.7400016784668","51.7400016784668","52.689998626708984","52.689998626708984","52.689998626708984","","","","","",""
"672","","","","","","","","","","","","","","","","","","","52.214168548583984","52.214168548583984","52.214168548583984","52.05083465576172","52.05083465576172","52.05083465576172"
"788","52.89041709899902","51.9183349609375","53.86249923706055","54.141666412353516","53.9566650390625","54.32666778564453","","","","","","","","","","","","","","","","","",""
"789","54.4658317565918","54.4658317565918","54.4658317565918","","","","","","","","","","","","","","","","","","","","",""
"808","","","","","","","51.38833236694336","51.38833236694336","51.38833236694336","52.839168548583984","52.839168548583984","52.839168548583984","53.45249938964844","53.45249938964844","53.45249938964844","54.72416687011719","54.72416687011719","54.72416687011719","","","","","",""
"809","","","","","","","","","","","","","","","","","","","51.43916702270508","51.43916702270508","51.43916702270508","53.14583206176758","53.14583206176758","53.14583206176758"
"985","54.00541687011719","52.40999984741211","55.600833892822266","55.11333465576172","55.089168548583984","55.13750076293945","","","","","","","","","","","","","","","","","",""
"986","55.378334045410156","55.378334045410156","55.378334045410156","","","","","","","","","","","","","","","","","","","","",""
"1010","","","","","","","53.54666519165039","53.54666519165039","53.54666519165039","52.63666534423828","52.63666534423828","52.63666534423828","53.2400016784668","53.2400016784668","53.2400016784668","55.5","55.5","55.5","","","","","",""
"1011","","","","","","","","","","","","","","","","","","","53.788333892822266","53.788333892822266","53.788333892822266","54.475833892822266","54.475833892822266","54.475833892822266"
"1117","54.308332443237305","52.91749954223633","55.69916534423828","54.850833892822266","54.38999938964844","55.311668395996094","","","","","","","","","","","","","","","","","",""
"1118","55.64250183105469","55.64250183105469","55.64250183105469","","","","","","","","","","","","","","","","","","","","",""
"1147","","","","","","","53.42250061035156","53.42250061035156","53.42250061035156","54.926666259765625","54.926666259765625","54.926666259765625","55.30083465576172","55.30083465576172","55.30083465576172","55.77166748046875","55.77166748046875","55.77166748046875","","","","","",""
"1148","","","","","","","","","","","","","","","","","","","55.57666778564453","55.57666778564453","55.57666778564453","56.01499938964844","56.01499938964844","56.01499938964844"
"1314","54.12583351135254","53.72916793823242","54.522499084472656","54.64041709899902","54.16666793823242","55.114166259765625","","","","","","","","","","","","","","","","","",""
"1315","54.60333251953125","54.60333251953125","54.60333251953125","","","","","","","","","","","","","","","","","","","","",""
"1349","","","","","","","54.1974983215332","54.1974983215332","54.1974983215332","54.88666534423828","54.88666534423828","54.88666534423828","55.624168395996094","55.624168395996094","55.624168395996094","56.13083267211914","56.13083267211914","56.13083267211914","","","","","",""
"1350","","","","","","","","","","","","","","","","","","","56.22083282470703","56.22083282470703","56.22083282470703","55.80083465576172","55.80083465576172","55.80083465576172"
"1446","54.67583465576172","54.40583419799805","54.94583511352539","54.70833206176758","54.272499084472656","55.1441650390625","","","","","","","","","","","","","","","","","",""
"1447","54.185001373291016","54.185001373291016","54.185001373291016","","","","","","","","","","","","","","","","","","","","",""
"1486","","","","","","","53.72083282470703","53.72083282470703","53.72083282470703","55.03333282470703","55.03333282470703","55.03333282470703","55.45083236694336","55.45083236694336","55.45083236694336","56.2400016784668","56.2400016784668","56.2400016784668","","","","","",""
"1487","","","","","","","","","","","","","","","","","","","55.5","55.5","55.5","55.98833465576172","55.98833465576172","55.98833465576172"
"1643","55.86250114440918","55.26750183105469","56.45750045776367","55.71958351135254","55.525001525878906","55.91416549682617","","","","","","","","","","","","","","","","","",""
"1644","55.89250183105469","55.89250183105469","55.89250183105469","","","","","","","","","","","","","","","","","","","","",""
"1688","","","","","","","54.13916778564453","54.13916778564453","54.13916778564453","54.40583419799805","54.40583419799805","54.40583419799805","55.266666412353516","55.266666412353516","55.266666412353516","58.85416793823242","58.85416793823242","58.85416793823242","","","","","",""
"1689","","","","","","","","","","","","","","","","","","","55.81999969482422","55.81999969482422","55.81999969482422","55.22916793823242","55.22916793823242","55.22916793823242"
"1775","56.31999969482422","55.49833297729492","57.141666412353516","56.94958305358887","56.682498931884766","57.21666717529297","","","","","","","","","","","","","","","","","",""
"1776","57.46083450317383","57.46083450317383","57.46083450317383","","","","","","","","","","","","","","","","","","","","",""
"1825","","","","","","","55.720001220703125","55.720001220703125","55.720001220703125","54.899166107177734","54.899166107177734","54.899166107177734","57.31833267211914","57.31833267211914","57.31833267211914","59.372501373291016","59.372501373291016","59.372501373291016","","","","","",""
"1826","","","","","","","","","","","","","","","","","","","54.010833740234375","54.010833740234375","54.010833740234375","54.88083267211914","54.88083267211914","54.88083267211914"
"1972","57.4829158782959","56.9908332824707","57.974998474121094","58.09083366394043","58.003334045410156","58.1783332824707","","","","","","","","","","","","","","","","","",""
"1973","59.48249816894531","59.48249816894531","59.48249816894531","","","","","","","","","","","","","","","","","","","","",""
"2027","","","","","","","57.27916717529297","57.27916717529297","57.27916717529297","56.62666702270508","56.62666702270508","56.62666702270508","58.74416732788086","58.74416732788086","58.74416732788086","60.44333267211914","60.44333267211914","60.44333267211914","","","","","",""
"2028","","","","","","","","","","","","","","","","","","","55.02333450317383","55.02333450317383","55.02333450317383","55.99416732788086","55.99416732788086","55.99416732788086"
"2104","58.52833366394043","58.19583511352539","58.86083221435547","58.811248779296875","58.779998779296875","58.842498779296875","","","","","","","","","","","","","","","","","",""
"2105","60.48583221435547","60.48583221435547","60.48583221435547","","","","","","","","","","","","","","","","","","","","",""
"2164","","","","","","","58.22416687011719","58.22416687011719","58.22416687011719","57.880001068115234","57.880001068115234","57.880001068115234","59.21333312988281","59.21333312988281","59.21333312988281","61.970001220703125","61.970001220703125","61.970001220703125","","","","","",""
"2165","","","","","","","","","","","","","","","","","","","56.26499938964844","56.26499938964844","56.26499938964844","57.290000915527344","57.290000915527344","57.290000915527344"
"2301","59.33125114440918","58.7400016784668","59.92250061035156","59.277082443237305","58.99333190917969","59.56083297729492","","","","","","","","","","","","","","","","","",""
"2302","61.03916549682617","61.03916549682617","61.03916549682617","","","","","","","","","","","","","","","","","","","","",""
"2366","","","","","","","59.22666549682617","59.22666549682617","59.22666549682617","59.78666687011719","59.78666687011719","59.78666687011719","59.06916809082031","59.06916809082031","59.06916809082031","62.74583435058594","62.74583435058594","62.74583435058594","","","","","",""
"2367","","","","","","","","","","","","","","","","","","","58.99583435058594","58.99583435058594","58.99583435058594","58.88833236694336","58.88833236694336","58.88833236694336"
"2433","60.0887508392334","59.464168548583984","60.71333312988281","60.094167709350586","59.99250030517578","60.19583511352539","","","","","","","","","","","","","","","","","",""
"2434","61.249168395996094","61.249168395996094","61.249168395996094","","","","","","","","","","","","","","","","","","","","",""
"2503","","","","","","","60.16999816894531","60.16999816894531","60.16999816894531","59.224998474121094","59.224998474121094","59.224998474121094","60.41749954223633","60.41749954223633","60.41749954223633","63.253334045410156","63.253334045410156","63.253334045410156","","","","","",""
"2504","","","","","","","","","","","","","","","","","","","59.7691650390625","59.7691650390625","59.7691650390625","59.32666778564453","59.32666778564453","59.32666778564453"
"2630","60.6391658782959","59.750831604003906","61.52750015258789","60.74749946594238","60.375831604003906","61.11916732788086","","","","","","","","","","","","","","","","","",""
"2631","61.69916534423828","61.69916534423828","61.69916534423828","","","","","","","","","","","","","","","","","","","","",""
"2705","","","","","","","61.08250045776367","61.08250045776367","61.08250045776367","61.192501068115234","61.192501068115234","61.192501068115234","59.58333206176758","59.58333206176758","59.58333206176758","63.900001525878906","63.900001525878906","63.900001525878906","","","","","",""
"2706","","","","","","","","","","","","","","","","","","","60.420833587646484","60.420833587646484","60.420833587646484","60.23416519165039","60.23416519165039","60.23416519165039"
"2762","60.99333381652832","60.89250183105469","61.09416580200195","61.813751220703125","61.30083465576172","62.32666778564453","","","","","","","","","","","","","","","","","",""
"2763","61.49166488647461","61.49166488647461","61.49166488647461","","","","","","","","","","","","","","","","","","","","",""
"2842","","","","","","","61.38166809082031","61.38166809082031","61.38166809082031","61.31833267211914","61.31833267211914","61.31833267211914","61.81083297729492","61.81083297729492","61.81083297729492","64.2125015258789","64.2125015258789","64.2125015258789","","","","","",""
"2843","","","","","","","","","","","","","","","","","","","60.836666107177734","60.836666107177734","60.836666107177734","59.625831604003906","59.625831604003906","59.625831604003906"
"2959","62.05291557312012","61.662498474121094","62.44333267211914","61.35624885559082","60.91583251953125","61.79666519165039","","","","","","","","","","","","","","","","","",""
"2960","62.82500076293945","62.82500076293945","62.82500076293945","","","","","","","","","","","","","","","","","","","","",""
"3044","","","","","","","61.910831451416016","61.910831451416016","61.910831451416016","62.141666412353516","62.141666412353516","62.141666412353516","61.72999954223633","61.72999954223633","61.72999954223633","64.49250030517578","64.49250030517578","64.49250030517578","","","","","",""
"3045","","","","","","","","","","","","","","","","","","","61.474998474121094","61.474998474121094","61.474998474121094","60.77333450317383","60.77333450317383","60.77333450317383"
"3091","62.889583587646484","62.151668548583984","63.627498626708984","62.82374954223633","62.79916763305664","62.848331451416016","","","","","","","","","","","","","","","","","",""
"3092","62.959999084472656","62.959999084472656","62.959999084472656","","","","","","","","","","","","","","","","","","","","",""
"3181","","","","","","","61.782501220703125","61.782501220703125","61.782501220703125","61.59583282470703","61.59583282470703","61.59583282470703","63.4283332824707","63.4283332824707","63.4283332824707","64.84500122070312","64.84500122070312","64.84500122070312","","","","","",""
"3182","","","","","","","","","","","","","","","","","","","62.858333587646484","62.858333587646484","62.858333587646484","62.94333267211914","62.94333267211914","62.94333267211914"
"3288","63.011667251586914","62.815834045410156","63.20750045776367","62.68874931335449","62.18583297729492","63.19166564941406","","","","","","","","","","","","","","","","","",""
"3289","64.1050033569336","64.1050033569336","64.1050033569336","","","","","","","","","","","","","","","","","","","","",""
"3383","","","","","","","62.899166107177734","62.899166107177734","62.899166107177734","61.997501373291016","61.997501373291016","61.997501373291016","61.529998779296875","61.529998779296875","61.529998779296875","65.88416290283203","65.88416290283203","65.88416290283203","","","","","",""
"3384","","","","","","","","","","","","","","","","","","","63.36249923706055","63.36249923706055","63.36249923706055","61.14250183105469","61.14250183105469","61.14250183105469"
"3420","63.80083465576172","63.45249938964844","64.149169921875","63.38333320617676","63.18083190917969","63.58583450317383","","","","","","","","","","","","","","","","","",""
"3421","64.65416717529297","64.65416717529297","64.65416717529297","","","","","","","","","","","","","","","","","","","","",""
"3520","","","","","","","62.13666534423828","62.13666534423828","62.13666534423828","62.86166763305664","62.86166763305664","62.86166763305664","63.584999084472656","63.584999084472656","63.584999084472656","66.53166961669922","66.53166961669922","66.53166961669922","","","","","",""
"3521","","","","","","","","","","","","","","","","","","","63.38333511352539","63.38333511352539","63.38333511352539","62.108333587646484","62.108333587646484","62.108333587646484"
"3617","64.33625030517578","64.12916564941406","64.5433349609375","63.46791648864746","63.342498779296875","63.59333419799805","","","","","","","","","","","","","","","","","",""
"3618","65.04666900634766","65.04666900634766","65.04666900634766","","","","","","","","","","","","","","","","","","","","",""
"3722","","","","","","","63.54833221435547","63.54833221435547","63.54833221435547","63.21333312988281","63.21333312988281","63.21333312988281","63.78166580200195","63.78166580200195","63.78166580200195","66.55750274658203","66.55750274658203","66.55750274658203","","","","","",""
"3723","","","","","","","","","","","","","","","","","","","64.35832977294922","64.35832977294922","64.35832977294922","64.08916473388672","64.08916473388672","64.08916473388672"
"3749","64.5495834350586","64.25666809082031","64.84249877929688","63.80791473388672","63.58833312988281","64.02749633789062","","","","","","","","","","","","","","","","","",""
"3750","66.20833587646484","66.20833587646484","66.20833587646484","","","","","","","","","","","","","","","","","","","","",""
"3859","","","","","","","63.5191650390625","63.5191650390625","63.5191650390625","62.628334045410156","62.628334045410156","62.628334045410156","63.31666564941406","63.31666564941406","63.31666564941406","66.55333709716797","66.55333709716797","66.55333709716797","","","","","",""
"3860","","","","","","","","","","","","","","","","","","","64.45500183105469","64.45500183105469","64.45500183105469","63.690834045410156","63.690834045410156","63.690834045410156"
"3946","65.15583419799805","64.6058349609375","65.7058334350586","64.55166625976562","64.21416473388672","64.88916778564453","","","","","","","","","","","","","","","","","",""
"3947","67.23833465576172","67.23833465576172","67.23833465576172","","","","","","","","","","","","","","","","","","","","",""
"4061","","","","","","","63.563331604003906","63.563331604003906","63.563331604003906","62.71500015258789","62.71500015258789","62.71500015258789","63.47249984741211","63.47249984741211","63.47249984741211","66.27249908447266","66.27249908447266","66.27249908447266","","","","","",""
"4062","","","","","","","","","","","","","","","","","","","64.40499877929688","64.40499877929688","64.40499877929688","62.936668395996094","62.936668395996094","62.936668395996094"
"4078","66.03583526611328","65.97333526611328","66.09833526611328","63.8025016784668","63.52916717529297","64.07583618164062","","","","","","","","","","","","","","","","","",""
"4079","67.14250183105469","67.14250183105469","67.14250183105469","","","","","","","","","","","","","","","","","","","","",""
"4198","","","","","","","63.970001220703125","63.970001220703125","63.970001220703125","62.67416763305664","62.67416763305664","62.67416763305664","63.99250030517578","63.99250030517578","63.99250030517578","66.9000015258789","66.9000015258789","66.9000015258789","","","","","",""
"4199","","","","","","","","","","","","","","","","","","","65.25916290283203","65.25916290283203","65.25916290283203","64.55999755859375","64.55999755859375","64.55999755859375"
"4275","66.03666687011719","65.4375","66.63583374023438","63.64999961853027","63.315834045410156","63.98416519165039","","","","","","","","","","","","","","","","","",""
"4276","67.02916717529297","67.02916717529297","67.02916717529297","","","","","","","","","","","","","","","","","","","","",""
"4400","","","","","","","64.17666625976562","64.17666625976562","64.17666625976562","62.70333480834961","62.70333480834961","62.70333480834961","63.750831604003906","63.750831604003906","63.750831604003906","66.49166870117188","66.49166870117188","66.49166870117188","","","","","",""
"4401","","","","","","","","","","","","","","","","","","","65.0824966430664","65.0824966430664","65.0824966430664","64.15333557128906","64.15333557128906","64.15333557128906"
"4407","66.14874649047852","65.3324966430664","66.96499633789062","64.24958419799805","64.24500274658203","64.25416564941406","","","","","","","","","","","","","","","","","",""
"4408","67.09083557128906","67.09083557128906","67.09083557128906","","","","","","","","","","","","","","","","","","","","",""
"4537","","","","","","","64.63166809082031","64.63166809082031","64.63166809082031","63.46916580200195","63.46916580200195","63.46916580200195","","","","66.99083709716797","66.99083709716797","66.99083709716797","","","","","",""
"4538","","","","","","","","","","","","","","","","","","","65.8941650390625","65.8941650390625","65.8941650390625","63.934165954589844","63.934165954589844","63.934165954589844"
"4604","66.43583297729492","66.3758316040039","66.49583435058594","63.95708084106445","63.6441650390625","64.2699966430664","","","","","","","","","","","","","","","","","",""
"4605","67.9124984741211","67.9124984741211","67.9124984741211","","","","","","","","","","","","","","","","","","","","",""
"4668","","","","","","","","","","","","","63.189998626708984","63.189998626708984","63.189998626708984","","","","","","","","",""
"4736","66.71916961669922","66.70417022705078","66.73416900634766","63.63708305358887","63.599998474121094","63.67416763305664","","","","","","","","","","","","","","","","","",""
"4737","67.9749984741211","67.9749984741211","67.9749984741211","","","","","","","","","","","","","","","","","","","","",""
"4739","","","","","","","64.94916534423828","64.94916534423828","64.94916534423828","63.938331604003906","63.938331604003906","63.938331604003906","","","","67.56999969482422","67.56999969482422","67.56999969482422","","","","","",""
"4740","","","","","","","","","","","","","","","","","","","66.43250274658203","66.43250274658203","66.43250274658203","64.28333282470703","64.28333282470703","64.28333282470703"
"4870","","","","","","","","","","","","","64.70083618164062","64.70083618164062","64.70083618164062","","","","","","","","",""
"4876","","","","","","","64.5250015258789","64.5250015258789","64.5250015258789","63.31083297729492","63.31083297729492","63.31083297729492","","","","68.27666473388672","68.27666473388672","68.27666473388672","","","","","",""
"4877","","","","","","","","","","","","","","","","","","","66.35166931152344","66.35166931152344","66.35166931152344","65.40333557128906","65.40333557128906","65.40333557128906"
"4933","66.88624954223633","66.21499633789062","67.55750274658203","63.737083435058594","63.5716667175293","63.90250015258789","","","","","","","","","","","","","","","","","",""
"4934","68.09083557128906","68.09083557128906","68.09083557128906","","","","","","","","","","","","","","","","","","","","",""
"5007","","","","","","","","","","","","","63.279998779296875","63.279998779296875","63.279998779296875","","","","","","","","",""
"5065","66.99333572387695","66.36250305175781","67.6241683959961","63.5845832824707","63.29999923706055","63.86916732788086","","","","","","","","","","","","","","","","","",""
"5066","67.8941650390625","67.8941650390625","67.8941650390625","","","","","","","","","","","","","","","","","","","","",""
"5078","","","","","","","64.11666870117188","64.11666870117188","64.11666870117188","62.87333297729492","62.87333297729492","62.87333297729492","","","","67.5808334350586","67.5808334350586","67.5808334350586","","","","","",""
"5079","","","","","","","","","","","","","","","","","","","66.55999755859375","66.55999755859375","66.55999755859375","64.93333435058594","64.93333435058594","64.93333435058594"
"5209","","","","","","","","","","","","","63.92333221435547","63.92333221435547","63.92333221435547","","","","","","","","",""
"5215","","","","","","","64.6441650390625","64.6441650390625","64.6441650390625","62.8316650390625","62.8316650390625","62.8316650390625","","","","67.85416412353516","67.85416412353516","67.85416412353516","","","","","",""
"5216","","","","","","","","","","","","","","","","","","","66.26166534423828","66.26166534423828","66.26166534423828","65.1624984741211","65.1624984741211","65.1624984741211"
"5262","67.29666519165039","66.54499816894531","68.04833221435547","62.88750076293945","62.81999969482422","62.95500183105469","","","","","","","","","","","","","","","","","",""
"5263","68.07499694824219","68.07499694824219","68.07499694824219","","","","","","","","","","","","","","","","","","","","",""
"5264","","","","62.95500183105469","62.95500183105469","62.95500183105469","","","","","","","","","","","","","","","","","",""
"5346","","","","","","","","","","","","","63.983333587646484","63.983333587646484","63.983333587646484","","","","","","","","",""
"5394","67.03166580200195","67.00916290283203","67.05416870117188","63.33333206176758","63.33333206176758","63.33333206176758","","","","","","","","","","","","","","","","","",""
"5395","68.38749694824219","68.38749694824219","68.38749694824219","","","","","","","","","","","","","","","","","","","","",""
"5417","","","","","","","64.48416900634766","64.48416900634766","64.48416900634766","62.84749984741211","62.84749984741211","62.84749984741211","","","","67.9574966430664","67.9574966430664","67.9574966430664","","","","","",""
"5418","","","","","","","","","","","","","","","","","","","66.41583251953125","66.41583251953125","66.41583251953125","66.47250366210938","66.47250366210938","66.47250366210938"
"5548","","","","","","","","","","","","","63.787498474121094","63.787498474121094","63.787498474121094","","","","","","","","",""
"5554","","","","","","","65.19833374023438","65.19833374023438","65.19833374023438","63.16999816894531","63.16999816894531","63.16999816894531","","","","68.73416900634766","68.73416900634766","68.73416900634766","","","","","",""
"5555","","","","","","","","","","","","","","","","","","","67.336669921875","67.336669921875","67.336669921875","66.0999984741211","66.0999984741211","66.0999984741211"
"5591","67.89666748046875","67.80833435058594","67.98500061035156","","","","","","","","","","","","","","","","","","","","",""
"5592","69.38999938964844","69.38999938964844","69.38999938964844","","","","","","","","","","","","","","","","","","","","",""
"5685","","","","","","","","","","","","","64.09916687011719","64.09916687011719","64.09916687011719","","","","","","","","",""
"5723","67.31208419799805","66.56500244140625","68.05916595458984","","","","","","","","","","","","","","","","","","","","",""
"5724","67.97750091552734","67.97750091552734","67.97750091552734","","","","","","","","","","","","","","","","","","","","",""
"5756","","","","","","","65.17500305175781","65.17500305175781","65.17500305175781","62.621665954589844","62.621665954589844","62.621665954589844","","","","68.3183364868164","68.3183364868164","68.3183364868164","","","","","",""
"5757","","","","","","","","","","","","","","","","","","","66.75416564941406","66.75416564941406","66.75416564941406","65.93333435058594","65.93333435058594","65.93333435058594"
"5887","","","","","","","","","","","","","64.17333221435547","64.17333221435547","64.17333221435547","","","","","","","","",""
"5893","","","","","","","63.95833206176758","63.95833206176758","63.95833206176758","63.4566650390625","63.4566650390625","63.4566650390625","","","","68.35749816894531","68.35749816894531","68.35749816894531","","","","","",""
"5894","","","","","","","","","","","","","","","","","","","67.10832977294922","67.10832977294922","67.10832977294922","66.70999908447266","66.70999908447266","66.70999908447266"
"5920","67.77000045776367","67.29916381835938","68.24083709716797","","","","","","","","","","","","","","","","","","","","",""
"5921","69.0199966430664","69.0199966430664","69.0199966430664","","","","","","","","","","","","","","","","","","","","",""
"6024","","","","","","","","","","","","","64.5433349609375","64.5433349609375","64.5433349609375","","","","","","","","",""
"6052","67.28041458129883","67.15249633789062","67.40833282470703","","","","","","","","","","","","","","","","","","","","",""
"6053","68.93583679199219","68.93583679199219","68.93583679199219","","","","","","","","","","","","","","","","","","","","",""
"6095","","","","","","","64.05833435058594","64.05833435058594","64.05833435058594","62.82833480834961","62.82833480834961","62.82833480834961","","","","68.35749816894531","68.35749816894531","68.35749816894531","","","","","",""
"6096","","","","","","","","","","","","","","","","","","","67.72000122070312","67.72000122070312","67.72000122070312","66.63333129882812","66.63333129882812","66.63333129882812"
"6226","","","","","","","","","","","","","65.35250091552734","65.35250091552734","65.35250091552734","","","","","","","","",""
"6232","","","","","","","64.38749694824219","64.38749694824219","64.38749694824219","63.962501525878906","63.962501525878906","63.962501525878906","","","","","","","","","","","",""
"6233","","","","","","","","","","","","","","","","68.07166290283203","68.07166290283203","68.07166290283203","67.11666870117188","67.11666870117188","67.11666870117188","66.67833709716797","66.67833709716797","66.67833709716797"
"6249","68.04750061035156","67.93083190917969","68.16416931152344","","","","","","","","","","","","","","","","","","","","",""
"6250","69.59333038330078","69.59333038330078","69.59333038330078","","","","","","","","","","","","","","","","","","","","",""
"6363","","","","","","","","","","","","","64.69916534423828","64.69916534423828","64.69916534423828","","","","","","","","",""
"6381","67.99541854858398","67.07917022705078","68.91166687011719","","","","","","","","","","","","","","","","","","","","",""
"6382","68.83583068847656","68.83583068847656","68.83583068847656","","","","","","","","","","","","","","","","","","","","",""
"6434","","","","","","","64.36499786376953","64.36499786376953","64.36499786376953","64.06749725341797","64.06749725341797","64.06749725341797","","","","","","","","","","","",""
"6435","","","","","","","","","","","","","","","","67.75916290283203","67.75916290283203","67.75916290283203","67.7441635131836","67.7441635131836","67.7441635131836","67.12083435058594","67.12083435058594","67.12083435058594"
"6565","","","","","","","","","","","","","64.78416442871094","64.78416442871094","64.78416442871094","","","","","","","","",""
"6571","","","","","","","64.41500091552734","64.41500091552734","64.41500091552734","64.20417022705078","64.20417022705078","64.20417022705078","","","","","","","","","","","",""
"6572","","","","","","","","","","","","","","","","68.31583404541016","68.31583404541016","68.31583404541016","67.72000122070312","67.72000122070312","67.72000122070312","67.71749877929688","67.71749877929688","67.71749877929688"
"6578","67.875","67.09166717529297","68.65833282470703","","","","","","","","","","","","","","","","","","","","",""
"6579","69.55916595458984","69.55916595458984","69.55916595458984","","","","","","","","","","","","","","","","","","","","",""
"6702","","","","","","","","","","","","","65.59833526611328","65.59833526611328","65.59833526611328","","","","","","","","",""
"6710","68.67416763305664","67.63916778564453","69.70916748046875","","","","","","","","","","","","","","","","","","","","",""
"6711","68.74583435058594","68.74583435058594","68.74583435058594","","","","","","","","","","","","","","","","","","","","",""
"6773","","","","","","","63.64583206176758","63.64583206176758","63.64583206176758","63.619998931884766","63.619998931884766","63.619998931884766","","","","","","","","","","","",""
"6774","","","","","","","","","","","","","","","","68.37999725341797","68.37999725341797","68.37999725341797","67.20083618164062","67.20083618164062","67.20083618164062","67.01667022705078","67.01667022705078","67.01667022705078"
"6904","","","","","","","","","","","","","64.7066650390625","64.7066650390625","64.7066650390625","","","","","","","","",""
"6907","68.56999969482422","67.9383316040039","69.20166778564453","","","","","","","","","","","","","","","","","","","","",""
"6908","68.69416809082031","68.69416809082031","68.69416809082031","","","","","","","","","","","","","","","","","","","","",""
"6910","","","","","","","64.6683349609375","64.6683349609375","64.6683349609375","64.04000091552734","64.04000091552734","64.04000091552734","","","","","","","","","","","",""
"6911","","","","","","","","","","","","","","","","68.28250122070312","68.28250122070312","68.28250122070312","67.03083038330078","67.03083038330078","67.03083038330078","67.44833374023438","67.44833374023438","67.44833374023438"
"7039","68.53250122070312","68.07749938964844","68.98750305175781","","","","","","","","","","","","","","","","","","","","",""
"7040","69.41999816894531","69.41999816894531","69.41999816894531","","","","","","","","","","","","","","","","","","","","",""
"7041","","","","","","","","","","","","","65.2699966430664","65.2699966430664","65.2699966430664","","","","","","","","",""
"7112","","","","","","","64.12333679199219","64.12333679199219","64.12333679199219","63.8033332824707","63.8033332824707","63.8033332824707","","","","","","","","","","","",""
"7113","","","","","","","","","","","","","","","","69.04750061035156","69.04750061035156","69.04750061035156","67.42666625976562","67.42666625976562","67.42666625976562","67.95417022705078","67.95417022705078","67.95417022705078"
"7236","68.95791625976562","68.02083587646484","69.8949966430664","","","","","","","","","","","","","","","","","","","","",""
"7237","69.07166290283203","69.07166290283203","69.07166290283203","","","","","","","","","","","","","","","","","","","","",""
"7243","","","","","","","","","","","","","64.38666534423828","64.38666534423828","64.38666534423828","","","","","","","","",""
"7249","","","","","","","64.56583404541016","64.56583404541016","64.56583404541016","63.999168395996094","63.999168395996094","63.999168395996094","","","","","","","","","","","",""
"7250","","","","","","","","","","","","","","","","67.80583190917969","67.80583190917969","67.80583190917969","68.26750183105469","68.26750183105469","68.26750183105469","68.336669921875","68.336669921875","68.336669921875"
"7368","69.1662483215332","69.01499938964844","69.31749725341797","","","","","","","","","","","","","","","","","","","","",""
"7369","70.13333129882812","70.13333129882812","70.13333129882812","","","","","","","","","","","","","","","","","","","","",""
"7380","","","","","","","","","","","","","64.39666748046875","64.39666748046875","64.39666748046875","","","","","","","","",""
"7451","","","","","","","64.15750122070312","64.15750122070312","64.15750122070312","64.7074966430664","64.7074966430664","64.7074966430664","","","","","","","","","","","",""
"7452","","","","","","","","","","","","","","","","68.37249755859375","68.37249755859375","68.37249755859375","67.038330078125","67.038330078125","67.038330078125","67.13749694824219","67.13749694824219","67.13749694824219"
"7565","69.33625030517578","69.211669921875","69.46083068847656","","","","","","","","","","","","","","","","","","","","",""
"7566","70.21833038330078","70.21833038330078","70.21833038330078","","","","","","","","","","","","","","","","","","","","",""
"7582","","","","","","","","","","","","","64.94833374023438","64.94833374023438","64.94833374023438","","","","","","","","",""
"7588","","","","","","","64.25416564941406","64.25416564941406","64.25416564941406","64.77666473388672","64.77666473388672","64.77666473388672","","","","","","","","","","","",""
"7589","","","","","","","","","","","","","","","","68.68333435058594","68.68333435058594","68.68333435058594","67.88249969482422","67.88249969482422","67.88249969482422","68.1058349609375","68.1058349609375","68.1058349609375"
"7697","69.49916458129883","69.47166442871094","69.52666473388672","","","","","","","","","","","","","","","","","","","","",""
"7698","71.06916809082031","71.06916809082031","71.06916809082031","","","","","","","","","","","","","","","","","","","","",""
"7719","","","","","","","","","","","","","64.98583221435547","64.98583221435547","64.98583221435547","","","","","","","","",""
"7790","","","","","","","63.630001068115234","63.630001068115234","63.630001068115234","64.60333251953125","64.60333251953125","64.60333251953125","","","","","","","","","","","",""
"7791","","","","","","","","","","","","","","","","69.43583679199219","69.43583679199219","69.43583679199219","67.22250366210938","67.22250366210938","67.22250366210938","67.41416931152344","67.41416931152344","67.41416931152344"
"7894","69.42000198364258","69.30333709716797","69.53666687011719","","","","","","","","","","","","","","","","","","","","",""
"7895","70.27166748046875","70.27166748046875","70.27166748046875","","","","","","","","","","","","","","","","","","","","",""
"7921","","","","","","","","","","","","","64.59333038330078","64.59333038330078","64.59333038330078","","","","","","","","",""
"7927","","","","","","","65.1258316040039","65.1258316040039","65.1258316040039","64.225830078125","64.225830078125","64.225830078125","","","","","","","","","","","",""
"7928","","","","","","","","","","","","","","","","69.82166290283203","69.82166290283203","69.82166290283203","67.5058364868164","67.5058364868164","67.5058364868164","66.83999633789062","66.83999633789062","66.83999633789062"
"8026","68.6087532043457","68.4433364868164","68.774169921875","","","","","","","","","","","","","","","","","","","","",""
"8027","69.87666320800781","69.87666320800781","69.87666320800781","","","","","","","","","","","","","","","","","","","","",""
"8058","","","","","","","","","","","","","64.95333099365234","64.95333099365234","64.95333099365234","","","","","","","","",""
"8129","","","","","","","63.8033332824707","63.8033332824707","63.8033332824707","63.95500183105469","63.95500183105469","63.95500183105469","","","","","","","","","","","",""
"8130","","","","","","","","","","","","","","","","69.73999786376953","69.73999786376953","69.73999786376953","68.97666931152344","68.97666931152344","68.97666931152344","68.21666717529297","68.21666717529297","68.21666717529297"
"8223","69.47333145141602","68.74749755859375","70.19916534423828","","","","","","","","","","","","","","","","","","","","",""
"8224","69.46666717529297","69.46666717529297","69.46666717529297","","","","","","","","","","","","","","","","","","","","",""
"8260","","","","","","","","","","","","","64.85832977294922","64.85832977294922","64.85832977294922","","","","","","","","",""
"8266","","","","","","","63.80583190917969","63.80583190917969","63.80583190917969","","","","","","","","","","","","","","",""
"8267","","","","","","","","","","","","","","","","69.48332977294922","69.48332977294922","69.48332977294922","68.9183349609375","68.9183349609375","68.9183349609375","68.26667022705078","68.26667022705078","68.26667022705078"
"8355","69.57250213623047","69.40750122070312","69.73750305175781","","","","","","","","","","","","","","","","","","","","",""
"8356","70.07666778564453","70.07666778564453","70.07666778564453","","","","","","","","","","","","","","","","","","","","",""
"8397","","","","","","","","","","","","","63.768333435058594","63.768333435058594","63.768333435058594","","","","","","","","",""
"8468","","","","","","","64.09583282470703","64.09583282470703","64.09583282470703","","","","","","","","","","","","","","",""
"8469","","","","","","","","","","","","","","","","69.06083679199219","69.06083679199219","69.06083679199219","67.46416473388672","67.46416473388672","67.46416473388672","66.89250183105469","66.89250183105469","66.89250183105469"
"8552","69.5533332824707","68.45916748046875","70.64749908447266","","","","","","","","","","","","","","","","","","","","",""
"8553","70.40249633789062","70.40249633789062","70.40249633789062","","","","","","","","","","","","","","","","","","","","",""
"8599","","","","","","","","","","","","","64.02666473388672","64.02666473388672","64.02666473388672","","","","","","","","",""
"8605","","","","","","","64.65750122070312","64.65750122070312","64.65750122070312","","","","","","","","","","","","","","",""
"8606","","","","","","","","","","","","","","","","69.26249694824219","69.26249694824219","69.26249694824219","68.73583221435547","68.73583221435547","68.73583221435547","68.27916717529297","68.27916717529297","68.27916717529297"
"8684","69.95333099365234","69.11166381835938","70.79499816894531","","","","","","","","","","","","","","","","","","","","",""
"8685","70.96416473388672","70.96416473388672","70.96416473388672","","","","","","","","","","","","","","","","","","","","",""
"8736","","","","","","","","","","","","","64.14749908447266","64.14749908447266","64.14749908447266","","","","","","","","",""
"8807","","","","","","","64.15833282470703","64.15833282470703","64.15833282470703","","","","","","","","","","","","","","",""
"8808","","","","","","","","","","","","","","","","70.399169921875","70.399169921875","70.399169921875","68.81749725341797","68.81749725341797","68.81749725341797","68.19166564941406","68.19166564941406","68.19166564941406"
"8881","69.57583618164062","69.0425033569336","70.10916900634766","","","","","","","","","","","","","","","","","","","","",""
"8882","70.92250061035156","70.92250061035156","70.92250061035156","","","","","","","","","","","","","","","","","","","","",""
"8944","","","","","","","63.57500076293945","63.57500076293945","63.57500076293945","","","","","","","","","","","","","","",""
"8945","","","","","","","","","","","","","","","","69.82416534423828","69.82416534423828","69.82416534423828","67.97416687011719","67.97416687011719","67.97416687011719","68.30916595458984","68.30916595458984","68.30916595458984"
"9013","69.9275016784668","69.31083679199219","70.5441665649414","","","","","","","","","","","","","","","","","","","","",""
"9014","70.94083404541016","70.94083404541016","70.94083404541016","","","","","","","","","","","","","","","","","","","","",""
"9146","","","","","","","63.93083190917969","63.93083190917969","63.93083190917969","","","","","","","","","","","","","","",""
"9147","","","","","","","","","","","","","","","","70.27999877929688","70.27999877929688","70.27999877929688","68.75916290283203","68.75916290283203","68.75916290283203","67.3933334350586","67.3933334350586","67.3933334350586"
"9210","69.77291870117188","69.20500183105469","70.34083557128906","","","","","","","","","","","","","","","","","","","","",""
"9211","71.23416900634766","71.23416900634766","71.23416900634766","","","","","","","","","","","","","","","","","","","","",""
"9283","","","","","","","63.93083190917969","63.93083190917969","63.93083190917969","","","","","","","","","","","","","","",""
"9284","","","","","","","","","","","","","","","","70.54582977294922","70.54582977294922","70.54582977294922","69.40833282470703","69.40833282470703","69.40833282470703","68.48833465576172","68.48833465576172","68.48833465576172"
"9342","70.3941650390625","69.63583374023438","71.15249633789062","","","","","","","","","","","","","","","","","","","","",""
"9343","71.42166900634766","71.42166900634766","71.42166900634766","","","","","","","","","","","","","","","","","","","","",""
"9485","","","","","","","64.24500274658203","64.24500274658203","64.24500274658203","","","","","","","","","","","","","","",""
"9486","","","","","","","","","","","","","","","","70.6675033569336","70.6675033569336","70.6675033569336","69.45166778564453","69.45166778564453","69.45166778564453","68.51166534423828","68.51166534423828","68.51166534423828"
"9539","69.9091682434082","68.8933334350586","70.92500305175781","","","","","","","","","","","","","","","","","","","","",""
"9540","70.30750274658203","70.30750274658203","70.30750274658203","","","","","","","","","","","","","","","","","","","","",""
"9622","","","","","","","64.14666748046875","64.14666748046875","64.14666748046875","","","","","","","","","","","","","","",""
"9623","","","","","","","","","","","","","","","","70.05416870117188","70.05416870117188","70.05416870117188","69.96499633789062","69.96499633789062","69.96499633789062","69.20249938964844","69.20249938964844","69.20249938964844"
"9671","70.02041625976562","69.86083221435547","70.18000030517578","","","","","","","","","","","","","","","","","","","","",""
"9672","71.27666473388672","71.27666473388672","71.27666473388672","","","","","","","","","","","","","","","","","","","","",""
"9824","","","","","","","64.33416748046875","64.33416748046875","64.33416748046875","","","","","","","","","","","","","","",""
"9825","","","","","","","","","","","","","","","","71.40083312988281","71.40083312988281","71.40083312988281","69.71583557128906","69.71583557128906","69.71583557128906","68.2925033569336","68.2925033569336","68.2925033569336"
"9868","69.69083404541016","69.68000030517578","69.70166778564453","","","","","","","","","","","","","","","","","","","","",""
"9869","70.4749984741211","70.4749984741211","70.4749984741211","","","","","","","","","","","","","","","","","","","","",""
"9961","","","","","","","63.95833206176758","63.95833206176758","63.95833206176758","","","","","","","","","","","","","","",""
"9962","","","","","","","","","","","","","","","","70.13999938964844","70.13999938964844","70.13999938964844","69.22250366210938","69.22250366210938","69.22250366210938","68.8316650390625","68.8316650390625","68.8316650390625"
"10000","69.60333633422852","69.58333587646484","69.62333679199219","","","","","","","","","","","","","","","","","","","","",""
"10001","71.58416748046875","71.58416748046875","71.58416748046875","","","","","","","","","","","","","","","","","","","","",""
"10163","","","","","","","64.25666809082031","64.25666809082031","64.25666809082031","","","","","","","","","","","","","","",""
"10164","","","","","","","","","","","","","","","","69.61166381835938","69.61166381835938","69.61166381835938","68.88999938964844","68.88999938964844","68.88999938964844","68.33000183105469","68.33000183105469","68.33000183105469"
"10197","69.94624710083008","69.48332977294922","70.40916442871094","","","","","","","","","","","","","","","","","","","","",""
"10198","71.1500015258789","71.1500015258789","71.1500015258789","","","","","","","","","","","","","","","","","","","","",""
"10301","","","","","","","","","","","","","","","","71.10749816894531","71.10749816894531","71.10749816894531","69.20333099365234","69.20333099365234","69.20333099365234","69.00499725341797","69.00499725341797","69.00499725341797"
"10329","69.54750061035156","69.07833099365234","70.01667022705078","","","","","","","","","","","","","","","","","","","","",""
"10330","71.59750366210938","71.59750366210938","71.59750366210938","","","","","","","","","","","","","","","","","","","","",""
"10503","","","","","","","","","","","","","","","","69.88833618164062","69.88833618164062","69.88833618164062","","","","","",""
"10526","70.10124969482422","69.26499938964844","70.9375","","","","","","","","","","","","","","","","","","","","",""
"10527","71.85250091552734","71.85250091552734","71.85250091552734","","","","","","","","","","","","","","","","","","","","",""
"10571","","","","","","","","","","","","","","","","","","","68.74083709716797","68.74083709716797","68.74083709716797","","",""
"10640","","","","","","","","","","","","","","","","69.90583038330078","69.90583038330078","69.90583038330078","","","","","",""
"10658","69.94124984741211","69.32833099365234","70.55416870117188","","","","","","","","","","","","","","","","","","","","",""
"10659","70.75499725341797","70.75499725341797","70.75499725341797","","","","","","","","","","","","","","","","","","","","",""
"10698","","","","","","","","","","","","","","","","","","","","","","67.52833557128906","67.52833557128906","67.52833557128906"
"10773","","","","","","","","","","","","","","","","","","","69.4574966430664","69.4574966430664","69.4574966430664","","",""
"10835","","","","","","","","","","","","","","","","","","","","","","69.4191665649414","69.4191665649414","69.4191665649414"
"10842","","","","","","","","","","","","","","","","70.42416381835938","70.42416381835938","70.42416381835938","","","","","",""
"10855","69.87666702270508","68.61083221435547","71.14250183105469","","","","","","","","","","","","","","","","","","","","",""
"10856","70.99500274658203","70.99500274658203","70.99500274658203","","","","","","","","","","","","","","","","","","","","",""
"10910","","","","","","","","","","","","","","","","","","","69.8116683959961","69.8116683959961","69.8116683959961","","",""
"10987","69.97000122070312","69.3116683959961","70.62833404541016","","","","","","","","","","","","","","","","","","","","",""
"10988","70.81916809082031","70.81916809082031","70.81916809082031","","","","","","","","","","","","","","","","","","","","",""
"11037","","","","","","","","","","","","","","","","","","","","","","68.7249984741211","68.7249984741211","68.7249984741211"
"11045","","","","","","","","","","","","","","","","69.48833465576172","69.48833465576172","69.48833465576172","","","","","",""
"11112","","","","","","","","","","","","","","","","","","","69.83416748046875","69.83416748046875","69.83416748046875","","",""
"11174","","","","","","","","","","","","","","","","","","","","","","69.46583557128906","69.46583557128906","69.46583557128906"
"11182","","","","","","","","","","","","","","","","69.80750274658203","69.80750274658203","69.80750274658203","","","","","",""
"11184","70.10499954223633","69.43333435058594","70.77666473388672","","","","","","","","","","","","","","","","","","","","",""
"11185","71.46916961669922","71.46916961669922","71.46916961669922","","","","","","","","","","","","","","","","","","","","",""
"11249","","","","","","","","","","","","","","","","","","","70.31749725341797","70.31749725341797","70.31749725341797","","",""
"11316","70.24708557128906","69.34416961669922","71.1500015258789","","","","","","","","","","","","","","","","","","","","",""
"11317","70.71499633789062","70.71499633789062","70.71499633789062","","","","","","","","","","","","","","","","","","","","",""
"11376","","","","","","","","","","","","","","","","","","","","","","69.350830078125","69.350830078125","69.350830078125"
"11384","","","","","","","","","","","","","","","","70.15166473388672","70.15166473388672","70.15166473388672","","","","","",""
"11451","","","","","","","","","","","","","","","","","","","69.34500122070312","69.34500122070312","69.34500122070312","","",""
"11513","69.98416900634766","69.0250015258789","70.9433364868164","","","","","","","","","","","","","","","","","","","69.70500183105469","69.70500183105469","69.70500183105469"
"11514","71.33833312988281","71.33833312988281","71.33833312988281","","","","","","","","","","","","","","","","","","","","",""
"11521","","","","","","","","","","","","","","","","70.7316665649414","70.7316665649414","70.7316665649414","","","","","",""
"11588","","","","","","","","","","","","","","","","","","","70.33833312988281","70.33833312988281","70.33833312988281","","",""
"11645","69.88999938964844","69.06500244140625","70.71499633789062","","","","","","","","","","","","","","","","","","","","",""
"11646","71.19499969482422","71.19499969482422","71.19499969482422","","","","","","","","","","","","","","","","","","","","",""
"11715","","","","","","","","","","","","","","","","","","","","","","69.46083068847656","69.46083068847656","69.46083068847656"
"11723","","","","","","","","","","","","","","","","71.69000244140625","71.69000244140625","71.69000244140625","","","","","",""
"11725","","","","","","","","","","","","","","","","","","","70.20166778564453","70.20166778564453","70.20166778564453","","",""
"11732","","","","","","","","","","","","","","","","","","","70.20166778564453","70.20166778564453","70.20166778564453","","",""
"11842","69.93458557128906","69.23416900634766","70.63500213623047","","","","","","","","","","","","","","","","","","","","",""
"11843","71.25416564941406","71.25416564941406","71.25416564941406","","","","","","","","","","","","","","","","","","","","",""
"11852","","","","","","","","","","","","","","","","","","","","","","69.15499877929688","69.15499877929688","69.15499877929688"
"11863","","","","","","","","","","","","","","","","","","","68.4124984741211","68.4124984741211","68.4124984741211","","",""
"11870","","","","","","","","","","","","","","","","","","","68.4124984741211","68.4124984741211","68.4124984741211","","",""
"11926","","","","","","","","","","","","","","","","69.84583282470703","69.84583282470703","69.84583282470703","","","","","",""
"11974","69.94291687011719","69.26333618164062","70.62249755859375","","","","","","","","","","","","","","","","","","","","",""
"11975","71.14749908447266","71.14749908447266","71.14749908447266","","","","","","","","","","","","","","","","","","","","",""
"12054","","","","","","","","","","","","","","","","","","","","","","69.38583374023438","69.38583374023438","69.38583374023438"
"12066","","","","","","","","","","","","","","","","","","","68.875","68.875","68.875","","",""
"12129","","","","","","","","","","","","","","","","68.83833312988281","68.83833312988281","68.83833312988281","","","","","",""
"12171","70.23875045776367","69.59916687011719","70.87833404541016","","","","","","","","","","","","","","","","","","","","",""
"12172","71.30999755859375","71.30999755859375","71.30999755859375","","","","","","","","","","","","","","","","","","","","",""
"12191","","","","","","","","","","","","","","","","","","","","","","69.94999694824219","69.94999694824219","69.94999694824219"
"12198","","","","","","","","","","","","","","","","","","","","","","69.62750244140625","69.62750244140625","69.62750244140625"
"12203","","","","","","","","","","","","","","","","","","","69.9558334350586","69.9558334350586","69.9558334350586","","",""
"12205","","","","","","","","","","","","","","","","","","","","","","69.62750244140625","69.62750244140625","69.62750244140625"
"12267","","","","","","","","","","","","","","","","70.45083618164062","70.45083618164062","70.45083618164062","","","","","",""
"12271","","","","","","","","","","","","","","","","","","","","","","69.42082977294922","69.42082977294922","69.42082977294922"
"12303","70.00749969482422","69.92416381835938","70.09083557128906","","","","","","","","","","","","","","","","","","","","",""
"12304","71.5999984741211","71.5999984741211","71.5999984741211","","","","","","","","","","","","","","","","","","","","",""
"12405","","","","","","","","","","","","","","","","","","","70.0433349609375","70.0433349609375","70.0433349609375","","",""
"12469","","","","","","","","","","","","","","","","70.84416961669922","70.84416961669922","70.84416961669922","","","","","",""
"12473","","","","","","","","","","","","","","","","","","","","","","69.55583190917969","69.55583190917969","69.55583190917969"
"12500","70.38000106811523","69.40499877929688","71.3550033569336","","","","","","","","","","","","","","","","","","","","",""
"12501","71.84750366210938","71.84750366210938","71.84750366210938","","","","","","","","","","","","","","","","","","","","",""
"12542","","","","","","","","","","","","","","","","","","","70.08499908447266","70.08499908447266","70.08499908447266","","",""
"12606","","","","","","","","","","","","","","","","71.23416900634766","71.23416900634766","71.23416900634766","","","","","",""
"12610","","","","","","","","","","","","","","","","","","","","","","69.14167022705078","69.14167022705078","69.14167022705078"
"12632","70.4404182434082","69.69499969482422","71.18583679199219","","","","","","","","","","","","","","","","","","","","",""
"12633","71.67082977294922","71.67082977294922","71.67082977294922","","","","","","","","","","","","","","","","","","","","",""
"12744","","","","","","","","","","","","","","","","","","","70.70083618164062","70.70083618164062","70.70083618164062","","",""
"12808","","","","","","","","","","","","","","","","70.8558349609375","70.8558349609375","70.8558349609375","","","","","",""
"12812","","","","","","","","","","","","","","","","","","","","","","69.58999633789062","69.58999633789062","69.58999633789062"
"12829","70.2058334350586","69.51000213623047","70.90166473388672","","","","","","","","","","","","","","","","","","","","",""
"12830","71.46499633789062","71.46499633789062","71.46499633789062","","","","","","","","","","","","","","","","","","","","",""
"12881","","","","","","","","","","","","","","","","","","","69.91666412353516","69.91666412353516","69.91666412353516","","",""
"12945","","","","","","","","","","","","","","","","71.32250213623047","71.32250213623047","71.32250213623047","","","","","",""
"12949","","","","","","","","","","","","","","","","","","","","","","69.71499633789062","69.71499633789062","69.71499633789062"
"12961","70.18958282470703","69.20999908447266","71.1691665649414","","","","","","","","","","","","","","","","","","","","",""
"12962","71.3375015258789","71.3375015258789","71.3375015258789","","","","","","","","","","","","","","","","","","","","",""
"13083","","","","","","","","","","","","","","","","","","","69.89167022705078","69.89167022705078","69.89167022705078","","",""
"13147","","","","","","","","","","","","","","","","70.46499633789062","70.46499633789062","70.46499633789062","","","","","",""
"13151","","","","","","","","","","","","","","","","","","","","","","70.04000091552734","70.04000091552734","70.04000091552734"
"13158","70.50249862670898","69.37916564941406","71.6258316040039","","","","","","","","","","","","","","","","","","","","",""
"13159","71.44416809082031","71.44416809082031","71.44416809082031","","","","","","","","","","","","","","","","","","","","",""
"13220","","","","","","","","","","","","","","","","","","","70.46833038330078","70.46833038330078","70.46833038330078","","",""
"13284","","","","","","","","","","","","","","","","71.23500061035156","71.23500061035156","71.23500061035156","","","","","",""
"13288","","","","","","","","","","","","","","","","","","","","","","69.79666900634766","69.79666900634766","69.79666900634766"
"13290","70.14541625976562","69.51166534423828","70.77916717529297","","","","","","","","","","","","","","","","","","","","",""
"13291","71.70333099365234","71.70333099365234","71.70333099365234","","","","","","","","","","","","","","","","","","","","",""
"13422","","","","","","","","","","","","","","","","","","","70.88916778564453","70.88916778564453","70.88916778564453","","",""
"13486","","","","","","","","","","","","","","","","71.30249786376953","71.30249786376953","71.30249786376953","","","","","",""
"13487","70.17791748046875","69.80583190917969","70.55000305175781","","","","","","","","","","","","","","","","","","","","",""
"13488","71.76583099365234","71.76583099365234","71.76583099365234","","","","","","","","","","","","","","","","","","","","",""
"13490","","","","","","","","","","","","","","","","","","","","","","70.53083038330078","70.53083038330078","70.53083038330078"
"13559","","","","","","","","","","","","","","","","","","","70.33833312988281","70.33833312988281","70.33833312988281","","",""
"13619","70.58124923706055","69.7508316040039","71.41166687011719","","","","","","","","","","","","","","","","","","","","",""
"13620","71.54083251953125","71.54083251953125","71.54083251953125","","","","","","","","","","","","","","","","","","","","",""
"13623","","","","","","","","","","","","","","","","71.36000061035156","71.36000061035156","71.36000061035156","","","","","",""
"13627","","","","","","","","","","","","","","","","","","","","","","70.1241683959961","70.1241683959961","70.1241683959961"
"13761","","","","","","","","","","","","","","","","","","","70.30333709716797","70.30333709716797","70.30333709716797","","",""
"13816","69.98041915893555","69.19416809082031","70.76667022705078","","","","","","","","","","","","","","","","","","","","",""
"13817","71.50416564941406","71.50416564941406","71.50416564941406","","","","","","","","","","","","","","","","","","","","",""
"13825","","","","","","","","","","","","","","","","71.85333251953125","71.85333251953125","71.85333251953125","","","","","",""
"13829","","","","","","","","","","","","","","","","","","","","","","70.25333404541016","70.25333404541016","70.25333404541016"
"13898","","","","","","","","","","","","","","","","","","","71.06083679199219","71.06083679199219","71.06083679199219","","",""
"13948","70.24166870117188","69.66000366210938","70.82333374023438","","","","","","","","","","","","","","","","","","","","",""
"13949","71.70166778564453","71.70166778564453","71.70166778564453","","","","","","","","","","","","","","","","","","","","",""
"13962","","","","","","","","","","","","","","","","71.1675033569336","71.1675033569336","71.1675033569336","","","","","",""
"13966","","","","","","","","","","","","","","","","","","","","","","70.2699966430664","70.2699966430664","70.2699966430664"
"14100","","","","","","","","","","","","","","","","","","","70.82416534423828","70.82416534423828","70.82416534423828","","",""
"14145","70.37125015258789","69.78666687011719","70.9558334350586","","","","","","","","","","","","","","","","","","","","",""
"14146","71.13833618164062","71.13833618164062","71.13833618164062","","","","","","","","","","","","","","","","","","","","",""
"14164","","","","","","","","","","","","","","","","71.03083038330078","71.03083038330078","71.03083038330078","","","","","",""
"14168","","","","","","","","","","","","","","","","","","","","","","70.37999725341797","70.37999725341797","70.37999725341797"
"14237","","","","","","","","","","","","","","","","","","","71.71083068847656","71.71083068847656","71.71083068847656","","",""
"14277","70.3779182434082","69.29000091552734","71.46583557128906","","","","","","","","","","","","","","","","","","","","",""
"14278","71.14167022705078","71.14167022705078","71.14167022705078","","","","","","","","","","","","","","","","","","","","",""
"14301","","","","","","","","","","","","","","","","71.40249633789062","71.40249633789062","71.40249633789062","","","","","",""
"14305","","","","","","","","","","","","","","","","","","","","","","70.67082977294922","70.67082977294922","70.67082977294922"
"14439","","","","","","","","","","","","","","","","","","","70.73833465576172","70.73833465576172","70.73833465576172","","",""
"14474","70.77583312988281","69.69916534423828","71.85250091552734","","","","","","","","","","","","","","","","","","","","",""
"14475","71.77749633789062","71.77749633789062","71.77749633789062","","","","","","","","","","","","","","","","","","","","",""
"14503","","","","","","","","","","","","","","","","71.5683364868164","71.5683364868164","71.5683364868164","","","","","",""
"14507","","","","","","","","","","","","","","","","","","","","","","70.38749694824219","70.38749694824219","70.38749694824219"
"14576","","","","","","","","","","","","","","","","","","","71.6683349609375","71.6683349609375","71.6683349609375","","",""
"14606","70.77666854858398","70.2925033569336","71.26083374023438","","","","","","","","","","","","","","","","","","","","",""
"14607","72.04666900634766","72.04666900634766","72.04666900634766","","","","","","","","","","","","","","","","","","","","",""
"14640","","","","","","","","","","","","","","","","71.83499908447266","71.83499908447266","71.83499908447266","","","","","",""
"14644","","","","","","","","","","","","","","","","","","","","","","70.22000122070312","70.22000122070312","70.22000122070312"
"14778","","","","","","","","","","","","","","","","","","","71.1683349609375","71.1683349609375","71.1683349609375","","",""
"14803","70.37916946411133","69.34083557128906","71.4175033569336","","","","","","","","","","","","","","","","","","","","",""
"14804","72.18583679199219","72.18583679199219","72.18583679199219","","","","","","","","","","","","","","","","","","","","",""
"14842","","","","","","","","","","","","","","","","71.47916412353516","71.47916412353516","71.47916412353516","","","","","",""
"14846","","","","","","","","","","","","","","","","","","","","","","70.14250183105469","70.14250183105469","70.14250183105469"
"14915","","","","","","","","","","","","","","","","","","","71.3758316040039","71.3758316040039","71.3758316040039","","",""
"14935","70.27083587646484","69.23416900634766","71.30750274658203","","","","","","","","","","","","","","","","","","","","",""
"14936","72.27833557128906","72.27833557128906","72.27833557128906","","","","","","","","","","","","","","","","","","","","",""
"14979","","","","","","","","","","","","","","","","70.91000366210938","70.91000366210938","70.91000366210938","","","","","",""
"14983","","","","","","","","","","","","","","","","","","","","","","70.90583038330078","70.90583038330078","70.90583038330078"
"15117","","","","","","","","","","","","","","","","","","","71.56999969482422","71.56999969482422","71.56999969482422","","",""
"15132","71.03458404541016","70.62166595458984","71.44750213623047","","","","","","","","","","","","","","","","","","","","",""
"15133","71.51083374023438","71.51083374023438","71.51083374023438","","","","","","","","","","","","","","","","","","","","",""
"15181","","","","","","","","","","","","","","","","71.73416900634766","71.73416900634766","71.73416900634766","","","","","",""
"15185","","","","","","","","","","","","","","","","","","","","","","71.04000091552734","71.04000091552734","71.04000091552734"
"15192","","","","","","","","","","","","","","","","","","","","","","71.04000091552734","71.04000091552734","71.04000091552734"
"15254","","","","","","","","","","","","","","","","","","","71.5433349609375","71.5433349609375","71.5433349609375","","",""
"15264","71.05458450317383","69.69416809082031","72.41500091552734","","","","","","","","","","","","","","","","","","","","",""
"15265","72.00416564941406","72.00416564941406","72.00416564941406","","","","","","","","","","","","","","","","","","","","",""
"15318","","","","","","","","","","","","","","","","72.15333557128906","72.15333557128906","72.15333557128906","","","","","",""
"15388","","","","","","","","","","","","","","","","","","","","","","70.92333221435547","70.92333221435547","70.92333221435547"
"15456","","","","","","","","","","","","","","","","","","","71.48249816894531","71.48249816894531","71.48249816894531","","",""
"15461","70.26250076293945","69.0875015258789","71.4375","","","","","","","","","","","","","","","","","","","","",""
"15462","72.54750061035156","72.54750061035156","72.54750061035156","","","","","","","","","","","","","","","","","","","","",""
"15463","","","","","","","","","","","","","","","","","","","71.48249816894531","71.48249816894531","71.48249816894531","","",""
"15520","","","","","","","","","","","","","","","","71.67333221435547","71.67333221435547","71.67333221435547","","","","","",""
"15525","","","","","","","","","","","","","","","","","","","","","","71.63583374023438","71.63583374023438","71.63583374023438"
"15529","","","","","","","","","","","","","","","","","","","66.94833374023438","66.94833374023438","66.94833374023438","","",""
"15593","70.13458251953125","69.28666687011719","70.98249816894531","","","","","","","","","","","","","","","","","","","","",""
"15594","71.86666870117188","71.86666870117188","71.86666870117188","","","","","","","","","","","","","","","","","","","","",""
"15657","","","","","","","","","","","","","","","","71.94166564941406","71.94166564941406","71.94166564941406","","","","","",""
"15666","","","","","","","","","","","","","","","","","","","70.53416442871094","70.53416442871094","70.53416442871094","","",""
"15727","","","","","","","","","","","","","","","","","","","","","","71.1500015258789","71.1500015258789","71.1500015258789"
"15790","70.475830078125","69.975830078125","70.975830078125","","","","","","","","","","","","","","","","","","","","",""
"15791","71.55583190917969","71.55583190917969","71.55583190917969","","","","","","","","","","","","","","","","","","","","",""
"15859","","","","","","","","","","","","","","","","72.40083312988281","72.40083312988281","72.40083312988281","","","","","",""
"15864","","","","","","","","","","","","","","","","","","","","","","70.81749725341797","70.81749725341797","70.81749725341797"
"15868","","","","","","","","","","","","","","","","","","","70.3741683959961","70.3741683959961","70.3741683959961","","",""
"15922","70.52041625976562","69.24333190917969","71.79750061035156","","","","","","","","","","","","","","","","","","","","",""
"15923","72.6241683959961","72.6241683959961","72.6241683959961","","","","","","","","","","","","","","","","","","","","",""
"15925","72.6241683959961","72.6241683959961","72.6241683959961","","","","","","","","","","","","","","","","","","","","",""
"15996","","","","","","","","","","","","","","","","71.4941635131836","71.4941635131836","71.4941635131836","","","","","",""
"16005","","","","","","","","","","","","","","","","","","","71.225830078125","71.225830078125","71.225830078125","","",""
"16066","","","","","","","","","","","","","","","","","","","","","","70.8933334350586","70.8933334350586","70.8933334350586"
"16119","70.54375076293945","69.56083679199219","71.52666473388672","","","","","","","","","","","","","","","","","","","","",""
"16121","69.56083679199219","69.56083679199219","69.56083679199219","","","","","","","","","","","","","","","","","","","","",""
"16198","","","","","","","","","","","","","","","","71.91500091552734","71.91500091552734","71.91500091552734","","","","","",""
"16203","","","","","","","","","","","","","","","","","","","","","","71.07749938964844","71.07749938964844","71.07749938964844"
"16207","","","","","","","","","","","","","","","","","","","70.95833587646484","70.95833587646484","70.95833587646484","","",""
"16251","71.26083374023438","71.26083374023438","71.26083374023438","","","","","","","","","","","","","","","","","","","","",""
"16335","","","","","","","","","","","","","","","","72.48916625976562","72.48916625976562","72.48916625976562","","","","","",""
"16344","","","","","","","","","","","","","","","","","","","71.90416717529297","71.90416717529297","71.90416717529297","","",""
"16405","","","","","","","","","","","","","","","","","","","","","","70.82166290283203","70.82166290283203","70.82166290283203"
"16448","71.53666687011719","71.53666687011719","71.53666687011719","","","","","","","","","","","","","","","","","","","","",""
"16537","","","","","","","","","","","","","","","","71.95833587646484","71.95833587646484","71.95833587646484","","","","","",""
"16542","","","","","","","","","","","","","","","","","","","","","","70.92666625976562","70.92666625976562","70.92666625976562"
"16546","","","","","","","","","","","","","","","","","","","70.3499984741211","70.3499984741211","70.3499984741211","","",""
"16580","71.84249877929688","71.84249877929688","71.84249877929688","","","","","","","","","","","","","","","","","","","","",""
"16674","","","","","","","","","","","","","","","","72.17749786376953","72.17749786376953","72.17749786376953","","","","","",""
"16683","","","","","","","","","","","","","","","","","","","70.40583038330078","70.40583038330078","70.40583038330078","","",""
"16744","","","","","","","","","","","","","","","","","","","","","","71.07416534423828","71.07416534423828","71.07416534423828"
"16777","71.76499938964844","71.76499938964844","71.76499938964844","","","","","","","","","","","","","","","","","","","","",""
"16876","","","","","","","","","","","","","","","","71.65583038330078","71.65583038330078","71.65583038330078","","","","","",""
"16881","","","","","","","","","","","","","","","","","","","","","","69.83583068847656","69.83583068847656","69.83583068847656"
"16885","","","","","","","","","","","","","","","","","","","70.33583068847656","70.33583068847656","70.33583068847656","","",""
"16888","","","","","","","","","","","","","","","","","","","","","","69.83583068847656","69.83583068847656","69.83583068847656"
"16892","","","","","","","","","","","","","","","","","","","70.33583068847656","70.33583068847656","70.33583068847656","","",""
"16909","71.09083557128906","71.09083557128906","71.09083557128906","","","","","","","","","","","","","","","","","","","","",""
"17013","","","","","","","","","","","","","","","","71.78666687011719","71.78666687011719","71.78666687011719","","","","","",""
"17106","71.0999984741211","71.0999984741211","71.0999984741211","","","","","","","","","","","","","","","","","","","","",""
"17215","","","","","","","","","","","","","","","","71.6883316040039","71.6883316040039","71.6883316040039","","","","","",""
"17238","71.47416687011719","71.47416687011719","71.47416687011719","","","","","","","","","","","","","","","","","","","","",""
"17352","","","","","","","","","","","","","","","","71.1683349609375","71.1683349609375","71.1683349609375","","","","","",""
"17435","71.32083129882812","71.32083129882812","71.32083129882812","","","","","","","","","","","","","","","","","","","","",""
"17554","","","","","","","","","","","","","","","","72.24833679199219","72.24833679199219","72.24833679199219","","","","","",""
"17567","72.22666931152344","72.22666931152344","72.22666931152344","","","","","","","","","","","","","","","","","","","","",""
"17691","","","","","","","","","","","","","","","","72.33333587646484","72.33333587646484","72.33333587646484","","","","","",""
"17764","71.76583099365234","71.76583099365234","71.76583099365234","","","","","","","","","","","","","","","","","","","","",""
"17893","","","","","","","","","","","","","","","","72.42166900634766","72.42166900634766","72.42166900634766","","","","","",""
"17896","70.58999633789062","70.58999633789062","70.58999633789062","","","","","","","","","","","","","","","","","","","","",""
"18030","","","","","","","","","","","","","","","","72.55999755859375","72.55999755859375","72.55999755859375","","","","","",""
"18093","71.6500015258789","71.6500015258789","71.6500015258789","","","","","","","","","","","","","","","","","","","","",""
"18225","72.4808349609375","72.4808349609375","72.4808349609375","","","","","","","","","","","","","","","","","","","","",""
"18422","72.4808349609375","72.4808349609375","72.4808349609375","","","","","","","","","","","","","","","","","","","","",""
"18554","71.76249694824219","71.76249694824219","71.76249694824219","","","","","","","","","","","","","","","","","","","","",""
"18751","72.10416412353516","72.10416412353516","72.10416412353516","","","","","","","","","","","","","","","","","","","","",""
"18883","72.94000244140625","72.94000244140625","72.94000244140625","","","","","","","","","","","","","","","","","","","","",""
"19080","72.92916870117188","72.92916870117188","72.92916870117188","","","","","","","","","","","","","","","","","","","","",""
"19212","71.78083038330078","71.78083038330078","71.78083038330078","","","","","","","","","","","","","","","","","","","","",""
"19409","71.07333374023438","71.07333374023438","71.07333374023438","","","","","","","","","","","","","","","","","","","","",""
"19541","71.78416442871094","71.78416442871094","71.78416442871094","","","","","","","","","","","","","","","","","","","","",""
"19738","72.93083190917969","72.93083190917969","72.93083190917969","","","","","","","","","","","","","","","","","","","","",""
"19870","72.00916290283203","72.00916290283203","72.00916290283203","","","","","","","","","","","","","","","","","","","","",""
"20067","72.55083465576172","72.55083465576172","72.55083465576172","","","","","","","","","","","","","","","","","","","","",""
"20199","72.44833374023438","72.44833374023438","72.44833374023438","","","","","","","","","","","","","","","","","","","","",""
"20396","71.9366683959961","71.9366683959961","71.9366683959961","","","","","","","","","","","","","","","","","","","","",""
"20528","72.19833374023438","72.19833374023438","72.19833374023438","","","","","","","","","","","","","","","","","","","","",""
"20725","72.5374984741211","72.5374984741211","72.5374984741211","","","","","","","","","","","","","","","","","","","","",""
"20857","72.3066635131836","72.3066635131836","72.3066635131836","","","","","","","","","","","","","","","","","","","","",""
"21054","71.70249938964844","71.70249938964844","71.70249938964844","","","","","","","","","","","","","","","","","","","","",""
"21186","72.65166473388672","72.65166473388672","72.65166473388672","","","","","","","","","","","","","","","","","","","","",""
"21383","72.89083099365234","72.89083099365234","72.89083099365234","","","","","","","","","","","","","","","","","","","","",""
"21515","73.0058364868164","73.0058364868164","73.0058364868164","","","","","","","","","","","","","","","","","","","","",""
"21712","72.05166625976562","72.05166625976562","72.05166625976562","","","","","","","","","","","","","","","","","","","","",""
"21844","72.17833709716797","72.17833709716797","72.17833709716797","","","","","","","","","","","","","","","","","","","","",""
"22041","72.225830078125","72.225830078125","72.225830078125","","","","","","","","","","","","","","","","","","","","",""
"22173","72.80249786376953","72.80249786376953","72.80249786376953","","","","","","","","","","","","","","","","","","","","",""
"22370","72.56749725341797","72.56749725341797","72.56749725341797","","","","","","","","","","","","","","","","","","","","",""
"22502","71.81500244140625","71.81500244140625","71.81500244140625","","","","","","","","","","","","","","","","","","","","",""
"22699","72.0008316040039","72.0008316040039","72.0008316040039","","","","","","","","","","","","","","","","","","","","",""
"22831","72.4433364868164","72.4433364868164","72.4433364868164","","","","","","","","","","","","","","","","","","","","",""
"23028","71.99166870117188","71.99166870117188","71.99166870117188","","","","","","","","","","","","","","","","","","","","",""
"23160","72.38749694824219","72.38749694824219","72.38749694824219","","","","","","","","","","","","","","","","","","","","",""
"23357","72.6683349609375","72.6683349609375","72.6683349609375","","","","","","","","","","","","","","","","","","","","",""
"23489","72.78333282470703","72.78333282470703","72.78333282470703","","","","","","","","","","","","","","","","","","","","",""
"23686","71.38249969482422","71.38249969482422","71.38249969482422","","","","","","","","","","","","","","","","","","","","",""
"23818","72.86416625976562","72.86416625976562","72.86416625976562","","","","","","","","","","","","","","","","","","","","",""